INFO 2025-06-26 11:46:07,481 autoreload 26800 8124 Watching for file changes with StatReloader
INFO 2025-06-26 11:46:17,906 autoreload 26800 8124 C:\Users\rikes\ecommerce\ecommerce\settings\base.py changed, reloading.
INFO 2025-06-26 11:46:18,486 autoreload 25632 29336 Watching for file changes with StatReloader
INFO 2025-06-26 11:47:29,100 autoreload 34964 35560 Watching for file changes with StatReloader
INFO 2025-06-26 11:47:50,031 autoreload 25632 29336 C:\Users\rikes\ecommerce\ecommerce\settings\development.py changed, reloading.
INFO 2025-06-26 11:47:50,581 autoreload 34964 35560 C:\Users\rikes\ecommerce\ecommerce\settings\development.py changed, reloading.
INFO 2025-06-26 11:47:50,719 autoreload 22284 29764 Watching for file changes with StatReloader
INFO 2025-06-26 11:47:51,299 autoreload 32612 31884 Watching for file changes with StatReloader
INFO 2025-06-26 11:48:01,635 autoreload 22284 29764 C:\Users\rikes\ecommerce\ecommerce\settings\base.py changed, reloading.
INFO 2025-06-26 11:48:01,967 autoreload 32612 31884 C:\Users\rikes\ecommerce\ecommerce\settings\base.py changed, reloading.
INFO 2025-06-26 11:48:02,734 autoreload 11424 27568 Watching for file changes with StatReloader
INFO 2025-06-26 11:48:02,954 autoreload 16216 26660 Watching for file changes with StatReloader
INFO 2025-06-26 11:48:59,046 autoreload 11424 27568 C:\Users\rikes\ecommerce\ecommerce\settings\development.py changed, reloading.
INFO 2025-06-26 11:48:59,259 autoreload 16216 26660 C:\Users\rikes\ecommerce\ecommerce\settings\development.py changed, reloading.
INFO 2025-06-26 11:49:00,036 autoreload 29968 26220 Watching for file changes with StatReloader
INFO 2025-06-26 11:49:00,168 autoreload 30668 25200 Watching for file changes with StatReloader
INFO 2025-06-26 11:49:08,406 basehttp 29968 33164 "GET /?id=94fde36b-dbcb-4f9e-b366-af0421957ce3&vscodeBrowserReqId=1750934948315 HTTP/1.1" 200 47363
INFO 2025-06-26 11:49:24,683 basehttp 29968 33436 "GET / HTTP/1.1" 200 48222
INFO 2025-06-26 11:49:24,711 basehttp 29968 21692 "GET /static/js/riya-group-enhanced.js HTTP/1.1" 304 0
INFO 2025-06-26 11:49:24,726 basehttp 29968 33436 "GET /media/banners/133886706141016313.jpg HTTP/1.1" 304 0
INFO 2025-06-26 11:49:26,740 basehttp 29968 33436 "GET / HTTP/1.1" 200 48222
INFO 2025-06-26 11:50:08,173 basehttp 29968 33164 "GET /health/?id=94fde36b-dbcb-4f9e-b366-af0421957ce3&vscodeBrowserReqId=1750935008152 HTTP/1.1" 200 74
INFO 2025-06-26 11:50:32,731 basehttp 29968 33436 "GET /health/ HTTP/1.1" 200 74
INFO 2025-06-26 11:51:24,327 basehttp 29968 33436 "GET /products/product/4/ HTTP/1.1" 302 0
INFO 2025-06-26 11:51:24,374 basehttp 29968 33436 "GET /products/ HTTP/1.1" 200 43425
INFO 2025-06-26 11:51:24,444 basehttp 29968 33436 "GET /media/product_images/133941915096699689.jpg HTTP/1.1" 304 0
INFO 2025-06-26 11:51:29,670 basehttp 29968 33436 "POST /cart/add/7/ HTTP/1.1" 200 89
INFO 2025-06-26 11:51:33,041 basehttp 29968 33436 "GET /cart/ HTTP/1.1" 200 37174
INFO 2025-06-26 11:51:37,321 basehttp 29968 33436 "GET /orders/checkout/ HTTP/1.1" 200 40101
INFO 2025-06-26 11:51:53,135 basehttp 29968 33436 "GET /orders/checkout/?csrfmiddlewaretoken=Y2DxHEFpwy7SXX2yqUlq94shJaGbaobTVVlAcokS17pQnfVl1oZSN0G6hPHBJL90&first_name=Yogendra&last_name=Rai&email=rikesh%40example.com&address=13+Lovel+Avenue&city=London&state=Greater+London&zip_code=DA16+3JQ HTTP/1.1" 200 40599
INFO 2025-06-26 11:51:53,169 basehttp 29968 33436 "GET /static/js/riya-group-enhanced.js HTTP/1.1" 304 0
INFO 2025-06-26 11:52:52,240 basehttp 29968 33164 "GET /?id=94fde36b-dbcb-4f9e-b366-af0421957ce3&vscodeBrowserReqId=1750935172215 HTTP/1.1" 200 47363
INFO 2025-06-26 11:59:26,470 autoreload 29968 26220 C:\Users\rikes\ecommerce\products\urls.py changed, reloading.
INFO 2025-06-26 11:59:26,482 autoreload 30668 25200 C:\Users\rikes\ecommerce\products\urls.py changed, reloading.
INFO 2025-06-26 11:59:28,486 autoreload 34452 29184 Watching for file changes with StatReloader
INFO 2025-06-26 11:59:28,489 autoreload 21136 22988 Watching for file changes with StatReloader
INFO 2025-06-26 12:00:22,000 autoreload 34452 29184 C:\Users\rikes\ecommerce\products\views.py changed, reloading.
INFO 2025-06-26 12:00:22,995 autoreload 21136 22988 C:\Users\rikes\ecommerce\products\views.py changed, reloading.
INFO 2025-06-26 12:00:23,513 autoreload 27728 35288 Watching for file changes with StatReloader
INFO 2025-06-26 12:00:24,463 autoreload 35608 30508 Watching for file changes with StatReloader
INFO 2025-06-26 12:12:22,881 autoreload 34172 11320 Watching for file changes with StatReloader
ERROR 2025-06-26 12:14:02,882 log 27728 31508 Internal Server Error: /
Traceback (most recent call last):
  File "C:\Users\rikes\ecommerce\venv\Lib\site-packages\django\template\base.py", line 510, in parse
    compile_func = self.tags[command]
                   ~~~~~~~~~^^^^^^^^^
KeyError: 'endif'

During handling of the above exception, another exception occurred:

Traceback (most recent call last):
  File "C:\Users\rikes\ecommerce\venv\Lib\site-packages\django\core\handlers\exception.py", line 55, in inner
    response = get_response(request)
               ^^^^^^^^^^^^^^^^^^^^^
  File "C:\Users\rikes\ecommerce\venv\Lib\site-packages\django\core\handlers\base.py", line 197, in _get_response
    response = wrapped_callback(request, *callback_args, **callback_kwargs)
               ^^^^^^^^^^^^^^^^^^^^^^^^^^^^^^^^^^^^^^^^^^^^^^^^^^^^^^^^^^^^
  File "C:\Users\rikes\ecommerce\venv\Lib\site-packages\django\utils\decorators.py", line 188, in _view_wrapper
    result = _process_exception(request, e)
             ^^^^^^^^^^^^^^^^^^^^^^^^^^^^^^
  File "C:\Users\rikes\ecommerce\venv\Lib\site-packages\django\utils\decorators.py", line 186, in _view_wrapper
    response = view_func(request, *args, **kwargs)
               ^^^^^^^^^^^^^^^^^^^^^^^^^^^^^^^^^^^
  File "C:\Users\rikes\ecommerce\products\views.py", line 80, in home
    return render(request, 'products/home.html', context)
           ^^^^^^^^^^^^^^^^^^^^^^^^^^^^^^^^^^^^^^^^^^^^^^
  File "C:\Users\rikes\ecommerce\venv\Lib\site-packages\django\shortcuts.py", line 25, in render
    content = loader.render_to_string(template_name, context, request, using=using)
              ^^^^^^^^^^^^^^^^^^^^^^^^^^^^^^^^^^^^^^^^^^^^^^^^^^^^^^^^^^^^^^^^^^^^^
  File "C:\Users\rikes\ecommerce\venv\Lib\site-packages\django\template\loader.py", line 61, in render_to_string
    template = get_template(template_name, using=using)
               ^^^^^^^^^^^^^^^^^^^^^^^^^^^^^^^^^^^^^^^^
  File "C:\Users\rikes\ecommerce\venv\Lib\site-packages\django\template\loader.py", line 15, in get_template
    return engine.get_template(template_name)
           ^^^^^^^^^^^^^^^^^^^^^^^^^^^^^^^^^^
  File "C:\Users\rikes\ecommerce\venv\Lib\site-packages\django\template\backends\django.py", line 79, in get_template
    return Template(self.engine.get_template(template_name), self)
                    ^^^^^^^^^^^^^^^^^^^^^^^^^^^^^^^^^^^^^^^
  File "C:\Users\rikes\ecommerce\venv\Lib\site-packages\django\template\engine.py", line 177, in get_template
    template, origin = self.find_template(template_name)
                       ^^^^^^^^^^^^^^^^^^^^^^^^^^^^^^^^^
  File "C:\Users\rikes\ecommerce\venv\Lib\site-packages\django\template\engine.py", line 159, in find_template
    template = loader.get_template(name, skip=skip)
               ^^^^^^^^^^^^^^^^^^^^^^^^^^^^^^^^^^^^
  File "C:\Users\rikes\ecommerce\venv\Lib\site-packages\django\template\loaders\cached.py", line 57, in get_template
    template = super().get_template(template_name, skip)
               ^^^^^^^^^^^^^^^^^^^^^^^^^^^^^^^^^^^^^^^^^
  File "C:\Users\rikes\ecommerce\venv\Lib\site-packages\django\template\loaders\base.py", line 28, in get_template
    return Template(
           ^^^^^^^^^
  File "C:\Users\rikes\ecommerce\venv\Lib\site-packages\django\template\base.py", line 154, in __init__
    self.nodelist = self.compile_nodelist()
                    ^^^^^^^^^^^^^^^^^^^^^^^
  File "C:\Users\rikes\ecommerce\venv\Lib\site-packages\django\template\base.py", line 196, in compile_nodelist
    nodelist = parser.parse()
               ^^^^^^^^^^^^^^
  File "C:\Users\rikes\ecommerce\venv\Lib\site-packages\django\template\base.py", line 518, in parse
    raise self.error(token, e)
  File "C:\Users\rikes\ecommerce\venv\Lib\site-packages\django\template\base.py", line 516, in parse
    compiled_result = compile_func(self, token)
                      ^^^^^^^^^^^^^^^^^^^^^^^^^
  File "C:\Users\rikes\ecommerce\venv\Lib\site-packages\django\template\loader_tags.py", line 295, in do_extends
    nodelist = parser.parse()
               ^^^^^^^^^^^^^^
  File "C:\Users\rikes\ecommerce\venv\Lib\site-packages\django\template\base.py", line 518, in parse
    raise self.error(token, e)
  File "C:\Users\rikes\ecommerce\venv\Lib\site-packages\django\template\base.py", line 516, in parse
    compiled_result = compile_func(self, token)
                      ^^^^^^^^^^^^^^^^^^^^^^^^^
  File "C:\Users\rikes\ecommerce\venv\Lib\site-packages\django\template\loader_tags.py", line 234, in do_block
    nodelist = parser.parse(("endblock",))
               ^^^^^^^^^^^^^^^^^^^^^^^^^^^
  File "C:\Users\rikes\ecommerce\venv\Lib\site-packages\django\template\base.py", line 512, in parse
    self.invalid_block_tag(token, command, parse_until)
  File "C:\Users\rikes\ecommerce\venv\Lib\site-packages\django\template\base.py", line 563, in invalid_block_tag
    raise self.error(
django.template.exceptions.TemplateSyntaxError: Invalid block tag on line 263: 'endif', expected 'endblock'. Did you forget to register or load this tag?
ERROR 2025-06-26 12:14:02,891 basehttp 27728 31508 "GET /?id=94fde36b-dbcb-4f9e-b366-af0421957ce3&vscodeBrowserReqId=1750936442408 HTTP/1.1" 500 235117
INFO 2025-06-26 12:15:04,741 autoreload 35608 30508 C:\Users\rikes\ecommerce\products\views.py changed, reloading.
INFO 2025-06-26 12:15:05,194 autoreload 27728 35288 C:\Users\rikes\ecommerce\products\views.py changed, reloading.
INFO 2025-06-26 12:15:05,346 autoreload 34172 11320 C:\Users\rikes\ecommerce\products\urls.py changed, reloading.
INFO 2025-06-26 12:15:07,051 autoreload 6844 34320 Watching for file changes with StatReloader
INFO 2025-06-26 12:15:07,397 autoreload 7452 20996 Watching for file changes with StatReloader
INFO 2025-06-26 12:15:07,482 autoreload 26580 35784 Watching for file changes with StatReloader
ERROR 2025-06-26 12:16:37,201 log 6844 25692 Internal Server Error: /
Traceback (most recent call last):
  File "C:\Users\rikes\ecommerce\venv\Lib\site-packages\django\template\base.py", line 510, in parse
    compile_func = self.tags[command]
                   ~~~~~~~~~^^^^^^^^^
KeyError: 'endif'

During handling of the above exception, another exception occurred:

Traceback (most recent call last):
  File "C:\Users\rikes\ecommerce\venv\Lib\site-packages\django\core\handlers\exception.py", line 55, in inner
    response = get_response(request)
               ^^^^^^^^^^^^^^^^^^^^^
  File "C:\Users\rikes\ecommerce\venv\Lib\site-packages\django\core\handlers\base.py", line 197, in _get_response
    response = wrapped_callback(request, *callback_args, **callback_kwargs)
               ^^^^^^^^^^^^^^^^^^^^^^^^^^^^^^^^^^^^^^^^^^^^^^^^^^^^^^^^^^^^
  File "C:\Users\rikes\ecommerce\venv\Lib\site-packages\django\utils\decorators.py", line 188, in _view_wrapper
    result = _process_exception(request, e)
             ^^^^^^^^^^^^^^^^^^^^^^^^^^^^^^
  File "C:\Users\rikes\ecommerce\venv\Lib\site-packages\django\utils\decorators.py", line 186, in _view_wrapper
    response = view_func(request, *args, **kwargs)
               ^^^^^^^^^^^^^^^^^^^^^^^^^^^^^^^^^^^
  File "C:\Users\rikes\ecommerce\products\views.py", line 80, in home
    return render(request, 'products/home.html', context)
           ^^^^^^^^^^^^^^^^^^^^^^^^^^^^^^^^^^^^^^^^^^^^^^
  File "C:\Users\rikes\ecommerce\venv\Lib\site-packages\django\shortcuts.py", line 25, in render
    content = loader.render_to_string(template_name, context, request, using=using)
              ^^^^^^^^^^^^^^^^^^^^^^^^^^^^^^^^^^^^^^^^^^^^^^^^^^^^^^^^^^^^^^^^^^^^^
  File "C:\Users\rikes\ecommerce\venv\Lib\site-packages\django\template\loader.py", line 61, in render_to_string
    template = get_template(template_name, using=using)
               ^^^^^^^^^^^^^^^^^^^^^^^^^^^^^^^^^^^^^^^^
  File "C:\Users\rikes\ecommerce\venv\Lib\site-packages\django\template\loader.py", line 15, in get_template
    return engine.get_template(template_name)
           ^^^^^^^^^^^^^^^^^^^^^^^^^^^^^^^^^^
  File "C:\Users\rikes\ecommerce\venv\Lib\site-packages\django\template\backends\django.py", line 79, in get_template
    return Template(self.engine.get_template(template_name), self)
                    ^^^^^^^^^^^^^^^^^^^^^^^^^^^^^^^^^^^^^^^
  File "C:\Users\rikes\ecommerce\venv\Lib\site-packages\django\template\engine.py", line 177, in get_template
    template, origin = self.find_template(template_name)
                       ^^^^^^^^^^^^^^^^^^^^^^^^^^^^^^^^^
  File "C:\Users\rikes\ecommerce\venv\Lib\site-packages\django\template\engine.py", line 159, in find_template
    template = loader.get_template(name, skip=skip)
               ^^^^^^^^^^^^^^^^^^^^^^^^^^^^^^^^^^^^
  File "C:\Users\rikes\ecommerce\venv\Lib\site-packages\django\template\loaders\cached.py", line 57, in get_template
    template = super().get_template(template_name, skip)
               ^^^^^^^^^^^^^^^^^^^^^^^^^^^^^^^^^^^^^^^^^
  File "C:\Users\rikes\ecommerce\venv\Lib\site-packages\django\template\loaders\base.py", line 28, in get_template
    return Template(
           ^^^^^^^^^
  File "C:\Users\rikes\ecommerce\venv\Lib\site-packages\django\template\base.py", line 154, in __init__
    self.nodelist = self.compile_nodelist()
                    ^^^^^^^^^^^^^^^^^^^^^^^
  File "C:\Users\rikes\ecommerce\venv\Lib\site-packages\django\template\base.py", line 196, in compile_nodelist
    nodelist = parser.parse()
               ^^^^^^^^^^^^^^
  File "C:\Users\rikes\ecommerce\venv\Lib\site-packages\django\template\base.py", line 518, in parse
    raise self.error(token, e)
  File "C:\Users\rikes\ecommerce\venv\Lib\site-packages\django\template\base.py", line 516, in parse
    compiled_result = compile_func(self, token)
                      ^^^^^^^^^^^^^^^^^^^^^^^^^
  File "C:\Users\rikes\ecommerce\venv\Lib\site-packages\django\template\loader_tags.py", line 295, in do_extends
    nodelist = parser.parse()
               ^^^^^^^^^^^^^^
  File "C:\Users\rikes\ecommerce\venv\Lib\site-packages\django\template\base.py", line 518, in parse
    raise self.error(token, e)
  File "C:\Users\rikes\ecommerce\venv\Lib\site-packages\django\template\base.py", line 516, in parse
    compiled_result = compile_func(self, token)
                      ^^^^^^^^^^^^^^^^^^^^^^^^^
  File "C:\Users\rikes\ecommerce\venv\Lib\site-packages\django\template\loader_tags.py", line 234, in do_block
    nodelist = parser.parse(("endblock",))
               ^^^^^^^^^^^^^^^^^^^^^^^^^^^
  File "C:\Users\rikes\ecommerce\venv\Lib\site-packages\django\template\base.py", line 512, in parse
    self.invalid_block_tag(token, command, parse_until)
  File "C:\Users\rikes\ecommerce\venv\Lib\site-packages\django\template\base.py", line 563, in invalid_block_tag
    raise self.error(
django.template.exceptions.TemplateSyntaxError: Invalid block tag on line 263: 'endif', expected 'endblock'. Did you forget to register or load this tag?
ERROR 2025-06-26 12:16:37,243 basehttp 6844 25692 "GET / HTTP/1.1" 500 235424
ERROR 2025-06-26 12:16:40,892 log 6844 25692 Internal Server Error: /
Traceback (most recent call last):
  File "C:\Users\rikes\ecommerce\venv\Lib\site-packages\django\template\base.py", line 510, in parse
    compile_func = self.tags[command]
                   ~~~~~~~~~^^^^^^^^^
KeyError: 'endif'

During handling of the above exception, another exception occurred:

Traceback (most recent call last):
  File "C:\Users\rikes\ecommerce\venv\Lib\site-packages\django\core\handlers\exception.py", line 55, in inner
    response = get_response(request)
               ^^^^^^^^^^^^^^^^^^^^^
  File "C:\Users\rikes\ecommerce\venv\Lib\site-packages\django\core\handlers\base.py", line 197, in _get_response
    response = wrapped_callback(request, *callback_args, **callback_kwargs)
               ^^^^^^^^^^^^^^^^^^^^^^^^^^^^^^^^^^^^^^^^^^^^^^^^^^^^^^^^^^^^
  File "C:\Users\rikes\ecommerce\venv\Lib\site-packages\django\utils\decorators.py", line 188, in _view_wrapper
    result = _process_exception(request, e)
             ^^^^^^^^^^^^^^^^^^^^^^^^^^^^^^
  File "C:\Users\rikes\ecommerce\venv\Lib\site-packages\django\utils\decorators.py", line 186, in _view_wrapper
    response = view_func(request, *args, **kwargs)
               ^^^^^^^^^^^^^^^^^^^^^^^^^^^^^^^^^^^
  File "C:\Users\rikes\ecommerce\products\views.py", line 80, in home
    return render(request, 'products/home.html', context)
           ^^^^^^^^^^^^^^^^^^^^^^^^^^^^^^^^^^^^^^^^^^^^^^
  File "C:\Users\rikes\ecommerce\venv\Lib\site-packages\django\shortcuts.py", line 25, in render
    content = loader.render_to_string(template_name, context, request, using=using)
              ^^^^^^^^^^^^^^^^^^^^^^^^^^^^^^^^^^^^^^^^^^^^^^^^^^^^^^^^^^^^^^^^^^^^^
  File "C:\Users\rikes\ecommerce\venv\Lib\site-packages\django\template\loader.py", line 61, in render_to_string
    template = get_template(template_name, using=using)
               ^^^^^^^^^^^^^^^^^^^^^^^^^^^^^^^^^^^^^^^^
  File "C:\Users\rikes\ecommerce\venv\Lib\site-packages\django\template\loader.py", line 15, in get_template
    return engine.get_template(template_name)
           ^^^^^^^^^^^^^^^^^^^^^^^^^^^^^^^^^^
  File "C:\Users\rikes\ecommerce\venv\Lib\site-packages\django\template\backends\django.py", line 79, in get_template
    return Template(self.engine.get_template(template_name), self)
                    ^^^^^^^^^^^^^^^^^^^^^^^^^^^^^^^^^^^^^^^
  File "C:\Users\rikes\ecommerce\venv\Lib\site-packages\django\template\engine.py", line 177, in get_template
    template, origin = self.find_template(template_name)
                       ^^^^^^^^^^^^^^^^^^^^^^^^^^^^^^^^^
  File "C:\Users\rikes\ecommerce\venv\Lib\site-packages\django\template\engine.py", line 159, in find_template
    template = loader.get_template(name, skip=skip)
               ^^^^^^^^^^^^^^^^^^^^^^^^^^^^^^^^^^^^
  File "C:\Users\rikes\ecommerce\venv\Lib\site-packages\django\template\loaders\cached.py", line 57, in get_template
    template = super().get_template(template_name, skip)
               ^^^^^^^^^^^^^^^^^^^^^^^^^^^^^^^^^^^^^^^^^
  File "C:\Users\rikes\ecommerce\venv\Lib\site-packages\django\template\loaders\base.py", line 28, in get_template
    return Template(
           ^^^^^^^^^
  File "C:\Users\rikes\ecommerce\venv\Lib\site-packages\django\template\base.py", line 154, in __init__
    self.nodelist = self.compile_nodelist()
                    ^^^^^^^^^^^^^^^^^^^^^^^
  File "C:\Users\rikes\ecommerce\venv\Lib\site-packages\django\template\base.py", line 196, in compile_nodelist
    nodelist = parser.parse()
               ^^^^^^^^^^^^^^
  File "C:\Users\rikes\ecommerce\venv\Lib\site-packages\django\template\base.py", line 518, in parse
    raise self.error(token, e)
  File "C:\Users\rikes\ecommerce\venv\Lib\site-packages\django\template\base.py", line 516, in parse
    compiled_result = compile_func(self, token)
                      ^^^^^^^^^^^^^^^^^^^^^^^^^
  File "C:\Users\rikes\ecommerce\venv\Lib\site-packages\django\template\loader_tags.py", line 295, in do_extends
    nodelist = parser.parse()
               ^^^^^^^^^^^^^^
  File "C:\Users\rikes\ecommerce\venv\Lib\site-packages\django\template\base.py", line 518, in parse
    raise self.error(token, e)
  File "C:\Users\rikes\ecommerce\venv\Lib\site-packages\django\template\base.py", line 516, in parse
    compiled_result = compile_func(self, token)
                      ^^^^^^^^^^^^^^^^^^^^^^^^^
  File "C:\Users\rikes\ecommerce\venv\Lib\site-packages\django\template\loader_tags.py", line 234, in do_block
    nodelist = parser.parse(("endblock",))
               ^^^^^^^^^^^^^^^^^^^^^^^^^^^
  File "C:\Users\rikes\ecommerce\venv\Lib\site-packages\django\template\base.py", line 512, in parse
    self.invalid_block_tag(token, command, parse_until)
  File "C:\Users\rikes\ecommerce\venv\Lib\site-packages\django\template\base.py", line 563, in invalid_block_tag
    raise self.error(
django.template.exceptions.TemplateSyntaxError: Invalid block tag on line 263: 'endif', expected 'endblock'. Did you forget to register or load this tag?
ERROR 2025-06-26 12:16:40,913 basehttp 6844 25692 "GET / HTTP/1.1" 500 235561
ERROR 2025-06-26 12:17:50,416 log 6844 35816 Internal Server Error: /
Traceback (most recent call last):
  File "C:\Users\rikes\ecommerce\venv\Lib\site-packages\django\core\handlers\exception.py", line 55, in inner
    response = get_response(request)
               ^^^^^^^^^^^^^^^^^^^^^
  File "C:\Users\rikes\ecommerce\venv\Lib\site-packages\django\core\handlers\base.py", line 197, in _get_response
    response = wrapped_callback(request, *callback_args, **callback_kwargs)
               ^^^^^^^^^^^^^^^^^^^^^^^^^^^^^^^^^^^^^^^^^^^^^^^^^^^^^^^^^^^^
  File "C:\Users\rikes\ecommerce\venv\Lib\site-packages\django\utils\decorators.py", line 188, in _view_wrapper
    result = _process_exception(request, e)
             ^^^^^^^^^^^^^^^^^^^^^^^^^^^^^^
  File "C:\Users\rikes\ecommerce\venv\Lib\site-packages\django\utils\decorators.py", line 186, in _view_wrapper
    response = view_func(request, *args, **kwargs)
               ^^^^^^^^^^^^^^^^^^^^^^^^^^^^^^^^^^^
  File "C:\Users\rikes\ecommerce\products\views.py", line 80, in home
    return render(request, 'products/home.html', context)
           ^^^^^^^^^^^^^^^^^^^^^^^^^^^^^^^^^^^^^^^^^^^^^^
  File "C:\Users\rikes\ecommerce\venv\Lib\site-packages\django\shortcuts.py", line 25, in render
    content = loader.render_to_string(template_name, context, request, using=using)
              ^^^^^^^^^^^^^^^^^^^^^^^^^^^^^^^^^^^^^^^^^^^^^^^^^^^^^^^^^^^^^^^^^^^^^
  File "C:\Users\rikes\ecommerce\venv\Lib\site-packages\django\template\loader.py", line 62, in render_to_string
    return template.render(context, request)
           ^^^^^^^^^^^^^^^^^^^^^^^^^^^^^^^^^
  File "C:\Users\rikes\ecommerce\venv\Lib\site-packages\django\template\backends\django.py", line 107, in render
    return self.template.render(context)
           ^^^^^^^^^^^^^^^^^^^^^^^^^^^^^
  File "C:\Users\rikes\ecommerce\venv\Lib\site-packages\django\template\base.py", line 171, in render
    return self._render(context)
           ^^^^^^^^^^^^^^^^^^^^^
  File "C:\Users\rikes\ecommerce\venv\Lib\site-packages\django\template\base.py", line 163, in _render
    return self.nodelist.render(context)
           ^^^^^^^^^^^^^^^^^^^^^^^^^^^^^
  File "C:\Users\rikes\ecommerce\venv\Lib\site-packages\django\template\base.py", line 1008, in render
    return SafeString("".join([node.render_annotated(context) for node in self]))
                               ^^^^^^^^^^^^^^^^^^^^^^^^^^^^^^
  File "C:\Users\rikes\ecommerce\venv\Lib\site-packages\django\template\base.py", line 969, in render_annotated
    return self.render(context)
           ^^^^^^^^^^^^^^^^^^^^
  File "C:\Users\rikes\ecommerce\venv\Lib\site-packages\django\template\loader_tags.py", line 159, in render
    return compiled_parent._render(context)
           ^^^^^^^^^^^^^^^^^^^^^^^^^^^^^^^^
  File "C:\Users\rikes\ecommerce\venv\Lib\site-packages\django\template\base.py", line 163, in _render
    return self.nodelist.render(context)
           ^^^^^^^^^^^^^^^^^^^^^^^^^^^^^
  File "C:\Users\rikes\ecommerce\venv\Lib\site-packages\django\template\base.py", line 1008, in render
    return SafeString("".join([node.render_annotated(context) for node in self]))
                               ^^^^^^^^^^^^^^^^^^^^^^^^^^^^^^
  File "C:\Users\rikes\ecommerce\venv\Lib\site-packages\django\template\base.py", line 969, in render_annotated
    return self.render(context)
           ^^^^^^^^^^^^^^^^^^^^
  File "C:\Users\rikes\ecommerce\venv\Lib\site-packages\django\template\loader_tags.py", line 65, in render
    result = block.nodelist.render(context)
             ^^^^^^^^^^^^^^^^^^^^^^^^^^^^^^
  File "C:\Users\rikes\ecommerce\venv\Lib\site-packages\django\template\base.py", line 1008, in render
    return SafeString("".join([node.render_annotated(context) for node in self]))
                               ^^^^^^^^^^^^^^^^^^^^^^^^^^^^^^
  File "C:\Users\rikes\ecommerce\venv\Lib\site-packages\django\template\base.py", line 969, in render_annotated
    return self.render(context)
           ^^^^^^^^^^^^^^^^^^^^
  File "C:\Users\rikes\ecommerce\venv\Lib\site-packages\django\template\defaulttags.py", line 243, in render
    nodelist.append(node.render_annotated(context))
                    ^^^^^^^^^^^^^^^^^^^^^^^^^^^^^^
  File "C:\Users\rikes\ecommerce\venv\Lib\site-packages\django\template\base.py", line 969, in render_annotated
    return self.render(context)
           ^^^^^^^^^^^^^^^^^^^^
  File "C:\Users\rikes\ecommerce\venv\Lib\site-packages\django\template\defaulttags.py", line 480, in render
    url = reverse(view_name, args=args, kwargs=kwargs, current_app=current_app)
          ^^^^^^^^^^^^^^^^^^^^^^^^^^^^^^^^^^^^^^^^^^^^^^^^^^^^^^^^^^^^^^^^^^^^^
  File "C:\Users\rikes\ecommerce\venv\Lib\site-packages\django\urls\base.py", line 88, in reverse
    return resolver._reverse_with_prefix(view, prefix, *args, **kwargs)
           ^^^^^^^^^^^^^^^^^^^^^^^^^^^^^^^^^^^^^^^^^^^^^^^^^^^^^^^^^^^^
  File "C:\Users\rikes\ecommerce\venv\Lib\site-packages\django\urls\resolvers.py", line 831, in _reverse_with_prefix
    raise NoReverseMatch(msg)
django.urls.exceptions.NoReverseMatch: Reverse for 'category_products' not found. 'category_products' is not a valid view function or pattern name.
ERROR 2025-06-26 12:17:50,422 basehttp 6844 35816 "GET /?id=94fde36b-dbcb-4f9e-b366-af0421957ce3&vscodeBrowserReqId=1750936669564 HTTP/1.1" 500 211318
INFO 2025-06-26 12:17:58,250 basehttp 6844 35816 "GET /products/contact/?id=94fde36b-dbcb-4f9e-b366-af0421957ce3&vscodeBrowserReqId=1750936678200 HTTP/1.1" 200 44738
ERROR 2025-06-26 12:18:06,392 log 6844 25692 Internal Server Error: /
Traceback (most recent call last):
  File "C:\Users\rikes\ecommerce\venv\Lib\site-packages\django\core\handlers\exception.py", line 55, in inner
    response = get_response(request)
               ^^^^^^^^^^^^^^^^^^^^^
  File "C:\Users\rikes\ecommerce\venv\Lib\site-packages\django\core\handlers\base.py", line 197, in _get_response
    response = wrapped_callback(request, *callback_args, **callback_kwargs)
               ^^^^^^^^^^^^^^^^^^^^^^^^^^^^^^^^^^^^^^^^^^^^^^^^^^^^^^^^^^^^
  File "C:\Users\rikes\ecommerce\venv\Lib\site-packages\django\utils\decorators.py", line 188, in _view_wrapper
    result = _process_exception(request, e)
             ^^^^^^^^^^^^^^^^^^^^^^^^^^^^^^
  File "C:\Users\rikes\ecommerce\venv\Lib\site-packages\django\utils\decorators.py", line 186, in _view_wrapper
    response = view_func(request, *args, **kwargs)
               ^^^^^^^^^^^^^^^^^^^^^^^^^^^^^^^^^^^
  File "C:\Users\rikes\ecommerce\products\views.py", line 80, in home
    return render(request, 'products/home.html', context)
           ^^^^^^^^^^^^^^^^^^^^^^^^^^^^^^^^^^^^^^^^^^^^^^
  File "C:\Users\rikes\ecommerce\venv\Lib\site-packages\django\shortcuts.py", line 25, in render
    content = loader.render_to_string(template_name, context, request, using=using)
              ^^^^^^^^^^^^^^^^^^^^^^^^^^^^^^^^^^^^^^^^^^^^^^^^^^^^^^^^^^^^^^^^^^^^^
  File "C:\Users\rikes\ecommerce\venv\Lib\site-packages\django\template\loader.py", line 62, in render_to_string
    return template.render(context, request)
           ^^^^^^^^^^^^^^^^^^^^^^^^^^^^^^^^^
  File "C:\Users\rikes\ecommerce\venv\Lib\site-packages\django\template\backends\django.py", line 107, in render
    return self.template.render(context)
           ^^^^^^^^^^^^^^^^^^^^^^^^^^^^^
  File "C:\Users\rikes\ecommerce\venv\Lib\site-packages\django\template\base.py", line 171, in render
    return self._render(context)
           ^^^^^^^^^^^^^^^^^^^^^
  File "C:\Users\rikes\ecommerce\venv\Lib\site-packages\django\template\base.py", line 163, in _render
    return self.nodelist.render(context)
           ^^^^^^^^^^^^^^^^^^^^^^^^^^^^^
  File "C:\Users\rikes\ecommerce\venv\Lib\site-packages\django\template\base.py", line 1008, in render
    return SafeString("".join([node.render_annotated(context) for node in self]))
                               ^^^^^^^^^^^^^^^^^^^^^^^^^^^^^^
  File "C:\Users\rikes\ecommerce\venv\Lib\site-packages\django\template\base.py", line 969, in render_annotated
    return self.render(context)
           ^^^^^^^^^^^^^^^^^^^^
  File "C:\Users\rikes\ecommerce\venv\Lib\site-packages\django\template\loader_tags.py", line 159, in render
    return compiled_parent._render(context)
           ^^^^^^^^^^^^^^^^^^^^^^^^^^^^^^^^
  File "C:\Users\rikes\ecommerce\venv\Lib\site-packages\django\template\base.py", line 163, in _render
    return self.nodelist.render(context)
           ^^^^^^^^^^^^^^^^^^^^^^^^^^^^^
  File "C:\Users\rikes\ecommerce\venv\Lib\site-packages\django\template\base.py", line 1008, in render
    return SafeString("".join([node.render_annotated(context) for node in self]))
                               ^^^^^^^^^^^^^^^^^^^^^^^^^^^^^^
  File "C:\Users\rikes\ecommerce\venv\Lib\site-packages\django\template\base.py", line 969, in render_annotated
    return self.render(context)
           ^^^^^^^^^^^^^^^^^^^^
  File "C:\Users\rikes\ecommerce\venv\Lib\site-packages\django\template\loader_tags.py", line 65, in render
    result = block.nodelist.render(context)
             ^^^^^^^^^^^^^^^^^^^^^^^^^^^^^^
  File "C:\Users\rikes\ecommerce\venv\Lib\site-packages\django\template\base.py", line 1008, in render
    return SafeString("".join([node.render_annotated(context) for node in self]))
                               ^^^^^^^^^^^^^^^^^^^^^^^^^^^^^^
  File "C:\Users\rikes\ecommerce\venv\Lib\site-packages\django\template\base.py", line 969, in render_annotated
    return self.render(context)
           ^^^^^^^^^^^^^^^^^^^^
  File "C:\Users\rikes\ecommerce\venv\Lib\site-packages\django\template\defaulttags.py", line 243, in render
    nodelist.append(node.render_annotated(context))
                    ^^^^^^^^^^^^^^^^^^^^^^^^^^^^^^
  File "C:\Users\rikes\ecommerce\venv\Lib\site-packages\django\template\base.py", line 969, in render_annotated
    return self.render(context)
           ^^^^^^^^^^^^^^^^^^^^
  File "C:\Users\rikes\ecommerce\venv\Lib\site-packages\django\template\defaulttags.py", line 480, in render
    url = reverse(view_name, args=args, kwargs=kwargs, current_app=current_app)
          ^^^^^^^^^^^^^^^^^^^^^^^^^^^^^^^^^^^^^^^^^^^^^^^^^^^^^^^^^^^^^^^^^^^^^
  File "C:\Users\rikes\ecommerce\venv\Lib\site-packages\django\urls\base.py", line 88, in reverse
    return resolver._reverse_with_prefix(view, prefix, *args, **kwargs)
           ^^^^^^^^^^^^^^^^^^^^^^^^^^^^^^^^^^^^^^^^^^^^^^^^^^^^^^^^^^^^
  File "C:\Users\rikes\ecommerce\venv\Lib\site-packages\django\urls\resolvers.py", line 831, in _reverse_with_prefix
    raise NoReverseMatch(msg)
django.urls.exceptions.NoReverseMatch: Reverse for 'category_products' not found. 'category_products' is not a valid view function or pattern name.
ERROR 2025-06-26 12:18:06,395 basehttp 6844 25692 "GET / HTTP/1.1" 500 211721
INFO 2025-06-26 12:18:12,576 basehttp 6844 35816 "GET /products/faq/?id=94fde36b-dbcb-4f9e-b366-af0421957ce3&vscodeBrowserReqId=1750936692447 HTTP/1.1" 200 53334
INFO 2025-06-26 12:18:16,774 basehttp 6844 30772 "GET /products/contact/ HTTP/1.1" 200 45591
INFO 2025-06-26 12:18:17,101 basehttp 6844 30772 "GET /static/js/riya-group-enhanced.js HTTP/1.1" 200 20663
WARNING 2025-06-26 12:18:17,845 basehttp 6844 30772 "GET /static/favicon.ico HTTP/1.1" 404 1847
INFO 2025-06-26 12:19:11,045 basehttp 6844 35816 "GET /products/shipping/?id=94fde36b-dbcb-4f9e-b366-af0421957ce3&vscodeBrowserReqId=1750936750897 HTTP/1.1" 200 58510
INFO 2025-06-26 12:19:20,023 basehttp 6844 35816 "GET /products/returns/?id=94fde36b-dbcb-4f9e-b366-af0421957ce3&vscodeBrowserReqId=1750936759948 HTTP/1.1" 200 60693
ERROR 2025-06-26 12:20:10,849 log 6844 25692 Internal Server Error: /
Traceback (most recent call last):
  File "C:\Users\rikes\ecommerce\venv\Lib\site-packages\django\core\handlers\exception.py", line 55, in inner
    response = get_response(request)
               ^^^^^^^^^^^^^^^^^^^^^
  File "C:\Users\rikes\ecommerce\venv\Lib\site-packages\django\core\handlers\base.py", line 197, in _get_response
    response = wrapped_callback(request, *callback_args, **callback_kwargs)
               ^^^^^^^^^^^^^^^^^^^^^^^^^^^^^^^^^^^^^^^^^^^^^^^^^^^^^^^^^^^^
  File "C:\Users\rikes\ecommerce\venv\Lib\site-packages\django\utils\decorators.py", line 188, in _view_wrapper
    result = _process_exception(request, e)
             ^^^^^^^^^^^^^^^^^^^^^^^^^^^^^^
  File "C:\Users\rikes\ecommerce\venv\Lib\site-packages\django\utils\decorators.py", line 186, in _view_wrapper
    response = view_func(request, *args, **kwargs)
               ^^^^^^^^^^^^^^^^^^^^^^^^^^^^^^^^^^^
  File "C:\Users\rikes\ecommerce\products\views.py", line 80, in home
    return render(request, 'products/home.html', context)
           ^^^^^^^^^^^^^^^^^^^^^^^^^^^^^^^^^^^^^^^^^^^^^^
  File "C:\Users\rikes\ecommerce\venv\Lib\site-packages\django\shortcuts.py", line 25, in render
    content = loader.render_to_string(template_name, context, request, using=using)
              ^^^^^^^^^^^^^^^^^^^^^^^^^^^^^^^^^^^^^^^^^^^^^^^^^^^^^^^^^^^^^^^^^^^^^
  File "C:\Users\rikes\ecommerce\venv\Lib\site-packages\django\template\loader.py", line 62, in render_to_string
    return template.render(context, request)
           ^^^^^^^^^^^^^^^^^^^^^^^^^^^^^^^^^
  File "C:\Users\rikes\ecommerce\venv\Lib\site-packages\django\template\backends\django.py", line 107, in render
    return self.template.render(context)
           ^^^^^^^^^^^^^^^^^^^^^^^^^^^^^
  File "C:\Users\rikes\ecommerce\venv\Lib\site-packages\django\template\base.py", line 171, in render
    return self._render(context)
           ^^^^^^^^^^^^^^^^^^^^^
  File "C:\Users\rikes\ecommerce\venv\Lib\site-packages\django\template\base.py", line 163, in _render
    return self.nodelist.render(context)
           ^^^^^^^^^^^^^^^^^^^^^^^^^^^^^
  File "C:\Users\rikes\ecommerce\venv\Lib\site-packages\django\template\base.py", line 1008, in render
    return SafeString("".join([node.render_annotated(context) for node in self]))
                               ^^^^^^^^^^^^^^^^^^^^^^^^^^^^^^
  File "C:\Users\rikes\ecommerce\venv\Lib\site-packages\django\template\base.py", line 969, in render_annotated
    return self.render(context)
           ^^^^^^^^^^^^^^^^^^^^
  File "C:\Users\rikes\ecommerce\venv\Lib\site-packages\django\template\loader_tags.py", line 159, in render
    return compiled_parent._render(context)
           ^^^^^^^^^^^^^^^^^^^^^^^^^^^^^^^^
  File "C:\Users\rikes\ecommerce\venv\Lib\site-packages\django\template\base.py", line 163, in _render
    return self.nodelist.render(context)
           ^^^^^^^^^^^^^^^^^^^^^^^^^^^^^
  File "C:\Users\rikes\ecommerce\venv\Lib\site-packages\django\template\base.py", line 1008, in render
    return SafeString("".join([node.render_annotated(context) for node in self]))
                               ^^^^^^^^^^^^^^^^^^^^^^^^^^^^^^
  File "C:\Users\rikes\ecommerce\venv\Lib\site-packages\django\template\base.py", line 969, in render_annotated
    return self.render(context)
           ^^^^^^^^^^^^^^^^^^^^
  File "C:\Users\rikes\ecommerce\venv\Lib\site-packages\django\template\loader_tags.py", line 65, in render
    result = block.nodelist.render(context)
             ^^^^^^^^^^^^^^^^^^^^^^^^^^^^^^
  File "C:\Users\rikes\ecommerce\venv\Lib\site-packages\django\template\base.py", line 1008, in render
    return SafeString("".join([node.render_annotated(context) for node in self]))
                               ^^^^^^^^^^^^^^^^^^^^^^^^^^^^^^
  File "C:\Users\rikes\ecommerce\venv\Lib\site-packages\django\template\base.py", line 969, in render_annotated
    return self.render(context)
           ^^^^^^^^^^^^^^^^^^^^
  File "C:\Users\rikes\ecommerce\venv\Lib\site-packages\django\template\defaulttags.py", line 243, in render
    nodelist.append(node.render_annotated(context))
                    ^^^^^^^^^^^^^^^^^^^^^^^^^^^^^^
  File "C:\Users\rikes\ecommerce\venv\Lib\site-packages\django\template\base.py", line 969, in render_annotated
    return self.render(context)
           ^^^^^^^^^^^^^^^^^^^^
  File "C:\Users\rikes\ecommerce\venv\Lib\site-packages\django\template\defaulttags.py", line 480, in render
    url = reverse(view_name, args=args, kwargs=kwargs, current_app=current_app)
          ^^^^^^^^^^^^^^^^^^^^^^^^^^^^^^^^^^^^^^^^^^^^^^^^^^^^^^^^^^^^^^^^^^^^^
  File "C:\Users\rikes\ecommerce\venv\Lib\site-packages\django\urls\base.py", line 88, in reverse
    return resolver._reverse_with_prefix(view, prefix, *args, **kwargs)
           ^^^^^^^^^^^^^^^^^^^^^^^^^^^^^^^^^^^^^^^^^^^^^^^^^^^^^^^^^^^^
  File "C:\Users\rikes\ecommerce\venv\Lib\site-packages\django\urls\resolvers.py", line 831, in _reverse_with_prefix
    raise NoReverseMatch(msg)
django.urls.exceptions.NoReverseMatch: Reverse for 'category_products' not found. 'category_products' is not a valid view function or pattern name.
ERROR 2025-06-26 12:20:10,852 basehttp 6844 25692 "GET / HTTP/1.1" 500 211721
INFO 2025-06-26 12:20:14,049 autoreload 32936 24716 Watching for file changes with StatReloader
ERROR 2025-06-26 12:20:18,053 log 6844 25692 Internal Server Error: /
Traceback (most recent call last):
  File "C:\Users\rikes\ecommerce\venv\Lib\site-packages\django\core\handlers\exception.py", line 55, in inner
    response = get_response(request)
               ^^^^^^^^^^^^^^^^^^^^^
  File "C:\Users\rikes\ecommerce\venv\Lib\site-packages\django\core\handlers\base.py", line 197, in _get_response
    response = wrapped_callback(request, *callback_args, **callback_kwargs)
               ^^^^^^^^^^^^^^^^^^^^^^^^^^^^^^^^^^^^^^^^^^^^^^^^^^^^^^^^^^^^
  File "C:\Users\rikes\ecommerce\venv\Lib\site-packages\django\utils\decorators.py", line 188, in _view_wrapper
    result = _process_exception(request, e)
             ^^^^^^^^^^^^^^^^^^^^^^^^^^^^^^
  File "C:\Users\rikes\ecommerce\venv\Lib\site-packages\django\utils\decorators.py", line 186, in _view_wrapper
    response = view_func(request, *args, **kwargs)
               ^^^^^^^^^^^^^^^^^^^^^^^^^^^^^^^^^^^
  File "C:\Users\rikes\ecommerce\products\views.py", line 80, in home
    return render(request, 'products/home.html', context)
           ^^^^^^^^^^^^^^^^^^^^^^^^^^^^^^^^^^^^^^^^^^^^^^
  File "C:\Users\rikes\ecommerce\venv\Lib\site-packages\django\shortcuts.py", line 25, in render
    content = loader.render_to_string(template_name, context, request, using=using)
              ^^^^^^^^^^^^^^^^^^^^^^^^^^^^^^^^^^^^^^^^^^^^^^^^^^^^^^^^^^^^^^^^^^^^^
  File "C:\Users\rikes\ecommerce\venv\Lib\site-packages\django\template\loader.py", line 62, in render_to_string
    return template.render(context, request)
           ^^^^^^^^^^^^^^^^^^^^^^^^^^^^^^^^^
  File "C:\Users\rikes\ecommerce\venv\Lib\site-packages\django\template\backends\django.py", line 107, in render
    return self.template.render(context)
           ^^^^^^^^^^^^^^^^^^^^^^^^^^^^^
  File "C:\Users\rikes\ecommerce\venv\Lib\site-packages\django\template\base.py", line 171, in render
    return self._render(context)
           ^^^^^^^^^^^^^^^^^^^^^
  File "C:\Users\rikes\ecommerce\venv\Lib\site-packages\django\template\base.py", line 163, in _render
    return self.nodelist.render(context)
           ^^^^^^^^^^^^^^^^^^^^^^^^^^^^^
  File "C:\Users\rikes\ecommerce\venv\Lib\site-packages\django\template\base.py", line 1008, in render
    return SafeString("".join([node.render_annotated(context) for node in self]))
                               ^^^^^^^^^^^^^^^^^^^^^^^^^^^^^^
  File "C:\Users\rikes\ecommerce\venv\Lib\site-packages\django\template\base.py", line 969, in render_annotated
    return self.render(context)
           ^^^^^^^^^^^^^^^^^^^^
  File "C:\Users\rikes\ecommerce\venv\Lib\site-packages\django\template\loader_tags.py", line 159, in render
    return compiled_parent._render(context)
           ^^^^^^^^^^^^^^^^^^^^^^^^^^^^^^^^
  File "C:\Users\rikes\ecommerce\venv\Lib\site-packages\django\template\base.py", line 163, in _render
    return self.nodelist.render(context)
           ^^^^^^^^^^^^^^^^^^^^^^^^^^^^^
  File "C:\Users\rikes\ecommerce\venv\Lib\site-packages\django\template\base.py", line 1008, in render
    return SafeString("".join([node.render_annotated(context) for node in self]))
                               ^^^^^^^^^^^^^^^^^^^^^^^^^^^^^^
  File "C:\Users\rikes\ecommerce\venv\Lib\site-packages\django\template\base.py", line 969, in render_annotated
    return self.render(context)
           ^^^^^^^^^^^^^^^^^^^^
  File "C:\Users\rikes\ecommerce\venv\Lib\site-packages\django\template\loader_tags.py", line 65, in render
    result = block.nodelist.render(context)
             ^^^^^^^^^^^^^^^^^^^^^^^^^^^^^^
  File "C:\Users\rikes\ecommerce\venv\Lib\site-packages\django\template\base.py", line 1008, in render
    return SafeString("".join([node.render_annotated(context) for node in self]))
                               ^^^^^^^^^^^^^^^^^^^^^^^^^^^^^^
  File "C:\Users\rikes\ecommerce\venv\Lib\site-packages\django\template\base.py", line 969, in render_annotated
    return self.render(context)
           ^^^^^^^^^^^^^^^^^^^^
  File "C:\Users\rikes\ecommerce\venv\Lib\site-packages\django\template\defaulttags.py", line 243, in render
    nodelist.append(node.render_annotated(context))
                    ^^^^^^^^^^^^^^^^^^^^^^^^^^^^^^
  File "C:\Users\rikes\ecommerce\venv\Lib\site-packages\django\template\base.py", line 969, in render_annotated
    return self.render(context)
           ^^^^^^^^^^^^^^^^^^^^
  File "C:\Users\rikes\ecommerce\venv\Lib\site-packages\django\template\defaulttags.py", line 480, in render
    url = reverse(view_name, args=args, kwargs=kwargs, current_app=current_app)
          ^^^^^^^^^^^^^^^^^^^^^^^^^^^^^^^^^^^^^^^^^^^^^^^^^^^^^^^^^^^^^^^^^^^^^
  File "C:\Users\rikes\ecommerce\venv\Lib\site-packages\django\urls\base.py", line 88, in reverse
    return resolver._reverse_with_prefix(view, prefix, *args, **kwargs)
           ^^^^^^^^^^^^^^^^^^^^^^^^^^^^^^^^^^^^^^^^^^^^^^^^^^^^^^^^^^^^
  File "C:\Users\rikes\ecommerce\venv\Lib\site-packages\django\urls\resolvers.py", line 831, in _reverse_with_prefix
    raise NoReverseMatch(msg)
django.urls.exceptions.NoReverseMatch: Reverse for 'category_products' not found. 'category_products' is not a valid view function or pattern name.
ERROR 2025-06-26 12:20:18,063 basehttp 6844 25692 "GET / HTTP/1.1" 500 212000
INFO 2025-06-26 12:21:06,613 autoreload 27596 35232 Watching for file changes with StatReloader
INFO 2025-06-26 12:21:20,120 basehttp 6844 5768 "GET /products/contact/ HTTP/1.1" 200 45591
INFO 2025-06-26 12:21:21,297 basehttp 6844 5768 "GET /products/contact/ HTTP/1.1" 200 45591
ERROR 2025-06-26 12:21:38,757 log 6844 5768 Internal Server Error: /
Traceback (most recent call last):
  File "C:\Users\rikes\ecommerce\venv\Lib\site-packages\django\core\handlers\exception.py", line 55, in inner
    response = get_response(request)
               ^^^^^^^^^^^^^^^^^^^^^
  File "C:\Users\rikes\ecommerce\venv\Lib\site-packages\django\core\handlers\base.py", line 197, in _get_response
    response = wrapped_callback(request, *callback_args, **callback_kwargs)
               ^^^^^^^^^^^^^^^^^^^^^^^^^^^^^^^^^^^^^^^^^^^^^^^^^^^^^^^^^^^^
  File "C:\Users\rikes\ecommerce\venv\Lib\site-packages\django\utils\decorators.py", line 188, in _view_wrapper
    result = _process_exception(request, e)
             ^^^^^^^^^^^^^^^^^^^^^^^^^^^^^^
  File "C:\Users\rikes\ecommerce\venv\Lib\site-packages\django\utils\decorators.py", line 186, in _view_wrapper
    response = view_func(request, *args, **kwargs)
               ^^^^^^^^^^^^^^^^^^^^^^^^^^^^^^^^^^^
  File "C:\Users\rikes\ecommerce\products\views.py", line 80, in home
    return render(request, 'products/home.html', context)
           ^^^^^^^^^^^^^^^^^^^^^^^^^^^^^^^^^^^^^^^^^^^^^^
  File "C:\Users\rikes\ecommerce\venv\Lib\site-packages\django\shortcuts.py", line 25, in render
    content = loader.render_to_string(template_name, context, request, using=using)
              ^^^^^^^^^^^^^^^^^^^^^^^^^^^^^^^^^^^^^^^^^^^^^^^^^^^^^^^^^^^^^^^^^^^^^
  File "C:\Users\rikes\ecommerce\venv\Lib\site-packages\django\template\loader.py", line 62, in render_to_string
    return template.render(context, request)
           ^^^^^^^^^^^^^^^^^^^^^^^^^^^^^^^^^
  File "C:\Users\rikes\ecommerce\venv\Lib\site-packages\django\template\backends\django.py", line 107, in render
    return self.template.render(context)
           ^^^^^^^^^^^^^^^^^^^^^^^^^^^^^
  File "C:\Users\rikes\ecommerce\venv\Lib\site-packages\django\template\base.py", line 171, in render
    return self._render(context)
           ^^^^^^^^^^^^^^^^^^^^^
  File "C:\Users\rikes\ecommerce\venv\Lib\site-packages\django\template\base.py", line 163, in _render
    return self.nodelist.render(context)
           ^^^^^^^^^^^^^^^^^^^^^^^^^^^^^
  File "C:\Users\rikes\ecommerce\venv\Lib\site-packages\django\template\base.py", line 1008, in render
    return SafeString("".join([node.render_annotated(context) for node in self]))
                               ^^^^^^^^^^^^^^^^^^^^^^^^^^^^^^
  File "C:\Users\rikes\ecommerce\venv\Lib\site-packages\django\template\base.py", line 969, in render_annotated
    return self.render(context)
           ^^^^^^^^^^^^^^^^^^^^
  File "C:\Users\rikes\ecommerce\venv\Lib\site-packages\django\template\loader_tags.py", line 159, in render
    return compiled_parent._render(context)
           ^^^^^^^^^^^^^^^^^^^^^^^^^^^^^^^^
  File "C:\Users\rikes\ecommerce\venv\Lib\site-packages\django\template\base.py", line 163, in _render
    return self.nodelist.render(context)
           ^^^^^^^^^^^^^^^^^^^^^^^^^^^^^
  File "C:\Users\rikes\ecommerce\venv\Lib\site-packages\django\template\base.py", line 1008, in render
    return SafeString("".join([node.render_annotated(context) for node in self]))
                               ^^^^^^^^^^^^^^^^^^^^^^^^^^^^^^
  File "C:\Users\rikes\ecommerce\venv\Lib\site-packages\django\template\base.py", line 969, in render_annotated
    return self.render(context)
           ^^^^^^^^^^^^^^^^^^^^
  File "C:\Users\rikes\ecommerce\venv\Lib\site-packages\django\template\loader_tags.py", line 65, in render
    result = block.nodelist.render(context)
             ^^^^^^^^^^^^^^^^^^^^^^^^^^^^^^
  File "C:\Users\rikes\ecommerce\venv\Lib\site-packages\django\template\base.py", line 1008, in render
    return SafeString("".join([node.render_annotated(context) for node in self]))
                               ^^^^^^^^^^^^^^^^^^^^^^^^^^^^^^
  File "C:\Users\rikes\ecommerce\venv\Lib\site-packages\django\template\base.py", line 969, in render_annotated
    return self.render(context)
           ^^^^^^^^^^^^^^^^^^^^
  File "C:\Users\rikes\ecommerce\venv\Lib\site-packages\django\template\defaulttags.py", line 243, in render
    nodelist.append(node.render_annotated(context))
                    ^^^^^^^^^^^^^^^^^^^^^^^^^^^^^^
  File "C:\Users\rikes\ecommerce\venv\Lib\site-packages\django\template\base.py", line 969, in render_annotated
    return self.render(context)
           ^^^^^^^^^^^^^^^^^^^^
  File "C:\Users\rikes\ecommerce\venv\Lib\site-packages\django\template\defaulttags.py", line 480, in render
    url = reverse(view_name, args=args, kwargs=kwargs, current_app=current_app)
          ^^^^^^^^^^^^^^^^^^^^^^^^^^^^^^^^^^^^^^^^^^^^^^^^^^^^^^^^^^^^^^^^^^^^^
  File "C:\Users\rikes\ecommerce\venv\Lib\site-packages\django\urls\base.py", line 88, in reverse
    return resolver._reverse_with_prefix(view, prefix, *args, **kwargs)
           ^^^^^^^^^^^^^^^^^^^^^^^^^^^^^^^^^^^^^^^^^^^^^^^^^^^^^^^^^^^^
  File "C:\Users\rikes\ecommerce\venv\Lib\site-packages\django\urls\resolvers.py", line 831, in _reverse_with_prefix
    raise NoReverseMatch(msg)
django.urls.exceptions.NoReverseMatch: Reverse for 'category_products' not found. 'category_products' is not a valid view function or pattern name.
ERROR 2025-06-26 12:21:38,771 basehttp 6844 5768 "GET / HTTP/1.1" 500 211439
ERROR 2025-06-26 12:21:42,372 log 6844 5768 Internal Server Error: /
Traceback (most recent call last):
  File "C:\Users\rikes\ecommerce\venv\Lib\site-packages\django\core\handlers\exception.py", line 55, in inner
    response = get_response(request)
               ^^^^^^^^^^^^^^^^^^^^^
  File "C:\Users\rikes\ecommerce\venv\Lib\site-packages\django\core\handlers\base.py", line 197, in _get_response
    response = wrapped_callback(request, *callback_args, **callback_kwargs)
               ^^^^^^^^^^^^^^^^^^^^^^^^^^^^^^^^^^^^^^^^^^^^^^^^^^^^^^^^^^^^
  File "C:\Users\rikes\ecommerce\venv\Lib\site-packages\django\utils\decorators.py", line 188, in _view_wrapper
    result = _process_exception(request, e)
             ^^^^^^^^^^^^^^^^^^^^^^^^^^^^^^
  File "C:\Users\rikes\ecommerce\venv\Lib\site-packages\django\utils\decorators.py", line 186, in _view_wrapper
    response = view_func(request, *args, **kwargs)
               ^^^^^^^^^^^^^^^^^^^^^^^^^^^^^^^^^^^
  File "C:\Users\rikes\ecommerce\products\views.py", line 80, in home
    return render(request, 'products/home.html', context)
           ^^^^^^^^^^^^^^^^^^^^^^^^^^^^^^^^^^^^^^^^^^^^^^
  File "C:\Users\rikes\ecommerce\venv\Lib\site-packages\django\shortcuts.py", line 25, in render
    content = loader.render_to_string(template_name, context, request, using=using)
              ^^^^^^^^^^^^^^^^^^^^^^^^^^^^^^^^^^^^^^^^^^^^^^^^^^^^^^^^^^^^^^^^^^^^^
  File "C:\Users\rikes\ecommerce\venv\Lib\site-packages\django\template\loader.py", line 62, in render_to_string
    return template.render(context, request)
           ^^^^^^^^^^^^^^^^^^^^^^^^^^^^^^^^^
  File "C:\Users\rikes\ecommerce\venv\Lib\site-packages\django\template\backends\django.py", line 107, in render
    return self.template.render(context)
           ^^^^^^^^^^^^^^^^^^^^^^^^^^^^^
  File "C:\Users\rikes\ecommerce\venv\Lib\site-packages\django\template\base.py", line 171, in render
    return self._render(context)
           ^^^^^^^^^^^^^^^^^^^^^
  File "C:\Users\rikes\ecommerce\venv\Lib\site-packages\django\template\base.py", line 163, in _render
    return self.nodelist.render(context)
           ^^^^^^^^^^^^^^^^^^^^^^^^^^^^^
  File "C:\Users\rikes\ecommerce\venv\Lib\site-packages\django\template\base.py", line 1008, in render
    return SafeString("".join([node.render_annotated(context) for node in self]))
                               ^^^^^^^^^^^^^^^^^^^^^^^^^^^^^^
  File "C:\Users\rikes\ecommerce\venv\Lib\site-packages\django\template\base.py", line 969, in render_annotated
    return self.render(context)
           ^^^^^^^^^^^^^^^^^^^^
  File "C:\Users\rikes\ecommerce\venv\Lib\site-packages\django\template\loader_tags.py", line 159, in render
    return compiled_parent._render(context)
           ^^^^^^^^^^^^^^^^^^^^^^^^^^^^^^^^
  File "C:\Users\rikes\ecommerce\venv\Lib\site-packages\django\template\base.py", line 163, in _render
    return self.nodelist.render(context)
           ^^^^^^^^^^^^^^^^^^^^^^^^^^^^^
  File "C:\Users\rikes\ecommerce\venv\Lib\site-packages\django\template\base.py", line 1008, in render
    return SafeString("".join([node.render_annotated(context) for node in self]))
                               ^^^^^^^^^^^^^^^^^^^^^^^^^^^^^^
  File "C:\Users\rikes\ecommerce\venv\Lib\site-packages\django\template\base.py", line 969, in render_annotated
    return self.render(context)
           ^^^^^^^^^^^^^^^^^^^^
  File "C:\Users\rikes\ecommerce\venv\Lib\site-packages\django\template\loader_tags.py", line 65, in render
    result = block.nodelist.render(context)
             ^^^^^^^^^^^^^^^^^^^^^^^^^^^^^^
  File "C:\Users\rikes\ecommerce\venv\Lib\site-packages\django\template\base.py", line 1008, in render
    return SafeString("".join([node.render_annotated(context) for node in self]))
                               ^^^^^^^^^^^^^^^^^^^^^^^^^^^^^^
  File "C:\Users\rikes\ecommerce\venv\Lib\site-packages\django\template\base.py", line 969, in render_annotated
    return self.render(context)
           ^^^^^^^^^^^^^^^^^^^^
  File "C:\Users\rikes\ecommerce\venv\Lib\site-packages\django\template\defaulttags.py", line 243, in render
    nodelist.append(node.render_annotated(context))
                    ^^^^^^^^^^^^^^^^^^^^^^^^^^^^^^
  File "C:\Users\rikes\ecommerce\venv\Lib\site-packages\django\template\base.py", line 969, in render_annotated
    return self.render(context)
           ^^^^^^^^^^^^^^^^^^^^
  File "C:\Users\rikes\ecommerce\venv\Lib\site-packages\django\template\defaulttags.py", line 480, in render
    url = reverse(view_name, args=args, kwargs=kwargs, current_app=current_app)
          ^^^^^^^^^^^^^^^^^^^^^^^^^^^^^^^^^^^^^^^^^^^^^^^^^^^^^^^^^^^^^^^^^^^^^
  File "C:\Users\rikes\ecommerce\venv\Lib\site-packages\django\urls\base.py", line 88, in reverse
    return resolver._reverse_with_prefix(view, prefix, *args, **kwargs)
           ^^^^^^^^^^^^^^^^^^^^^^^^^^^^^^^^^^^^^^^^^^^^^^^^^^^^^^^^^^^^
  File "C:\Users\rikes\ecommerce\venv\Lib\site-packages\django\urls\resolvers.py", line 831, in _reverse_with_prefix
    raise NoReverseMatch(msg)
django.urls.exceptions.NoReverseMatch: Reverse for 'category_products' not found. 'category_products' is not a valid view function or pattern name.
ERROR 2025-06-26 12:21:42,393 basehttp 6844 5768 "GET / HTTP/1.1" 500 211439
ERROR 2025-06-26 12:34:05,365 log 6844 35108 Internal Server Error: /
Traceback (most recent call last):
  File "C:\Users\rikes\ecommerce\venv\Lib\site-packages\django\core\handlers\exception.py", line 55, in inner
    response = get_response(request)
               ^^^^^^^^^^^^^^^^^^^^^
  File "C:\Users\rikes\ecommerce\venv\Lib\site-packages\django\core\handlers\base.py", line 197, in _get_response
    response = wrapped_callback(request, *callback_args, **callback_kwargs)
               ^^^^^^^^^^^^^^^^^^^^^^^^^^^^^^^^^^^^^^^^^^^^^^^^^^^^^^^^^^^^
  File "C:\Users\rikes\ecommerce\venv\Lib\site-packages\django\utils\decorators.py", line 188, in _view_wrapper
    result = _process_exception(request, e)
             ^^^^^^^^^^^^^^^^^^^^^^^^^^^^^^
  File "C:\Users\rikes\ecommerce\venv\Lib\site-packages\django\utils\decorators.py", line 186, in _view_wrapper
    response = view_func(request, *args, **kwargs)
               ^^^^^^^^^^^^^^^^^^^^^^^^^^^^^^^^^^^
  File "C:\Users\rikes\ecommerce\products\views.py", line 80, in home
    return render(request, 'products/home.html', context)
           ^^^^^^^^^^^^^^^^^^^^^^^^^^^^^^^^^^^^^^^^^^^^^^
  File "C:\Users\rikes\ecommerce\venv\Lib\site-packages\django\shortcuts.py", line 25, in render
    content = loader.render_to_string(template_name, context, request, using=using)
              ^^^^^^^^^^^^^^^^^^^^^^^^^^^^^^^^^^^^^^^^^^^^^^^^^^^^^^^^^^^^^^^^^^^^^
  File "C:\Users\rikes\ecommerce\venv\Lib\site-packages\django\template\loader.py", line 62, in render_to_string
    return template.render(context, request)
           ^^^^^^^^^^^^^^^^^^^^^^^^^^^^^^^^^
  File "C:\Users\rikes\ecommerce\venv\Lib\site-packages\django\template\backends\django.py", line 107, in render
    return self.template.render(context)
           ^^^^^^^^^^^^^^^^^^^^^^^^^^^^^
  File "C:\Users\rikes\ecommerce\venv\Lib\site-packages\django\template\base.py", line 171, in render
    return self._render(context)
           ^^^^^^^^^^^^^^^^^^^^^
  File "C:\Users\rikes\ecommerce\venv\Lib\site-packages\django\template\base.py", line 163, in _render
    return self.nodelist.render(context)
           ^^^^^^^^^^^^^^^^^^^^^^^^^^^^^
  File "C:\Users\rikes\ecommerce\venv\Lib\site-packages\django\template\base.py", line 1008, in render
    return SafeString("".join([node.render_annotated(context) for node in self]))
                               ^^^^^^^^^^^^^^^^^^^^^^^^^^^^^^
  File "C:\Users\rikes\ecommerce\venv\Lib\site-packages\django\template\base.py", line 969, in render_annotated
    return self.render(context)
           ^^^^^^^^^^^^^^^^^^^^
  File "C:\Users\rikes\ecommerce\venv\Lib\site-packages\django\template\loader_tags.py", line 159, in render
    return compiled_parent._render(context)
           ^^^^^^^^^^^^^^^^^^^^^^^^^^^^^^^^
  File "C:\Users\rikes\ecommerce\venv\Lib\site-packages\django\template\base.py", line 163, in _render
    return self.nodelist.render(context)
           ^^^^^^^^^^^^^^^^^^^^^^^^^^^^^
  File "C:\Users\rikes\ecommerce\venv\Lib\site-packages\django\template\base.py", line 1008, in render
    return SafeString("".join([node.render_annotated(context) for node in self]))
                               ^^^^^^^^^^^^^^^^^^^^^^^^^^^^^^
  File "C:\Users\rikes\ecommerce\venv\Lib\site-packages\django\template\base.py", line 969, in render_annotated
    return self.render(context)
           ^^^^^^^^^^^^^^^^^^^^
  File "C:\Users\rikes\ecommerce\venv\Lib\site-packages\django\template\loader_tags.py", line 65, in render
    result = block.nodelist.render(context)
             ^^^^^^^^^^^^^^^^^^^^^^^^^^^^^^
  File "C:\Users\rikes\ecommerce\venv\Lib\site-packages\django\template\base.py", line 1008, in render
    return SafeString("".join([node.render_annotated(context) for node in self]))
                               ^^^^^^^^^^^^^^^^^^^^^^^^^^^^^^
  File "C:\Users\rikes\ecommerce\venv\Lib\site-packages\django\template\base.py", line 969, in render_annotated
    return self.render(context)
           ^^^^^^^^^^^^^^^^^^^^
  File "C:\Users\rikes\ecommerce\venv\Lib\site-packages\django\template\defaulttags.py", line 243, in render
    nodelist.append(node.render_annotated(context))
                    ^^^^^^^^^^^^^^^^^^^^^^^^^^^^^^
  File "C:\Users\rikes\ecommerce\venv\Lib\site-packages\django\template\base.py", line 969, in render_annotated
    return self.render(context)
           ^^^^^^^^^^^^^^^^^^^^
  File "C:\Users\rikes\ecommerce\venv\Lib\site-packages\django\template\defaulttags.py", line 480, in render
    url = reverse(view_name, args=args, kwargs=kwargs, current_app=current_app)
          ^^^^^^^^^^^^^^^^^^^^^^^^^^^^^^^^^^^^^^^^^^^^^^^^^^^^^^^^^^^^^^^^^^^^^
  File "C:\Users\rikes\ecommerce\venv\Lib\site-packages\django\urls\base.py", line 88, in reverse
    return resolver._reverse_with_prefix(view, prefix, *args, **kwargs)
           ^^^^^^^^^^^^^^^^^^^^^^^^^^^^^^^^^^^^^^^^^^^^^^^^^^^^^^^^^^^^
  File "C:\Users\rikes\ecommerce\venv\Lib\site-packages\django\urls\resolvers.py", line 831, in _reverse_with_prefix
    raise NoReverseMatch(msg)
django.urls.exceptions.NoReverseMatch: Reverse for 'category_products' not found. 'category_products' is not a valid view function or pattern name.
ERROR 2025-06-26 12:34:05,372 basehttp 6844 35108 "GET /?id=94fde36b-dbcb-4f9e-b366-af0421957ce3&vscodeBrowserReqId=1750937644926 HTTP/1.1" 500 211318
INFO 2025-06-26 12:34:28,058 basehttp 6844 23384 "GET /orders/checkout/?csrfmiddlewaretoken=Y2DxHEFpwy7SXX2yqUlq94shJaGbaobTVVlAcokS17pQnfVl1oZSN0G6hPHBJL90&first_name=Yogendra&last_name=Rai&email=rikesh%40example.com&address=13+Lovel+Avenue&city=London&state=Greater+London&zip_code=DA16+3JQ HTTP/1.1" 200 50994
INFO 2025-06-26 12:34:28,132 basehttp 6844 30948 "GET /static/js/riya-group-enhanced.js HTTP/1.1" 304 0
INFO 2025-06-26 12:34:28,152 basehttp 6844 23384 "GET /media/product_images/133941915096699689.jpg HTTP/1.1" 304 0
INFO 2025-06-26 12:34:30,771 basehttp 6844 23384 "GET /orders/checkout/?csrfmiddlewaretoken=Y2DxHEFpwy7SXX2yqUlq94shJaGbaobTVVlAcokS17pQnfVl1oZSN0G6hPHBJL90&first_name=Yogendra&last_name=Rai&email=rikesh%40example.com&address=13+Lovel+Avenue&city=London&state=Greater+London&zip_code=DA16+3JQ HTTP/1.1" 200 50994
ERROR 2025-06-26 12:34:33,506 log 6844 23384 Internal Server Error: /
Traceback (most recent call last):
  File "C:\Users\rikes\ecommerce\venv\Lib\site-packages\django\core\handlers\exception.py", line 55, in inner
    response = get_response(request)
               ^^^^^^^^^^^^^^^^^^^^^
  File "C:\Users\rikes\ecommerce\venv\Lib\site-packages\django\core\handlers\base.py", line 197, in _get_response
    response = wrapped_callback(request, *callback_args, **callback_kwargs)
               ^^^^^^^^^^^^^^^^^^^^^^^^^^^^^^^^^^^^^^^^^^^^^^^^^^^^^^^^^^^^
  File "C:\Users\rikes\ecommerce\venv\Lib\site-packages\django\utils\decorators.py", line 188, in _view_wrapper
    result = _process_exception(request, e)
             ^^^^^^^^^^^^^^^^^^^^^^^^^^^^^^
  File "C:\Users\rikes\ecommerce\venv\Lib\site-packages\django\utils\decorators.py", line 186, in _view_wrapper
    response = view_func(request, *args, **kwargs)
               ^^^^^^^^^^^^^^^^^^^^^^^^^^^^^^^^^^^
  File "C:\Users\rikes\ecommerce\products\views.py", line 80, in home
    return render(request, 'products/home.html', context)
           ^^^^^^^^^^^^^^^^^^^^^^^^^^^^^^^^^^^^^^^^^^^^^^
  File "C:\Users\rikes\ecommerce\venv\Lib\site-packages\django\shortcuts.py", line 25, in render
    content = loader.render_to_string(template_name, context, request, using=using)
              ^^^^^^^^^^^^^^^^^^^^^^^^^^^^^^^^^^^^^^^^^^^^^^^^^^^^^^^^^^^^^^^^^^^^^
  File "C:\Users\rikes\ecommerce\venv\Lib\site-packages\django\template\loader.py", line 62, in render_to_string
    return template.render(context, request)
           ^^^^^^^^^^^^^^^^^^^^^^^^^^^^^^^^^
  File "C:\Users\rikes\ecommerce\venv\Lib\site-packages\django\template\backends\django.py", line 107, in render
    return self.template.render(context)
           ^^^^^^^^^^^^^^^^^^^^^^^^^^^^^
  File "C:\Users\rikes\ecommerce\venv\Lib\site-packages\django\template\base.py", line 171, in render
    return self._render(context)
           ^^^^^^^^^^^^^^^^^^^^^
  File "C:\Users\rikes\ecommerce\venv\Lib\site-packages\django\template\base.py", line 163, in _render
    return self.nodelist.render(context)
           ^^^^^^^^^^^^^^^^^^^^^^^^^^^^^
  File "C:\Users\rikes\ecommerce\venv\Lib\site-packages\django\template\base.py", line 1008, in render
    return SafeString("".join([node.render_annotated(context) for node in self]))
                               ^^^^^^^^^^^^^^^^^^^^^^^^^^^^^^
  File "C:\Users\rikes\ecommerce\venv\Lib\site-packages\django\template\base.py", line 969, in render_annotated
    return self.render(context)
           ^^^^^^^^^^^^^^^^^^^^
  File "C:\Users\rikes\ecommerce\venv\Lib\site-packages\django\template\loader_tags.py", line 159, in render
    return compiled_parent._render(context)
           ^^^^^^^^^^^^^^^^^^^^^^^^^^^^^^^^
  File "C:\Users\rikes\ecommerce\venv\Lib\site-packages\django\template\base.py", line 163, in _render
    return self.nodelist.render(context)
           ^^^^^^^^^^^^^^^^^^^^^^^^^^^^^
  File "C:\Users\rikes\ecommerce\venv\Lib\site-packages\django\template\base.py", line 1008, in render
    return SafeString("".join([node.render_annotated(context) for node in self]))
                               ^^^^^^^^^^^^^^^^^^^^^^^^^^^^^^
  File "C:\Users\rikes\ecommerce\venv\Lib\site-packages\django\template\base.py", line 969, in render_annotated
    return self.render(context)
           ^^^^^^^^^^^^^^^^^^^^
  File "C:\Users\rikes\ecommerce\venv\Lib\site-packages\django\template\loader_tags.py", line 65, in render
    result = block.nodelist.render(context)
             ^^^^^^^^^^^^^^^^^^^^^^^^^^^^^^
  File "C:\Users\rikes\ecommerce\venv\Lib\site-packages\django\template\base.py", line 1008, in render
    return SafeString("".join([node.render_annotated(context) for node in self]))
                               ^^^^^^^^^^^^^^^^^^^^^^^^^^^^^^
  File "C:\Users\rikes\ecommerce\venv\Lib\site-packages\django\template\base.py", line 969, in render_annotated
    return self.render(context)
           ^^^^^^^^^^^^^^^^^^^^
  File "C:\Users\rikes\ecommerce\venv\Lib\site-packages\django\template\defaulttags.py", line 243, in render
    nodelist.append(node.render_annotated(context))
                    ^^^^^^^^^^^^^^^^^^^^^^^^^^^^^^
  File "C:\Users\rikes\ecommerce\venv\Lib\site-packages\django\template\base.py", line 969, in render_annotated
    return self.render(context)
           ^^^^^^^^^^^^^^^^^^^^
  File "C:\Users\rikes\ecommerce\venv\Lib\site-packages\django\template\defaulttags.py", line 480, in render
    url = reverse(view_name, args=args, kwargs=kwargs, current_app=current_app)
          ^^^^^^^^^^^^^^^^^^^^^^^^^^^^^^^^^^^^^^^^^^^^^^^^^^^^^^^^^^^^^^^^^^^^^
  File "C:\Users\rikes\ecommerce\venv\Lib\site-packages\django\urls\base.py", line 88, in reverse
    return resolver._reverse_with_prefix(view, prefix, *args, **kwargs)
           ^^^^^^^^^^^^^^^^^^^^^^^^^^^^^^^^^^^^^^^^^^^^^^^^^^^^^^^^^^^^
  File "C:\Users\rikes\ecommerce\venv\Lib\site-packages\django\urls\resolvers.py", line 831, in _reverse_with_prefix
    raise NoReverseMatch(msg)
django.urls.exceptions.NoReverseMatch: Reverse for 'category_products' not found. 'category_products' is not a valid view function or pattern name.
ERROR 2025-06-26 12:34:33,520 basehttp 6844 23384 "GET / HTTP/1.1" 500 211826
ERROR 2025-06-26 12:34:36,718 log 6844 23384 Internal Server Error: /
Traceback (most recent call last):
  File "C:\Users\rikes\ecommerce\venv\Lib\site-packages\django\core\handlers\exception.py", line 55, in inner
    response = get_response(request)
               ^^^^^^^^^^^^^^^^^^^^^
  File "C:\Users\rikes\ecommerce\venv\Lib\site-packages\django\core\handlers\base.py", line 197, in _get_response
    response = wrapped_callback(request, *callback_args, **callback_kwargs)
               ^^^^^^^^^^^^^^^^^^^^^^^^^^^^^^^^^^^^^^^^^^^^^^^^^^^^^^^^^^^^
  File "C:\Users\rikes\ecommerce\venv\Lib\site-packages\django\utils\decorators.py", line 188, in _view_wrapper
    result = _process_exception(request, e)
             ^^^^^^^^^^^^^^^^^^^^^^^^^^^^^^
  File "C:\Users\rikes\ecommerce\venv\Lib\site-packages\django\utils\decorators.py", line 186, in _view_wrapper
    response = view_func(request, *args, **kwargs)
               ^^^^^^^^^^^^^^^^^^^^^^^^^^^^^^^^^^^
  File "C:\Users\rikes\ecommerce\products\views.py", line 80, in home
    return render(request, 'products/home.html', context)
           ^^^^^^^^^^^^^^^^^^^^^^^^^^^^^^^^^^^^^^^^^^^^^^
  File "C:\Users\rikes\ecommerce\venv\Lib\site-packages\django\shortcuts.py", line 25, in render
    content = loader.render_to_string(template_name, context, request, using=using)
              ^^^^^^^^^^^^^^^^^^^^^^^^^^^^^^^^^^^^^^^^^^^^^^^^^^^^^^^^^^^^^^^^^^^^^
  File "C:\Users\rikes\ecommerce\venv\Lib\site-packages\django\template\loader.py", line 62, in render_to_string
    return template.render(context, request)
           ^^^^^^^^^^^^^^^^^^^^^^^^^^^^^^^^^
  File "C:\Users\rikes\ecommerce\venv\Lib\site-packages\django\template\backends\django.py", line 107, in render
    return self.template.render(context)
           ^^^^^^^^^^^^^^^^^^^^^^^^^^^^^
  File "C:\Users\rikes\ecommerce\venv\Lib\site-packages\django\template\base.py", line 171, in render
    return self._render(context)
           ^^^^^^^^^^^^^^^^^^^^^
  File "C:\Users\rikes\ecommerce\venv\Lib\site-packages\django\template\base.py", line 163, in _render
    return self.nodelist.render(context)
           ^^^^^^^^^^^^^^^^^^^^^^^^^^^^^
  File "C:\Users\rikes\ecommerce\venv\Lib\site-packages\django\template\base.py", line 1008, in render
    return SafeString("".join([node.render_annotated(context) for node in self]))
                               ^^^^^^^^^^^^^^^^^^^^^^^^^^^^^^
  File "C:\Users\rikes\ecommerce\venv\Lib\site-packages\django\template\base.py", line 969, in render_annotated
    return self.render(context)
           ^^^^^^^^^^^^^^^^^^^^
  File "C:\Users\rikes\ecommerce\venv\Lib\site-packages\django\template\loader_tags.py", line 159, in render
    return compiled_parent._render(context)
           ^^^^^^^^^^^^^^^^^^^^^^^^^^^^^^^^
  File "C:\Users\rikes\ecommerce\venv\Lib\site-packages\django\template\base.py", line 163, in _render
    return self.nodelist.render(context)
           ^^^^^^^^^^^^^^^^^^^^^^^^^^^^^
  File "C:\Users\rikes\ecommerce\venv\Lib\site-packages\django\template\base.py", line 1008, in render
    return SafeString("".join([node.render_annotated(context) for node in self]))
                               ^^^^^^^^^^^^^^^^^^^^^^^^^^^^^^
  File "C:\Users\rikes\ecommerce\venv\Lib\site-packages\django\template\base.py", line 969, in render_annotated
    return self.render(context)
           ^^^^^^^^^^^^^^^^^^^^
  File "C:\Users\rikes\ecommerce\venv\Lib\site-packages\django\template\loader_tags.py", line 65, in render
    result = block.nodelist.render(context)
             ^^^^^^^^^^^^^^^^^^^^^^^^^^^^^^
  File "C:\Users\rikes\ecommerce\venv\Lib\site-packages\django\template\base.py", line 1008, in render
    return SafeString("".join([node.render_annotated(context) for node in self]))
                               ^^^^^^^^^^^^^^^^^^^^^^^^^^^^^^
  File "C:\Users\rikes\ecommerce\venv\Lib\site-packages\django\template\base.py", line 969, in render_annotated
    return self.render(context)
           ^^^^^^^^^^^^^^^^^^^^
  File "C:\Users\rikes\ecommerce\venv\Lib\site-packages\django\template\defaulttags.py", line 243, in render
    nodelist.append(node.render_annotated(context))
                    ^^^^^^^^^^^^^^^^^^^^^^^^^^^^^^
  File "C:\Users\rikes\ecommerce\venv\Lib\site-packages\django\template\base.py", line 969, in render_annotated
    return self.render(context)
           ^^^^^^^^^^^^^^^^^^^^
  File "C:\Users\rikes\ecommerce\venv\Lib\site-packages\django\template\defaulttags.py", line 480, in render
    url = reverse(view_name, args=args, kwargs=kwargs, current_app=current_app)
          ^^^^^^^^^^^^^^^^^^^^^^^^^^^^^^^^^^^^^^^^^^^^^^^^^^^^^^^^^^^^^^^^^^^^^
  File "C:\Users\rikes\ecommerce\venv\Lib\site-packages\django\urls\base.py", line 88, in reverse
    return resolver._reverse_with_prefix(view, prefix, *args, **kwargs)
           ^^^^^^^^^^^^^^^^^^^^^^^^^^^^^^^^^^^^^^^^^^^^^^^^^^^^^^^^^^^^
  File "C:\Users\rikes\ecommerce\venv\Lib\site-packages\django\urls\resolvers.py", line 831, in _reverse_with_prefix
    raise NoReverseMatch(msg)
django.urls.exceptions.NoReverseMatch: Reverse for 'category_products' not found. 'category_products' is not a valid view function or pattern name.
ERROR 2025-06-26 12:34:36,727 basehttp 6844 23384 "GET / HTTP/1.1" 500 211963
ERROR 2025-06-26 12:35:20,619 log 6844 23384 Internal Server Error: /
Traceback (most recent call last):
  File "C:\Users\rikes\ecommerce\venv\Lib\site-packages\django\core\handlers\exception.py", line 55, in inner
    response = get_response(request)
               ^^^^^^^^^^^^^^^^^^^^^
  File "C:\Users\rikes\ecommerce\venv\Lib\site-packages\django\core\handlers\base.py", line 197, in _get_response
    response = wrapped_callback(request, *callback_args, **callback_kwargs)
               ^^^^^^^^^^^^^^^^^^^^^^^^^^^^^^^^^^^^^^^^^^^^^^^^^^^^^^^^^^^^
  File "C:\Users\rikes\ecommerce\venv\Lib\site-packages\django\utils\decorators.py", line 188, in _view_wrapper
    result = _process_exception(request, e)
             ^^^^^^^^^^^^^^^^^^^^^^^^^^^^^^
  File "C:\Users\rikes\ecommerce\venv\Lib\site-packages\django\utils\decorators.py", line 186, in _view_wrapper
    response = view_func(request, *args, **kwargs)
               ^^^^^^^^^^^^^^^^^^^^^^^^^^^^^^^^^^^
  File "C:\Users\rikes\ecommerce\products\views.py", line 80, in home
    return render(request, 'products/home.html', context)
           ^^^^^^^^^^^^^^^^^^^^^^^^^^^^^^^^^^^^^^^^^^^^^^
  File "C:\Users\rikes\ecommerce\venv\Lib\site-packages\django\shortcuts.py", line 25, in render
    content = loader.render_to_string(template_name, context, request, using=using)
              ^^^^^^^^^^^^^^^^^^^^^^^^^^^^^^^^^^^^^^^^^^^^^^^^^^^^^^^^^^^^^^^^^^^^^
  File "C:\Users\rikes\ecommerce\venv\Lib\site-packages\django\template\loader.py", line 62, in render_to_string
    return template.render(context, request)
           ^^^^^^^^^^^^^^^^^^^^^^^^^^^^^^^^^
  File "C:\Users\rikes\ecommerce\venv\Lib\site-packages\django\template\backends\django.py", line 107, in render
    return self.template.render(context)
           ^^^^^^^^^^^^^^^^^^^^^^^^^^^^^
  File "C:\Users\rikes\ecommerce\venv\Lib\site-packages\django\template\base.py", line 171, in render
    return self._render(context)
           ^^^^^^^^^^^^^^^^^^^^^
  File "C:\Users\rikes\ecommerce\venv\Lib\site-packages\django\template\base.py", line 163, in _render
    return self.nodelist.render(context)
           ^^^^^^^^^^^^^^^^^^^^^^^^^^^^^
  File "C:\Users\rikes\ecommerce\venv\Lib\site-packages\django\template\base.py", line 1008, in render
    return SafeString("".join([node.render_annotated(context) for node in self]))
                               ^^^^^^^^^^^^^^^^^^^^^^^^^^^^^^
  File "C:\Users\rikes\ecommerce\venv\Lib\site-packages\django\template\base.py", line 969, in render_annotated
    return self.render(context)
           ^^^^^^^^^^^^^^^^^^^^
  File "C:\Users\rikes\ecommerce\venv\Lib\site-packages\django\template\loader_tags.py", line 159, in render
    return compiled_parent._render(context)
           ^^^^^^^^^^^^^^^^^^^^^^^^^^^^^^^^
  File "C:\Users\rikes\ecommerce\venv\Lib\site-packages\django\template\base.py", line 163, in _render
    return self.nodelist.render(context)
           ^^^^^^^^^^^^^^^^^^^^^^^^^^^^^
  File "C:\Users\rikes\ecommerce\venv\Lib\site-packages\django\template\base.py", line 1008, in render
    return SafeString("".join([node.render_annotated(context) for node in self]))
                               ^^^^^^^^^^^^^^^^^^^^^^^^^^^^^^
  File "C:\Users\rikes\ecommerce\venv\Lib\site-packages\django\template\base.py", line 969, in render_annotated
    return self.render(context)
           ^^^^^^^^^^^^^^^^^^^^
  File "C:\Users\rikes\ecommerce\venv\Lib\site-packages\django\template\loader_tags.py", line 65, in render
    result = block.nodelist.render(context)
             ^^^^^^^^^^^^^^^^^^^^^^^^^^^^^^
  File "C:\Users\rikes\ecommerce\venv\Lib\site-packages\django\template\base.py", line 1008, in render
    return SafeString("".join([node.render_annotated(context) for node in self]))
                               ^^^^^^^^^^^^^^^^^^^^^^^^^^^^^^
  File "C:\Users\rikes\ecommerce\venv\Lib\site-packages\django\template\base.py", line 969, in render_annotated
    return self.render(context)
           ^^^^^^^^^^^^^^^^^^^^
  File "C:\Users\rikes\ecommerce\venv\Lib\site-packages\django\template\defaulttags.py", line 243, in render
    nodelist.append(node.render_annotated(context))
                    ^^^^^^^^^^^^^^^^^^^^^^^^^^^^^^
  File "C:\Users\rikes\ecommerce\venv\Lib\site-packages\django\template\base.py", line 969, in render_annotated
    return self.render(context)
           ^^^^^^^^^^^^^^^^^^^^
  File "C:\Users\rikes\ecommerce\venv\Lib\site-packages\django\template\defaulttags.py", line 480, in render
    url = reverse(view_name, args=args, kwargs=kwargs, current_app=current_app)
          ^^^^^^^^^^^^^^^^^^^^^^^^^^^^^^^^^^^^^^^^^^^^^^^^^^^^^^^^^^^^^^^^^^^^^
  File "C:\Users\rikes\ecommerce\venv\Lib\site-packages\django\urls\base.py", line 88, in reverse
    return resolver._reverse_with_prefix(view, prefix, *args, **kwargs)
           ^^^^^^^^^^^^^^^^^^^^^^^^^^^^^^^^^^^^^^^^^^^^^^^^^^^^^^^^^^^^
  File "C:\Users\rikes\ecommerce\venv\Lib\site-packages\django\urls\resolvers.py", line 831, in _reverse_with_prefix
    raise NoReverseMatch(msg)
django.urls.exceptions.NoReverseMatch: Reverse for 'category_products' not found. 'category_products' is not a valid view function or pattern name.
ERROR 2025-06-26 12:35:20,623 basehttp 6844 23384 "GET / HTTP/1.1" 500 211410
INFO 2025-06-26 12:35:35,052 basehttp 6844 35108 "GET /?id=94fde36b-dbcb-4f9e-b366-af0421957ce3&vscodeBrowserReqId=1750937734914 HTTP/1.1" 200 67005
INFO 2025-06-26 12:35:49,850 basehttp 6844 23384 "GET / HTTP/1.1" 200 67855
INFO 2025-06-26 12:35:49,925 basehttp 6844 23384 "GET /media/banners/133886706141016313.jpg HTTP/1.1" 304 0
INFO 2025-06-26 12:37:04,804 basehttp 6844 23384 "GET /products/ HTTP/1.1" 200 53820
ERROR 2025-06-26 12:37:08,619 log 6844 23384 Internal Server Error: /products/category/sports/
Traceback (most recent call last):
  File "C:\Users\rikes\ecommerce\venv\Lib\site-packages\django\core\handlers\exception.py", line 55, in inner
    response = get_response(request)
               ^^^^^^^^^^^^^^^^^^^^^
  File "C:\Users\rikes\ecommerce\venv\Lib\site-packages\django\core\handlers\base.py", line 197, in _get_response
    response = wrapped_callback(request, *callback_args, **callback_kwargs)
               ^^^^^^^^^^^^^^^^^^^^^^^^^^^^^^^^^^^^^^^^^^^^^^^^^^^^^^^^^^^^
  File "C:\Users\rikes\ecommerce\products\views.py", line 341, in category_detail
    return render(request, 'products/category_detail.html', context)
           ^^^^^^^^^^^^^^^^^^^^^^^^^^^^^^^^^^^^^^^^^^^^^^^^^^^^^^^^^
  File "C:\Users\rikes\ecommerce\venv\Lib\site-packages\django\shortcuts.py", line 25, in render
    content = loader.render_to_string(template_name, context, request, using=using)
              ^^^^^^^^^^^^^^^^^^^^^^^^^^^^^^^^^^^^^^^^^^^^^^^^^^^^^^^^^^^^^^^^^^^^^
  File "C:\Users\rikes\ecommerce\venv\Lib\site-packages\django\template\loader.py", line 61, in render_to_string
    template = get_template(template_name, using=using)
               ^^^^^^^^^^^^^^^^^^^^^^^^^^^^^^^^^^^^^^^^
  File "C:\Users\rikes\ecommerce\venv\Lib\site-packages\django\template\loader.py", line 19, in get_template
    raise TemplateDoesNotExist(template_name, chain=chain)
django.template.exceptions.TemplateDoesNotExist: products/category_detail.html
ERROR 2025-06-26 12:37:08,625 basehttp 6844 23384 "GET /products/category/sports/ HTTP/1.1" 500 89368
ERROR 2025-06-26 12:37:21,561 log 6844 23384 Internal Server Error: /products/category/sports/
Traceback (most recent call last):
  File "C:\Users\rikes\ecommerce\venv\Lib\site-packages\django\core\handlers\exception.py", line 55, in inner
    response = get_response(request)
               ^^^^^^^^^^^^^^^^^^^^^
  File "C:\Users\rikes\ecommerce\venv\Lib\site-packages\django\core\handlers\base.py", line 197, in _get_response
    response = wrapped_callback(request, *callback_args, **callback_kwargs)
               ^^^^^^^^^^^^^^^^^^^^^^^^^^^^^^^^^^^^^^^^^^^^^^^^^^^^^^^^^^^^
  File "C:\Users\rikes\ecommerce\products\views.py", line 341, in category_detail
    return render(request, 'products/category_detail.html', context)
           ^^^^^^^^^^^^^^^^^^^^^^^^^^^^^^^^^^^^^^^^^^^^^^^^^^^^^^^^^
  File "C:\Users\rikes\ecommerce\venv\Lib\site-packages\django\shortcuts.py", line 25, in render
    content = loader.render_to_string(template_name, context, request, using=using)
              ^^^^^^^^^^^^^^^^^^^^^^^^^^^^^^^^^^^^^^^^^^^^^^^^^^^^^^^^^^^^^^^^^^^^^
  File "C:\Users\rikes\ecommerce\venv\Lib\site-packages\django\template\loader.py", line 61, in render_to_string
    template = get_template(template_name, using=using)
               ^^^^^^^^^^^^^^^^^^^^^^^^^^^^^^^^^^^^^^^^
  File "C:\Users\rikes\ecommerce\venv\Lib\site-packages\django\template\loader.py", line 19, in get_template
    raise TemplateDoesNotExist(template_name, chain=chain)
django.template.exceptions.TemplateDoesNotExist: products/category_detail.html
ERROR 2025-06-26 12:37:21,567 basehttp 6844 23384 "GET /products/category/sports/ HTTP/1.1" 500 89368
INFO 2025-06-26 12:42:32,628 basehttp 6844 31484 "GET /?id=94fde36b-dbcb-4f9e-b366-af0421957ce3&vscodeBrowserReqId=1750938152426 HTTP/1.1" 200 77863
INFO 2025-06-26 12:43:01,260 basehttp 6844 31532 "GET /products/ HTTP/1.1" 200 64678
INFO 2025-06-26 12:43:01,318 basehttp 6844 31532 "GET /static/js/riya-group-enhanced.js HTTP/1.1" 304 0
INFO 2025-06-26 12:43:35,450 basehttp 6844 31948 "GET /?id=94fde36b-dbcb-4f9e-b366-af0421957ce3&vscodeBrowserReqId=1750938215252 HTTP/1.1" 200 77863
INFO 2025-06-26 12:43:48,254 basehttp 6844 31948 "GET /?id=94fde36b-dbcb-4f9e-b366-af0421957ce3&vscodeBrowserReqId=1750938228137 HTTP/1.1" 200 77863
INFO 2025-06-26 12:44:14,876 basehttp 6844 35288 "GET /products/ HTTP/1.1" 200 64678
INFO 2025-06-26 12:44:30,301 basehttp 6844 35288 "GET /products/ HTTP/1.1" 200 64678
ERROR 2025-06-26 12:44:36,636 log 6844 35288 Internal Server Error: /products/wishlist/
Traceback (most recent call last):
  File "C:\Users\rikes\ecommerce\venv\Lib\site-packages\django\core\handlers\exception.py", line 55, in inner
    response = get_response(request)
               ^^^^^^^^^^^^^^^^^^^^^
  File "C:\Users\rikes\ecommerce\venv\Lib\site-packages\django\core\handlers\base.py", line 197, in _get_response
    response = wrapped_callback(request, *callback_args, **callback_kwargs)
               ^^^^^^^^^^^^^^^^^^^^^^^^^^^^^^^^^^^^^^^^^^^^^^^^^^^^^^^^^^^^
  File "C:\Users\rikes\ecommerce\venv\Lib\site-packages\django\contrib\auth\decorators.py", line 60, in _view_wrapper
    return view_func(request, *args, **kwargs)
           ^^^^^^^^^^^^^^^^^^^^^^^^^^^^^^^^^^^
  File "C:\Users\rikes\ecommerce\products\views.py", line 299, in wishlist_view
    return render(request, 'products/wishlist.html', context)
           ^^^^^^^^^^^^^^^^^^^^^^^^^^^^^^^^^^^^^^^^^^^^^^^^^^
  File "C:\Users\rikes\ecommerce\venv\Lib\site-packages\django\shortcuts.py", line 25, in render
    content = loader.render_to_string(template_name, context, request, using=using)
              ^^^^^^^^^^^^^^^^^^^^^^^^^^^^^^^^^^^^^^^^^^^^^^^^^^^^^^^^^^^^^^^^^^^^^
  File "C:\Users\rikes\ecommerce\venv\Lib\site-packages\django\template\loader.py", line 61, in render_to_string
    template = get_template(template_name, using=using)
               ^^^^^^^^^^^^^^^^^^^^^^^^^^^^^^^^^^^^^^^^
  File "C:\Users\rikes\ecommerce\venv\Lib\site-packages\django\template\loader.py", line 19, in get_template
    raise TemplateDoesNotExist(template_name, chain=chain)
django.template.exceptions.TemplateDoesNotExist: products/wishlist.html
ERROR 2025-06-26 12:44:36,644 basehttp 6844 35288 "GET /products/wishlist/ HTTP/1.1" 500 93166
INFO 2025-06-26 12:52:15,546 basehttp 6844 5096 "GET /products/ HTTP/1.1" 200 64820
INFO 2025-06-26 12:52:15,595 basehttp 6844 5096 "GET /static/js/riya-group-enhanced.js HTTP/1.1" 304 0
INFO 2025-06-26 12:52:15,613 basehttp 6844 21428 "GET /media/product_images/133941915096699689.jpg HTTP/1.1" 304 0
INFO 2025-06-26 12:52:20,061 basehttp 6844 21428 "GET / HTTP/1.1" 200 78855
INFO 2025-06-26 12:52:20,170 basehttp 6844 21428 "GET /media/banners/133886706141016313.jpg HTTP/1.1" 304 0
INFO 2025-06-26 12:52:31,295 basehttp 6844 21428 "GET / HTTP/1.1" 200 78855
INFO 2025-06-26 12:52:33,006 basehttp 6844 21428 "GET / HTTP/1.1" 200 78855
INFO 2025-06-26 12:52:34,790 basehttp 6844 21428 "GET / HTTP/1.1" 200 78855
INFO 2025-06-26 12:53:10,605 basehttp 6844 21428 "GET /products/product/7/ HTTP/1.1" 302 0
INFO 2025-06-26 12:53:10,737 basehttp 6844 21428 "GET /products/ HTTP/1.1" 200 64820
INFO 2025-06-26 12:53:26,437 basehttp 6844 21428 "GET /products/product/4/ HTTP/1.1" 302 0
INFO 2025-06-26 12:53:26,553 basehttp 6844 21428 "GET /products/ HTTP/1.1" 200 64820
WARNING 2025-06-26 12:53:49,768 base 6844 21428 Method Not Allowed (GET): /accounts/logout/
WARNING 2025-06-26 12:53:49,804 log 6844 21428 Method Not Allowed: /accounts/logout/
WARNING 2025-06-26 12:53:49,806 basehttp 6844 21428 "GET /accounts/logout/ HTTP/1.1" 405 0
INFO 2025-06-26 12:54:02,613 basehttp 6844 21428 "GET /accounts/profile/ HTTP/1.1" 200 51724
INFO 2025-06-26 12:54:14,266 basehttp 6844 21428 "GET /products/support/ HTTP/1.1" 200 66237
ERROR 2025-06-26 12:54:16,427 log 6844 21428 Internal Server Error: /products/gift-cards/
Traceback (most recent call last):
  File "C:\Users\rikes\ecommerce\venv\Lib\site-packages\django\core\handlers\exception.py", line 55, in inner
    response = get_response(request)
               ^^^^^^^^^^^^^^^^^^^^^
  File "C:\Users\rikes\ecommerce\venv\Lib\site-packages\django\core\handlers\base.py", line 197, in _get_response
    response = wrapped_callback(request, *callback_args, **callback_kwargs)
               ^^^^^^^^^^^^^^^^^^^^^^^^^^^^^^^^^^^^^^^^^^^^^^^^^^^^^^^^^^^^
  File "C:\Users\rikes\ecommerce\products\views.py", line 527, in gift_cards
    return render(request, 'products/gift_cards.html', context)
           ^^^^^^^^^^^^^^^^^^^^^^^^^^^^^^^^^^^^^^^^^^^^^^^^^^^^
  File "C:\Users\rikes\ecommerce\venv\Lib\site-packages\django\shortcuts.py", line 25, in render
    content = loader.render_to_string(template_name, context, request, using=using)
              ^^^^^^^^^^^^^^^^^^^^^^^^^^^^^^^^^^^^^^^^^^^^^^^^^^^^^^^^^^^^^^^^^^^^^
  File "C:\Users\rikes\ecommerce\venv\Lib\site-packages\django\template\loader.py", line 61, in render_to_string
    template = get_template(template_name, using=using)
               ^^^^^^^^^^^^^^^^^^^^^^^^^^^^^^^^^^^^^^^^
  File "C:\Users\rikes\ecommerce\venv\Lib\site-packages\django\template\loader.py", line 19, in get_template
    raise TemplateDoesNotExist(template_name, chain=chain)
django.template.exceptions.TemplateDoesNotExist: products/gift_cards.html
ERROR 2025-06-26 12:54:16,432 basehttp 6844 21428 "GET /products/gift-cards/ HTTP/1.1" 500 87782
ERROR 2025-06-26 12:54:20,494 log 6844 21428 Internal Server Error: /products/deals/
Traceback (most recent call last):
  File "C:\Users\rikes\ecommerce\venv\Lib\site-packages\django\core\handlers\exception.py", line 55, in inner
    response = get_response(request)
               ^^^^^^^^^^^^^^^^^^^^^
  File "C:\Users\rikes\ecommerce\venv\Lib\site-packages\django\core\handlers\base.py", line 197, in _get_response
    response = wrapped_callback(request, *callback_args, **callback_kwargs)
               ^^^^^^^^^^^^^^^^^^^^^^^^^^^^^^^^^^^^^^^^^^^^^^^^^^^^^^^^^^^^
  File "C:\Users\rikes\ecommerce\products\views.py", line 390, in deals
    products = Product.objects.filter(
               ^^^^^^^^^^^^^^^^^^^^^^^
  File "C:\Users\rikes\ecommerce\venv\Lib\site-packages\django\db\models\manager.py", line 87, in manager_method
    return getattr(self.get_queryset(), name)(*args, **kwargs)
           ^^^^^^^^^^^^^^^^^^^^^^^^^^^^^^^^^^^^^^^^^^^^^^^^^^^
  File "C:\Users\rikes\ecommerce\venv\Lib\site-packages\django\db\models\query.py", line 1476, in filter
    return self._filter_or_exclude(False, args, kwargs)
           ^^^^^^^^^^^^^^^^^^^^^^^^^^^^^^^^^^^^^^^^^^^^
  File "C:\Users\rikes\ecommerce\venv\Lib\site-packages\django\db\models\query.py", line 1494, in _filter_or_exclude
    clone._filter_or_exclude_inplace(negate, args, kwargs)
  File "C:\Users\rikes\ecommerce\venv\Lib\site-packages\django\db\models\query.py", line 1501, in _filter_or_exclude_inplace
    self._query.add_q(Q(*args, **kwargs))
  File "C:\Users\rikes\ecommerce\venv\Lib\site-packages\django\db\models\sql\query.py", line 1609, in add_q
    clause, _ = self._add_q(q_object, self.used_aliases)
                ^^^^^^^^^^^^^^^^^^^^^^^^^^^^^^^^^^^^^^^^
  File "C:\Users\rikes\ecommerce\venv\Lib\site-packages\django\db\models\sql\query.py", line 1641, in _add_q
    child_clause, needed_inner = self.build_filter(
                                 ^^^^^^^^^^^^^^^^^^
  File "C:\Users\rikes\ecommerce\venv\Lib\site-packages\django\db\models\sql\query.py", line 1491, in build_filter
    lookups, parts, reffed_expression = self.solve_lookup_type(arg, summarize)
                                        ^^^^^^^^^^^^^^^^^^^^^^^^^^^^^^^^^^^^^^
  File "C:\Users\rikes\ecommerce\venv\Lib\site-packages\django\db\models\sql\query.py", line 1303, in solve_lookup_type
    _, field, _, lookup_parts = self.names_to_path(lookup_splitted, self.get_meta())
                                ^^^^^^^^^^^^^^^^^^^^^^^^^^^^^^^^^^^^^^^^^^^^^^^^^^^^
  File "C:\Users\rikes\ecommerce\venv\Lib\site-packages\django\db\models\sql\query.py", line 1768, in names_to_path
    raise FieldError(
django.core.exceptions.FieldError: Cannot resolve keyword 'discount_percentage' into field. Choices are: allow_backorders, banner, brand, brand_id, cartitem, category, category_id, compare_price, condition, cost_price, created_at, description, dimensions, id, image, images, is_active, is_digital, is_featured, low_stock_threshold, meta_description, meta_title, name, orderitem, price, product_views, requires_shipping, reviews, sales_count, short_description, slug, stock, tags, track_quantity, updated_at, variants, views_count, weight, wishlist
ERROR 2025-06-26 12:54:20,522 basehttp 6844 21428 "GET /products/deals/ HTTP/1.1" 500 118437
ERROR 2025-06-26 12:54:24,350 log 6844 21428 Internal Server Error: /products/wishlist/
Traceback (most recent call last):
  File "C:\Users\rikes\ecommerce\venv\Lib\site-packages\django\core\handlers\exception.py", line 55, in inner
    response = get_response(request)
               ^^^^^^^^^^^^^^^^^^^^^
  File "C:\Users\rikes\ecommerce\venv\Lib\site-packages\django\core\handlers\base.py", line 197, in _get_response
    response = wrapped_callback(request, *callback_args, **callback_kwargs)
               ^^^^^^^^^^^^^^^^^^^^^^^^^^^^^^^^^^^^^^^^^^^^^^^^^^^^^^^^^^^^
  File "C:\Users\rikes\ecommerce\venv\Lib\site-packages\django\contrib\auth\decorators.py", line 60, in _view_wrapper
    return view_func(request, *args, **kwargs)
           ^^^^^^^^^^^^^^^^^^^^^^^^^^^^^^^^^^^
  File "C:\Users\rikes\ecommerce\products\views.py", line 299, in wishlist_view
    return render(request, 'products/wishlist.html', context)
           ^^^^^^^^^^^^^^^^^^^^^^^^^^^^^^^^^^^^^^^^^^^^^^^^^^
  File "C:\Users\rikes\ecommerce\venv\Lib\site-packages\django\shortcuts.py", line 25, in render
    content = loader.render_to_string(template_name, context, request, using=using)
              ^^^^^^^^^^^^^^^^^^^^^^^^^^^^^^^^^^^^^^^^^^^^^^^^^^^^^^^^^^^^^^^^^^^^^
  File "C:\Users\rikes\ecommerce\venv\Lib\site-packages\django\template\loader.py", line 61, in render_to_string
    template = get_template(template_name, using=using)
               ^^^^^^^^^^^^^^^^^^^^^^^^^^^^^^^^^^^^^^^^
  File "C:\Users\rikes\ecommerce\venv\Lib\site-packages\django\template\loader.py", line 19, in get_template
    raise TemplateDoesNotExist(template_name, chain=chain)
django.template.exceptions.TemplateDoesNotExist: products/wishlist.html
ERROR 2025-06-26 12:54:24,355 basehttp 6844 21428 "GET /products/wishlist/ HTTP/1.1" 500 93174
WARNING 2025-06-26 12:54:28,145 log 6844 21428 Not Found: /products/category/fashion/
WARNING 2025-06-26 12:54:28,148 basehttp 6844 21428 "GET /products/category/fashion/ HTTP/1.1" 404 3745
INFO 2025-06-26 13:02:01,833 basehttp 6844 13140 "GET /?id=94fde36b-dbcb-4f9e-b366-af0421957ce3&vscodeBrowserReqId=1750939321599 HTTP/1.1" 200 78478
INFO 2025-06-26 13:04:18,321 basehttp 6844 27404 "GET /products/support/ HTTP/1.1" 200 66781
INFO 2025-06-26 13:04:18,371 basehttp 6844 27404 "GET /static/js/riya-group-enhanced.js HTTP/1.1" 304 0
INFO 2025-06-26 13:04:28,901 basehttp 6844 27404 "GET /orders/history/ HTTP/1.1" 200 49009
INFO 2025-06-26 13:09:34,171 basehttp 6844 23040 "GET /?id=94fde36b-dbcb-4f9e-b366-af0421957ce3&vscodeBrowserReqId=1750939773832 HTTP/1.1" 200 57506
INFO 2025-06-26 13:09:58,099 basehttp 6844 18568 "GET /orders/history/ HTTP/1.1" 200 27073
INFO 2025-06-26 13:10:00,473 basehttp 6844 18568 "GET / HTTP/1.1" 200 57463
INFO 2025-06-26 13:10:00,547 basehttp 6844 18568 "GET /media/banners/133886706141016313.jpg HTTP/1.1" 304 0
INFO 2025-06-26 13:10:00,571 basehttp 6844 18564 "GET /media/product_images/133941915096699689.jpg HTTP/1.1" 304 0
ERROR 2025-06-26 13:10:21,919 log 6844 18564 Internal Server Error: /products/category/electronics/
Traceback (most recent call last):
  File "C:\Users\rikes\ecommerce\venv\Lib\site-packages\django\core\handlers\exception.py", line 55, in inner
    response = get_response(request)
               ^^^^^^^^^^^^^^^^^^^^^
  File "C:\Users\rikes\ecommerce\venv\Lib\site-packages\django\core\handlers\base.py", line 197, in _get_response
    response = wrapped_callback(request, *callback_args, **callback_kwargs)
               ^^^^^^^^^^^^^^^^^^^^^^^^^^^^^^^^^^^^^^^^^^^^^^^^^^^^^^^^^^^^
  File "C:\Users\rikes\ecommerce\products\views.py", line 341, in category_detail
    return render(request, 'products/category_detail.html', context)
           ^^^^^^^^^^^^^^^^^^^^^^^^^^^^^^^^^^^^^^^^^^^^^^^^^^^^^^^^^
  File "C:\Users\rikes\ecommerce\venv\Lib\site-packages\django\shortcuts.py", line 25, in render
    content = loader.render_to_string(template_name, context, request, using=using)
              ^^^^^^^^^^^^^^^^^^^^^^^^^^^^^^^^^^^^^^^^^^^^^^^^^^^^^^^^^^^^^^^^^^^^^
  File "C:\Users\rikes\ecommerce\venv\Lib\site-packages\django\template\loader.py", line 61, in render_to_string
    template = get_template(template_name, using=using)
               ^^^^^^^^^^^^^^^^^^^^^^^^^^^^^^^^^^^^^^^^
  File "C:\Users\rikes\ecommerce\venv\Lib\site-packages\django\template\loader.py", line 19, in get_template
    raise TemplateDoesNotExist(template_name, chain=chain)
django.template.exceptions.TemplateDoesNotExist: products/category_detail.html
ERROR 2025-06-26 13:10:21,925 basehttp 6844 18564 "GET /products/category/electronics/ HTTP/1.1" 500 89547
INFO 2025-06-26 13:10:29,447 basehttp 6844 18564 "GET /products/faq/ HTTP/1.1" 200 43792
INFO 2025-06-26 13:10:34,096 basehttp 6844 18564 "GET /products/shipping/ HTTP/1.1" 200 48968
INFO 2025-06-26 13:10:57,844 basehttp 6844 18564 "GET /products/support/ HTTP/1.1" 200 44845
INFO 2025-06-26 13:11:00,935 basehttp 6844 18564 "GET /products/returns/ HTTP/1.1" 200 51151
ERROR 2025-06-26 13:11:06,625 log 6844 18564 Internal Server Error: /products/category/home-garden/
Traceback (most recent call last):
  File "C:\Users\rikes\ecommerce\venv\Lib\site-packages\django\core\handlers\exception.py", line 55, in inner
    response = get_response(request)
               ^^^^^^^^^^^^^^^^^^^^^
  File "C:\Users\rikes\ecommerce\venv\Lib\site-packages\django\core\handlers\base.py", line 197, in _get_response
    response = wrapped_callback(request, *callback_args, **callback_kwargs)
               ^^^^^^^^^^^^^^^^^^^^^^^^^^^^^^^^^^^^^^^^^^^^^^^^^^^^^^^^^^^^
  File "C:\Users\rikes\ecommerce\products\views.py", line 341, in category_detail
    return render(request, 'products/category_detail.html', context)
           ^^^^^^^^^^^^^^^^^^^^^^^^^^^^^^^^^^^^^^^^^^^^^^^^^^^^^^^^^
  File "C:\Users\rikes\ecommerce\venv\Lib\site-packages\django\shortcuts.py", line 25, in render
    content = loader.render_to_string(template_name, context, request, using=using)
              ^^^^^^^^^^^^^^^^^^^^^^^^^^^^^^^^^^^^^^^^^^^^^^^^^^^^^^^^^^^^^^^^^^^^^
  File "C:\Users\rikes\ecommerce\venv\Lib\site-packages\django\template\loader.py", line 61, in render_to_string
    template = get_template(template_name, using=using)
               ^^^^^^^^^^^^^^^^^^^^^^^^^^^^^^^^^^^^^^^^
  File "C:\Users\rikes\ecommerce\venv\Lib\site-packages\django\template\loader.py", line 19, in get_template
    raise TemplateDoesNotExist(template_name, chain=chain)
django.template.exceptions.TemplateDoesNotExist: products/category_detail.html
ERROR 2025-06-26 13:11:06,631 basehttp 6844 18564 "GET /products/category/home-garden/ HTTP/1.1" 500 89542
ERROR 2025-06-26 13:11:13,379 log 6844 18564 Internal Server Error: /products/deals/
Traceback (most recent call last):
  File "C:\Users\rikes\ecommerce\venv\Lib\site-packages\django\core\handlers\exception.py", line 55, in inner
    response = get_response(request)
               ^^^^^^^^^^^^^^^^^^^^^
  File "C:\Users\rikes\ecommerce\venv\Lib\site-packages\django\core\handlers\base.py", line 197, in _get_response
    response = wrapped_callback(request, *callback_args, **callback_kwargs)
               ^^^^^^^^^^^^^^^^^^^^^^^^^^^^^^^^^^^^^^^^^^^^^^^^^^^^^^^^^^^^
  File "C:\Users\rikes\ecommerce\products\views.py", line 390, in deals
    products = Product.objects.filter(
               ^^^^^^^^^^^^^^^^^^^^^^^
  File "C:\Users\rikes\ecommerce\venv\Lib\site-packages\django\db\models\manager.py", line 87, in manager_method
    return getattr(self.get_queryset(), name)(*args, **kwargs)
           ^^^^^^^^^^^^^^^^^^^^^^^^^^^^^^^^^^^^^^^^^^^^^^^^^^^
  File "C:\Users\rikes\ecommerce\venv\Lib\site-packages\django\db\models\query.py", line 1476, in filter
    return self._filter_or_exclude(False, args, kwargs)
           ^^^^^^^^^^^^^^^^^^^^^^^^^^^^^^^^^^^^^^^^^^^^
  File "C:\Users\rikes\ecommerce\venv\Lib\site-packages\django\db\models\query.py", line 1494, in _filter_or_exclude
    clone._filter_or_exclude_inplace(negate, args, kwargs)
  File "C:\Users\rikes\ecommerce\venv\Lib\site-packages\django\db\models\query.py", line 1501, in _filter_or_exclude_inplace
    self._query.add_q(Q(*args, **kwargs))
  File "C:\Users\rikes\ecommerce\venv\Lib\site-packages\django\db\models\sql\query.py", line 1609, in add_q
    clause, _ = self._add_q(q_object, self.used_aliases)
                ^^^^^^^^^^^^^^^^^^^^^^^^^^^^^^^^^^^^^^^^
  File "C:\Users\rikes\ecommerce\venv\Lib\site-packages\django\db\models\sql\query.py", line 1641, in _add_q
    child_clause, needed_inner = self.build_filter(
                                 ^^^^^^^^^^^^^^^^^^
  File "C:\Users\rikes\ecommerce\venv\Lib\site-packages\django\db\models\sql\query.py", line 1491, in build_filter
    lookups, parts, reffed_expression = self.solve_lookup_type(arg, summarize)
                                        ^^^^^^^^^^^^^^^^^^^^^^^^^^^^^^^^^^^^^^
  File "C:\Users\rikes\ecommerce\venv\Lib\site-packages\django\db\models\sql\query.py", line 1303, in solve_lookup_type
    _, field, _, lookup_parts = self.names_to_path(lookup_splitted, self.get_meta())
                                ^^^^^^^^^^^^^^^^^^^^^^^^^^^^^^^^^^^^^^^^^^^^^^^^^^^^
  File "C:\Users\rikes\ecommerce\venv\Lib\site-packages\django\db\models\sql\query.py", line 1768, in names_to_path
    raise FieldError(
django.core.exceptions.FieldError: Cannot resolve keyword 'discount_percentage' into field. Choices are: allow_backorders, banner, brand, brand_id, cartitem, category, category_id, compare_price, condition, cost_price, created_at, description, dimensions, id, image, images, is_active, is_digital, is_featured, low_stock_threshold, meta_description, meta_title, name, orderitem, price, product_views, requires_shipping, reviews, sales_count, short_description, slug, stock, tags, track_quantity, updated_at, variants, views_count, weight, wishlist
ERROR 2025-06-26 13:11:13,386 basehttp 6844 18564 "GET /products/deals/ HTTP/1.1" 500 118437
INFO 2025-06-26 13:11:23,196 basehttp 6844 18564 "GET /products/privacy/ HTTP/1.1" 200 31918
INFO 2025-06-26 13:11:30,136 basehttp 6844 18564 "GET /products/terms/ HTTP/1.1" 200 34203
INFO 2025-06-26 13:11:34,680 basehttp 6844 18564 "GET /products/cookies/ HTTP/1.1" 200 37463
INFO 2025-06-26 13:11:44,999 basehttp 6844 18564 "GET /cart/ HTTP/1.1" 200 36813
INFO 2025-06-26 13:11:50,158 basehttp 6844 18564 "GET /orders/checkout/ HTTP/1.1" 200 40104
INFO 2025-06-26 13:11:59,513 basehttp 6844 18564 "GET /orders/checkout/?csrfmiddlewaretoken=7yoQB9jEhvuNiDiqnX2duP9KppW1otio4r6T6TY7M4MLIVbdYrGF8LnzX4XrXQgv&first_name=Yogendra&last_name=Rai&email=rikesh%40example.com&address=13+Lovel+Avenue&city=London&state=Greater+London&zip_code=DA16+3JQ HTTP/1.1" 200 40602
INFO 2025-06-26 13:12:07,682 basehttp 6844 18564 "GET /orders/checkout/?csrfmiddlewaretoken=7yoQB9jEhvuNiDiqnX2duP9KppW1otio4r6T6TY7M4MLIVbdYrGF8LnzX4XrXQgv&first_name=Yogendra&last_name=Rai&email=rikesh%40example.com&address=13+Lovel+Avenue&city=London&state=Greater+London&zip_code=DA16+3JQ HTTP/1.1" 200 40602
INFO 2025-06-26 13:12:08,854 basehttp 6844 18564 "GET /orders/checkout/?csrfmiddlewaretoken=7yoQB9jEhvuNiDiqnX2duP9KppW1otio4r6T6TY7M4MLIVbdYrGF8LnzX4XrXQgv&first_name=Yogendra&last_name=Rai&email=rikesh%40example.com&address=13+Lovel+Avenue&city=London&state=Greater+London&zip_code=DA16+3JQ HTTP/1.1" 200 40602
INFO 2025-06-26 13:12:09,866 basehttp 6844 18564 "GET /orders/checkout/?csrfmiddlewaretoken=7yoQB9jEhvuNiDiqnX2duP9KppW1otio4r6T6TY7M4MLIVbdYrGF8LnzX4XrXQgv&first_name=Yogendra&last_name=Rai&email=rikesh%40example.com&address=13+Lovel+Avenue&city=London&state=Greater+London&zip_code=DA16+3JQ HTTP/1.1" 200 40602
INFO 2025-06-26 13:12:10,799 basehttp 6844 18564 "GET /orders/checkout/?csrfmiddlewaretoken=7yoQB9jEhvuNiDiqnX2duP9KppW1otio4r6T6TY7M4MLIVbdYrGF8LnzX4XrXQgv&first_name=Yogendra&last_name=Rai&email=rikesh%40example.com&address=13+Lovel+Avenue&city=London&state=Greater+London&zip_code=DA16+3JQ HTTP/1.1" 200 40602
INFO 2025-06-26 13:12:28,699 basehttp 6844 18564 "GET / HTTP/1.1" 200 57463
INFO 2025-06-26 13:13:01,826 basehttp 6844 18564 "GET /admin/ HTTP/1.1" 200 9596
INFO 2025-06-26 13:13:02,148 basehttp 6844 18564 "GET /admin/ HTTP/1.1" 200 9596
INFO 2025-06-26 13:13:06,010 basehttp 6844 18564 "GET /admin/products/banner/add/ HTTP/1.1" 200 22461
INFO 2025-06-26 13:13:06,125 basehttp 6844 18564 "GET /static/admin/js/calendar.js HTTP/1.1" 200 9141
INFO 2025-06-26 13:13:06,125 basehttp 6844 18568 "GET /static/admin/js/admin/DateTimeShortcuts.js HTTP/1.1" 200 19319
INFO 2025-06-26 13:13:06,185 basehttp 6844 35684 "GET /admin/jsi18n/ HTTP/1.1" 200 3342
INFO 2025-06-26 13:13:06,404 basehttp 6844 35684 "GET /static/admin/img/icon-calendar.svg HTTP/1.1" 200 1086
INFO 2025-06-26 13:13:06,410 basehttp 6844 35684 "GET /static/admin/img/icon-clock.svg HTTP/1.1" 200 677
INFO 2025-06-26 13:13:31,536 basehttp 6844 35684 "GET /static/admin/img/calendar-icons.svg HTTP/1.1" 200 2455
INFO 2025-06-26 13:13:54,449 basehttp 6844 35684 "POST /admin/products/banner/add/ HTTP/1.1" 200 22704
INFO 2025-06-26 13:13:54,548 basehttp 6844 35684 "GET /admin/jsi18n/ HTTP/1.1" 200 3342
ERROR 2025-06-26 13:14:39,278 log 6844 35684 Internal Server Error: /products/category/home-garden/
Traceback (most recent call last):
  File "C:\Users\rikes\ecommerce\venv\Lib\site-packages\django\core\handlers\exception.py", line 55, in inner
    response = get_response(request)
               ^^^^^^^^^^^^^^^^^^^^^
  File "C:\Users\rikes\ecommerce\venv\Lib\site-packages\django\core\handlers\base.py", line 197, in _get_response
    response = wrapped_callback(request, *callback_args, **callback_kwargs)
               ^^^^^^^^^^^^^^^^^^^^^^^^^^^^^^^^^^^^^^^^^^^^^^^^^^^^^^^^^^^^
  File "C:\Users\rikes\ecommerce\products\views.py", line 341, in category_detail
    return render(request, 'products/category_detail.html', context)
           ^^^^^^^^^^^^^^^^^^^^^^^^^^^^^^^^^^^^^^^^^^^^^^^^^^^^^^^^^
  File "C:\Users\rikes\ecommerce\venv\Lib\site-packages\django\shortcuts.py", line 25, in render
    content = loader.render_to_string(template_name, context, request, using=using)
              ^^^^^^^^^^^^^^^^^^^^^^^^^^^^^^^^^^^^^^^^^^^^^^^^^^^^^^^^^^^^^^^^^^^^^
  File "C:\Users\rikes\ecommerce\venv\Lib\site-packages\django\template\loader.py", line 61, in render_to_string
    template = get_template(template_name, using=using)
               ^^^^^^^^^^^^^^^^^^^^^^^^^^^^^^^^^^^^^^^^
  File "C:\Users\rikes\ecommerce\venv\Lib\site-packages\django\template\loader.py", line 19, in get_template
    raise TemplateDoesNotExist(template_name, chain=chain)
django.template.exceptions.TemplateDoesNotExist: products/category_detail.html
ERROR 2025-06-26 13:14:39,285 basehttp 6844 35684 "GET /products/category/home-garden/ HTTP/1.1" 500 89699
INFO 2025-06-26 13:19:44,739 autoreload 6844 34320 C:\Users\rikes\ecommerce\ecommerce\urls.py changed, reloading.
INFO 2025-06-26 13:19:44,780 autoreload 32936 24716 C:\Users\rikes\ecommerce\ecommerce\urls.py changed, reloading.
INFO 2025-06-26 13:19:45,012 autoreload 7452 20996 C:\Users\rikes\ecommerce\ecommerce\urls.py changed, reloading.
INFO 2025-06-26 13:19:45,034 autoreload 26580 35784 C:\Users\rikes\ecommerce\ecommerce\urls.py changed, reloading.
INFO 2025-06-26 13:19:46,866 autoreload 27852 4788 Watching for file changes with StatReloader
INFO 2025-06-26 13:19:47,168 autoreload 30668 1632 Watching for file changes with StatReloader
INFO 2025-06-26 13:19:47,392 autoreload 7628 5760 Watching for file changes with StatReloader
INFO 2025-06-26 13:19:47,438 autoreload 33968 14036 Watching for file changes with StatReloader
INFO 2025-06-26 13:29:16,518 autoreload 7628 5760 C:\Users\rikes\ecommerce\ecommerce\settings\development.py changed, reloading.
INFO 2025-06-26 13:29:16,616 autoreload 27852 4788 C:\Users\rikes\ecommerce\ecommerce\settings\development.py changed, reloading.
INFO 2025-06-26 13:29:16,674 autoreload 33968 14036 C:\Users\rikes\ecommerce\ecommerce\settings\development.py changed, reloading.
INFO 2025-06-26 13:29:16,714 autoreload 30668 1632 C:\Users\rikes\ecommerce\ecommerce\settings\development.py changed, reloading.
INFO 2025-06-26 13:29:18,154 autoreload 23040 35528 Watching for file changes with StatReloader
INFO 2025-06-26 13:29:18,236 autoreload 31516 35204 Watching for file changes with StatReloader
INFO 2025-06-26 13:29:18,252 autoreload 29528 30988 Watching for file changes with StatReloader
INFO 2025-06-26 13:29:18,341 autoreload 32780 33800 Watching for file changes with StatReloader
INFO 2025-06-26 13:29:38,272 autoreload 31516 35204 C:\Users\rikes\ecommerce\ecommerce\settings\development.py changed, reloading.
INFO 2025-06-26 13:29:38,275 autoreload 23040 35528 C:\Users\rikes\ecommerce\ecommerce\settings\development.py changed, reloading.
INFO 2025-06-26 13:29:38,276 autoreload 32780 33800 C:\Users\rikes\ecommerce\ecommerce\settings\development.py changed, reloading.
INFO 2025-06-26 13:29:38,292 autoreload 29528 30988 C:\Users\rikes\ecommerce\ecommerce\settings\development.py changed, reloading.
INFO 2025-06-26 13:29:40,727 autoreload 34144 26448 Watching for file changes with StatReloader
INFO 2025-06-26 13:29:40,741 autoreload 28308 36752 Watching for file changes with StatReloader
INFO 2025-06-26 13:29:40,746 autoreload 34796 32384 Watching for file changes with StatReloader
INFO 2025-06-26 13:29:40,755 autoreload 29060 32880 Watching for file changes with StatReloader
INFO 2025-06-26 13:30:57,579 autoreload 34796 32384 C:\Users\rikes\ecommerce\ecommerce\urls.py changed, reloading.
INFO 2025-06-26 13:30:57,588 autoreload 34144 26448 C:\Users\rikes\ecommerce\ecommerce\urls.py changed, reloading.
INFO 2025-06-26 13:30:58,175 autoreload 29060 32880 C:\Users\rikes\ecommerce\ecommerce\urls.py changed, reloading.
INFO 2025-06-26 13:30:58,184 autoreload 28308 36752 C:\Users\rikes\ecommerce\ecommerce\urls.py changed, reloading.
INFO 2025-06-26 13:30:59,443 autoreload 16444 22216 Watching for file changes with StatReloader
INFO 2025-06-26 13:30:59,475 autoreload 33204 36836 Watching for file changes with StatReloader
INFO 2025-06-26 13:31:00,067 autoreload 13404 26308 Watching for file changes with StatReloader
INFO 2025-06-26 13:31:00,078 autoreload 28932 13464 Watching for file changes with StatReloader
INFO 2025-06-26 13:31:14,422 autoreload 13404 26308 C:\Users\rikes\ecommerce\ecommerce\urls.py changed, reloading.
INFO 2025-06-26 13:31:14,431 autoreload 28932 13464 C:\Users\rikes\ecommerce\ecommerce\urls.py changed, reloading.
INFO 2025-06-26 13:31:15,050 autoreload 16444 22216 C:\Users\rikes\ecommerce\ecommerce\urls.py changed, reloading.
INFO 2025-06-26 13:31:15,075 autoreload 33204 36836 C:\Users\rikes\ecommerce\ecommerce\urls.py changed, reloading.
INFO 2025-06-26 13:31:16,304 autoreload 4724 36580 Watching for file changes with StatReloader
INFO 2025-06-26 13:31:16,321 autoreload 35916 35760 Watching for file changes with StatReloader
INFO 2025-06-26 13:31:16,878 autoreload 20512 30876 Watching for file changes with StatReloader
INFO 2025-06-26 13:31:16,888 autoreload 10624 33540 Watching for file changes with StatReloader
INFO 2025-06-26 13:31:52,231 autoreload 35916 35760 C:\Users\rikes\ecommerce\ecommerce\settings\development.py changed, reloading.
INFO 2025-06-26 13:31:52,652 autoreload 4724 36580 C:\Users\rikes\ecommerce\ecommerce\settings\development.py changed, reloading.
INFO 2025-06-26 13:31:52,863 autoreload 20512 30876 C:\Users\rikes\ecommerce\ecommerce\settings\development.py changed, reloading.
INFO 2025-06-26 13:31:52,868 autoreload 10624 33540 C:\Users\rikes\ecommerce\ecommerce\settings\development.py changed, reloading.
INFO 2025-06-26 13:31:54,199 autoreload 29824 35772 Watching for file changes with StatReloader
INFO 2025-06-26 13:31:54,496 autoreload 20548 4220 Watching for file changes with StatReloader
INFO 2025-06-26 13:31:54,645 autoreload 5488 2448 Watching for file changes with StatReloader
INFO 2025-06-26 13:31:54,646 autoreload 33644 6840 Watching for file changes with StatReloader
INFO 2025-06-26 13:33:53,283 autoreload 33644 6840 C:\Users\rikes\ecommerce\ecommerce\settings\development.py changed, reloading.
INFO 2025-06-26 13:33:53,309 autoreload 5488 2448 C:\Users\rikes\ecommerce\ecommerce\settings\development.py changed, reloading.
INFO 2025-06-26 13:33:53,315 autoreload 29824 35772 C:\Users\rikes\ecommerce\ecommerce\settings\development.py changed, reloading.
INFO 2025-06-26 13:33:53,580 autoreload 20548 4220 C:\Users\rikes\ecommerce\ecommerce\settings\development.py changed, reloading.
INFO 2025-06-26 13:33:54,945 autoreload 35252 30392 Watching for file changes with StatReloader
INFO 2025-06-26 13:33:54,951 autoreload 28844 10648 Watching for file changes with StatReloader
INFO 2025-06-26 13:33:54,953 autoreload 20196 23100 Watching for file changes with StatReloader
INFO 2025-06-26 13:33:55,201 autoreload 6136 15008 Watching for file changes with StatReloader
INFO 2025-06-26 13:34:00,417 autoreload 20196 23100 C:\Users\rikes\ecommerce\ecommerce\settings\development.py changed, reloading.
INFO 2025-06-26 13:34:00,427 autoreload 28844 10648 C:\Users\rikes\ecommerce\ecommerce\settings\development.py changed, reloading.
INFO 2025-06-26 13:34:00,428 autoreload 35252 30392 C:\Users\rikes\ecommerce\ecommerce\settings\development.py changed, reloading.
INFO 2025-06-26 13:34:00,558 autoreload 6136 15008 C:\Users\rikes\ecommerce\ecommerce\settings\development.py changed, reloading.
INFO 2025-06-26 13:34:01,634 autoreload 34240 32292 Watching for file changes with StatReloader
INFO 2025-06-26 13:34:01,650 autoreload 23920 28944 Watching for file changes with StatReloader
INFO 2025-06-26 13:34:01,670 autoreload 23828 30440 Watching for file changes with StatReloader
INFO 2025-06-26 13:34:01,737 autoreload 21068 31040 Watching for file changes with StatReloader
INFO 2025-06-26 13:41:32,057 autoreload 21068 31040 C:\Users\rikes\ecommerce\ecommerce\settings\development.py changed, reloading.
INFO 2025-06-26 13:41:32,073 autoreload 23828 30440 C:\Users\rikes\ecommerce\ecommerce\settings\development.py changed, reloading.
INFO 2025-06-26 13:41:32,092 autoreload 23920 28944 C:\Users\rikes\ecommerce\ecommerce\settings\development.py changed, reloading.
INFO 2025-06-26 13:41:32,225 autoreload 34240 32292 C:\Users\rikes\ecommerce\ecommerce\settings\development.py changed, reloading.
INFO 2025-06-26 13:41:34,158 autoreload 36040 33324 Watching for file changes with StatReloader
INFO 2025-06-26 13:41:34,731 autoreload 30092 30780 Watching for file changes with StatReloader
INFO 2025-06-26 13:41:34,936 autoreload 36376 28316 Watching for file changes with StatReloader
INFO 2025-06-26 13:41:35,102 autoreload 26356 36836 Watching for file changes with StatReloader
INFO 2025-06-26 13:42:21,419 basehttp 30092 27948 "GET / HTTP/1.1" 200 57463
INFO 2025-06-26 13:42:21,554 basehttp 30092 23812 "GET /media/product_images/133941915096699689.jpg HTTP/1.1" 304 0
INFO 2025-06-26 13:42:21,573 basehttp 30092 27948 "GET /media/banners/133886706141016313.jpg HTTP/1.1" 304 0
INFO 2025-06-26 13:43:16,509 autoreload 30828 28036 Watching for file changes with StatReloader
INFO 2025-06-26 13:46:23,189 basehttp 30092 33800 "GET / HTTP/1.1" 200 57463
INFO 2025-06-26 13:46:41,842 basehttp 30092 20160 "GET / HTTP/1.1" 200 57463
INFO 2025-06-26 13:46:45,031 basehttp 30092 20160 "GET / HTTP/1.1" 200 57463
INFO 2025-06-26 13:49:50,361 autoreload 30092 30780 C:\Users\rikes\ecommerce\ecommerce\settings\base.py changed, reloading.
INFO 2025-06-26 13:49:50,372 autoreload 26356 36836 C:\Users\rikes\ecommerce\ecommerce\settings\base.py changed, reloading.
INFO 2025-06-26 13:49:50,378 autoreload 30828 28036 C:\Users\rikes\ecommerce\ecommerce\settings\base.py changed, reloading.
INFO 2025-06-26 13:49:50,381 autoreload 36376 28316 C:\Users\rikes\ecommerce\ecommerce\settings\base.py changed, reloading.
INFO 2025-06-26 13:49:50,389 autoreload 36040 33324 C:\Users\rikes\ecommerce\ecommerce\settings\base.py changed, reloading.
INFO 2025-06-26 13:49:52,132 autoreload 31996 27116 Watching for file changes with StatReloader
INFO 2025-06-26 13:49:52,495 autoreload 33704 20252 Watching for file changes with StatReloader
INFO 2025-06-26 13:49:52,495 autoreload 24648 36096 Watching for file changes with StatReloader
INFO 2025-06-26 13:49:52,496 autoreload 32176 28368 Watching for file changes with StatReloader
INFO 2025-06-26 13:49:52,496 autoreload 33632 34872 Watching for file changes with StatReloader
INFO 2025-06-26 13:52:15,124 autoreload 22868 20736 Watching for file changes with StatReloader
INFO 2025-06-26 13:52:34,087 basehttp 32176 30520 "GET / HTTP/1.1" 200 69724
ERROR 2025-06-26 13:52:48,768 log 32176 30520 Internal Server Error: /products/category/electronics/
Traceback (most recent call last):
  File "C:\Users\rikes\ecommerce\venv\Lib\site-packages\django\core\handlers\exception.py", line 55, in inner
    response = get_response(request)
               ^^^^^^^^^^^^^^^^^^^^^
  File "C:\Users\rikes\ecommerce\venv\Lib\site-packages\django\core\handlers\base.py", line 197, in _get_response
    response = wrapped_callback(request, *callback_args, **callback_kwargs)
               ^^^^^^^^^^^^^^^^^^^^^^^^^^^^^^^^^^^^^^^^^^^^^^^^^^^^^^^^^^^^
  File "C:\Users\rikes\ecommerce\products\views.py", line 341, in category_detail
    return render(request, 'products/category_detail.html', context)
           ^^^^^^^^^^^^^^^^^^^^^^^^^^^^^^^^^^^^^^^^^^^^^^^^^^^^^^^^^
  File "C:\Users\rikes\ecommerce\venv\Lib\site-packages\django\shortcuts.py", line 25, in render
    content = loader.render_to_string(template_name, context, request, using=using)
              ^^^^^^^^^^^^^^^^^^^^^^^^^^^^^^^^^^^^^^^^^^^^^^^^^^^^^^^^^^^^^^^^^^^^^
  File "C:\Users\rikes\ecommerce\venv\Lib\site-packages\django\template\loader.py", line 61, in render_to_string
    template = get_template(template_name, using=using)
               ^^^^^^^^^^^^^^^^^^^^^^^^^^^^^^^^^^^^^^^^
  File "C:\Users\rikes\ecommerce\venv\Lib\site-packages\django\template\loader.py", line 19, in get_template
    raise TemplateDoesNotExist(template_name, chain=chain)
django.template.exceptions.TemplateDoesNotExist: products/category_detail.html
ERROR 2025-06-26 13:52:48,782 basehttp 32176 30520 "GET /products/category/electronics/ HTTP/1.1" 500 96974
INFO 2025-06-26 13:54:30,205 basehttp 32176 30520 "GET / HTTP/1.1" 200 69724
INFO 2025-06-26 13:54:40,777 basehttp 32176 30520 "GET /products/?q=tv HTTP/1.1" 200 33882
INFO 2025-06-26 13:54:51,433 basehttp 32176 30520 "GET /products/?q=laptop HTTP/1.1" 200 37527
INFO 2025-06-26 13:54:58,407 basehttp 32176 30520 "GET /products/?q=home HTTP/1.1" 200 32282
INFO 2025-06-26 13:55:09,333 basehttp 32176 30520 "GET /products/ HTTP/1.1" 200 53726
INFO 2025-06-26 13:55:26,736 basehttp 32176 15516 "GET /products/?q=nike HTTP/1.1" 200 33889
INFO 2025-06-26 13:55:30,065 basehttp 32176 15516 "POST /cart/add/9/ HTTP/1.1" 200 102
INFO 2025-06-26 13:55:33,893 basehttp 32176 15516 "GET /cart/ HTTP/1.1" 200 41523
INFO 2025-06-26 13:55:36,047 basehttp 32176 15516 "GET /orders/checkout/ HTTP/1.1" 200 42284
INFO 2025-06-26 14:01:52,052 basehttp 32176 34896 "GET /orders/checkout/ HTTP/1.1" 200 46546
INFO 2025-06-26 14:01:52,163 basehttp 32176 34896 "GET /media/product_images/133941915096699689.jpg HTTP/1.1" 304 0
INFO 2025-06-26 14:03:21,362 basehttp 32176 34896 "GET /orders/checkout/?csrfmiddlewaretoken=fLlD3NpPTOf3KrnHmxVcz4aXmlHppblKcE3Gyx4ionx1aJguX1zEd0oMU0IPYyjR&first_name=Rikesh&last_name=Sunuwar&email=rikesh%40example.com&address=190%2C+Frances+Street%2C+Woolwich%2C+London&city=London&state=City+of+London&zip_code=SE18+5JS HTTP/1.1" 200 47104
INFO 2025-06-26 14:10:31,829 basehttp 32176 11432 "GET /orders/checkout/ HTTP/1.1" 302 0
INFO 2025-06-26 14:10:31,887 basehttp 32176 11432 "GET /accounts/login/?next=/orders/checkout/ HTTP/1.1" 200 28933
INFO 2025-06-26 14:11:04,408 basehttp 32176 36672 "GET /orders/checkout/?csrfmiddlewaretoken=fLlD3NpPTOf3KrnHmxVcz4aXmlHppblKcE3Gyx4ionx1aJguX1zEd0oMU0IPYyjR&first_name=Rikesh&last_name=Sunuwar&email=rikesh%40example.com&address=190%2C+Frances+Street%2C+Woolwich%2C+London&city=London&state=City+of+London&zip_code=SE18+5JS HTTP/1.1" 200 50763
INFO 2025-06-26 14:11:30,310 basehttp 32176 36672 "GET /orders/checkout/?csrfmiddlewaretoken=fLlD3NpPTOf3KrnHmxVcz4aXmlHppblKcE3Gyx4ionx1aJguX1zEd0oMU0IPYyjR&first_name=Rikesh&last_name=Sunuwar&email=rikesh%40example.com&address=190%2C+Frances+Street%2C+Woolwich%2C+London&city=London&state=City+of+London&zip_code=SE18+5JS HTTP/1.1" 200 50763
INFO 2025-06-26 14:11:33,701 basehttp 32176 36672 "GET / HTTP/1.1" 200 69724
INFO 2025-06-26 14:11:33,820 basehttp 32176 36672 "GET /media/banners/133886706141016313.jpg HTTP/1.1" 304 0
INFO 2025-06-26 14:11:38,543 basehttp 32176 36672 "GET /products/product/11/ HTTP/1.1" 302 0
INFO 2025-06-26 14:11:38,717 basehttp 32176 36672 "GET /products/ HTTP/1.1" 200 53726
INFO 2025-06-26 14:11:40,730 basehttp 32176 36672 "POST /cart/add/11/ HTTP/1.1" 200 106
INFO 2025-06-26 14:11:44,509 basehttp 32176 36672 "GET /cart/ HTTP/1.1" 200 45358
INFO 2025-06-26 14:11:48,314 basehttp 32176 36672 "GET /orders/checkout/ HTTP/1.1" 200 51147
INFO 2025-06-26 14:13:04,995 basehttp 32176 36672 "GET /orders/checkout/?csrfmiddlewaretoken=q1Vv87YDuAlDjyJbGmZOHTsTPrfRE5ZvnUDyDRD6Z9DBJQCYhQDglPGIn6ghdsXC&first_name=Yogendra&last_name=Rai&email=rikesh%40example.com&address=13+Lovel+Avenue&city=London&state=Greater+London&zip_code=DA16+3JQ HTTP/1.1" 200 51645
INFO 2025-06-26 14:21:02,003 autoreload 32176 28368 C:\Users\rikes\ecommerce\ecommerce\settings\base.py changed, reloading.
INFO 2025-06-26 14:21:01,995 autoreload 22868 20736 C:\Users\rikes\ecommerce\ecommerce\settings\base.py changed, reloading.
INFO 2025-06-26 14:21:01,965 autoreload 31996 27116 C:\Users\rikes\ecommerce\ecommerce\settings\base.py changed, reloading.
INFO 2025-06-26 14:21:02,377 autoreload 33704 20252 C:\Users\rikes\ecommerce\ecommerce\settings\base.py changed, reloading.
INFO 2025-06-26 14:21:02,399 autoreload 33632 34872 C:\Users\rikes\ecommerce\ecommerce\settings\base.py changed, reloading.
INFO 2025-06-26 14:21:02,400 autoreload 24648 36096 C:\Users\rikes\ecommerce\ecommerce\settings\base.py changed, reloading.
INFO 2025-06-26 14:21:03,869 autoreload 29668 22904 Watching for file changes with StatReloader
INFO 2025-06-26 14:21:04,674 autoreload 33620 33076 Watching for file changes with StatReloader
INFO 2025-06-26 14:21:04,700 autoreload 37640 33216 Watching for file changes with StatReloader
INFO 2025-06-26 14:21:05,175 autoreload 32896 22940 Watching for file changes with StatReloader
INFO 2025-06-26 14:21:05,181 autoreload 20572 29004 Watching for file changes with StatReloader
INFO 2025-06-26 14:21:05,189 autoreload 4308 23804 Watching for file changes with StatReloader
INFO 2025-06-26 14:24:10,910 autoreload 4308 23804 C:\Users\rikes\ecommerce\ecommerce\settings\base.py changed, reloading.
INFO 2025-06-26 14:24:11,055 autoreload 29668 22904 C:\Users\rikes\ecommerce\ecommerce\settings\base.py changed, reloading.
INFO 2025-06-26 14:24:11,375 autoreload 33620 33076 C:\Users\rikes\ecommerce\ecommerce\settings\base.py changed, reloading.
INFO 2025-06-26 14:24:11,380 autoreload 37640 33216 C:\Users\rikes\ecommerce\ecommerce\settings\base.py changed, reloading.
INFO 2025-06-26 14:24:11,531 autoreload 20572 29004 C:\Users\rikes\ecommerce\ecommerce\settings\base.py changed, reloading.
INFO 2025-06-26 14:24:11,553 autoreload 32896 22940 C:\Users\rikes\ecommerce\ecommerce\settings\base.py changed, reloading.
INFO 2025-06-26 14:24:12,522 autoreload 32128 26356 Watching for file changes with StatReloader
INFO 2025-06-26 14:24:13,225 autoreload 37000 31928 Watching for file changes with StatReloader
INFO 2025-06-26 14:24:13,560 autoreload 35448 30608 Watching for file changes with StatReloader
INFO 2025-06-26 14:24:13,577 autoreload 25868 36280 Watching for file changes with StatReloader
INFO 2025-06-26 14:24:13,711 autoreload 37560 34544 Watching for file changes with StatReloader
INFO 2025-06-26 14:24:13,732 autoreload 37308 15824 Watching for file changes with StatReloader
INFO 2025-06-26 14:24:38,581 basehttp 37000 35124 "GET /products/?q=tv HTTP/1.1" 200 33882
INFO 2025-06-26 14:24:40,993 basehttp 37000 35124 "GET /products/?q=tv HTTP/1.1" 200 33882
WARNING 2025-06-26 14:24:43,837 base 37000 35124 Method Not Allowed (GET): /accounts/logout/
WARNING 2025-06-26 14:24:43,879 log 37000 35124 Method Not Allowed: /accounts/logout/
WARNING 2025-06-26 14:24:43,882 basehttp 37000 35124 "GET /accounts/logout/ HTTP/1.1" 405 0
INFO 2025-06-26 14:24:49,592 basehttp 37000 35124 "GET /cart/ HTTP/1.1" 200 44994
INFO 2025-06-26 14:24:49,691 basehttp 37000 35124 "GET /media/product_images/133941915096699689.jpg HTTP/1.1" 304 0
INFO 2025-06-26 14:24:52,508 basehttp 37000 35124 "GET /orders/checkout/ HTTP/1.1" 200 51147
INFO 2025-06-26 14:41:20,016 basehttp 37000 29612 "GET /orders/checkout/ HTTP/1.1" 200 51147
INFO 2025-06-26 14:43:50,418 autoreload 35448 30608 C:\Users\rikes\ecommerce\ecommerce\settings\development.py changed, reloading.
INFO 2025-06-26 14:43:50,814 autoreload 32128 26356 C:\Users\rikes\ecommerce\ecommerce\settings\development.py changed, reloading.
INFO 2025-06-26 14:43:50,860 autoreload 37308 15824 C:\Users\rikes\ecommerce\ecommerce\settings\development.py changed, reloading.
INFO 2025-06-26 14:43:50,867 autoreload 37560 34544 C:\Users\rikes\ecommerce\ecommerce\settings\development.py changed, reloading.
INFO 2025-06-26 14:43:50,870 autoreload 37000 31928 C:\Users\rikes\ecommerce\ecommerce\settings\development.py changed, reloading.
INFO 2025-06-26 14:43:51,267 autoreload 25868 36280 C:\Users\rikes\ecommerce\ecommerce\settings\development.py changed, reloading.
INFO 2025-06-26 14:46:44,415 autoreload 28112 18764 Watching for file changes with StatReloader
INFO 2025-06-26 14:46:56,981 basehttp 28112 6596 "GET /orders/checkout/ HTTP/1.1" 302 0
INFO 2025-06-26 14:46:57,157 basehttp 28112 6596 "GET /accounts/login/?next=/orders/checkout/ HTTP/1.1" 200 28933
INFO 2025-06-26 14:48:26,070 autoreload 28112 18764 C:\Users\rikes\ecommerce\ecommerce\settings\development.py changed, reloading.
INFO 2025-06-26 14:48:29,585 autoreload 22092 18668 Watching for file changes with StatReloader
INFO 2025-06-26 14:48:49,532 basehttp 22092 35712 "GET /orders/checkout/ HTTP/1.1" 200 51362
INFO 2025-06-26 14:48:49,601 basehttp 22092 35712 "GET /media/product_images/133941915096699689.jpg HTTP/1.1" 304 0
INFO 2025-06-26 14:49:57,780 _util 22092 35712 message='Request to Stripe api' method=post url=https://api.stripe.com/v1/payment_intents
INFO 2025-06-26 14:49:59,769 _util 22092 35712 message='Stripe API response' path=https://api.stripe.com/v1/payment_intents response_code=200
INFO 2025-06-26 14:49:59,852 basehttp 22092 35712 "POST /orders/create-payment-intent/ HTTP/1.1" 200 81
INFO 2025-06-26 14:50:16,457 _util 22092 35712 message='Request to Stripe api' method=post url=https://api.stripe.com/v1/payment_intents
INFO 2025-06-26 14:50:16,858 _util 22092 35712 message='Stripe API response' path=https://api.stripe.com/v1/payment_intents response_code=200
INFO 2025-06-26 14:50:16,907 basehttp 22092 35712 "POST /orders/create-payment-intent/ HTTP/1.1" 200 81
INFO 2025-06-26 14:50:24,772 _util 22092 35712 message='Request to Stripe api' method=post url=https://api.stripe.com/v1/payment_intents
INFO 2025-06-26 14:50:25,152 _util 22092 35712 message='Stripe API response' path=https://api.stripe.com/v1/payment_intents response_code=200
INFO 2025-06-26 14:50:25,204 basehttp 22092 35712 "POST /orders/create-payment-intent/ HTTP/1.1" 200 81
INFO 2025-06-26 14:55:02,860 basehttp 22092 35712 "GET /orders/checkout/ HTTP/1.1" 200 54260
INFO 2025-06-26 14:55:58,231 _util 22092 35712 message='Request to Stripe api' method=post url=https://api.stripe.com/v1/payment_intents
INFO 2025-06-26 14:55:59,805 _util 22092 35712 message='Stripe API response' path=https://api.stripe.com/v1/payment_intents response_code=200
INFO 2025-06-26 14:55:59,839 basehttp 22092 35712 "POST /orders/create-payment-intent/ HTTP/1.1" 200 81
INFO 2025-06-26 14:56:00,726 _util 22092 35712 message='Request to Stripe api' method=get url=https://api.stripe.com/v1/payment_intents/pi_3ReGHY4akTso1hxV0E590v4X
INFO 2025-06-26 14:56:00,980 _util 22092 35712 message='Stripe API response' path=https://api.stripe.com/v1/payment_intents/pi_3ReGHY4akTso1hxV0E590v4X response_code=200
INFO 2025-06-26 14:56:01,265 basehttp 22092 35712 "POST /orders/process-payment/ HTTP/1.1" 200 90
INFO 2025-06-26 14:56:01,494 basehttp 22092 35712 "GET /orders/success/36df9de2-82b9-4c37-82bb-4560cbdd5752/ HTTP/1.1" 200 35738
INFO 2025-06-26 14:56:07,833 basehttp 22092 35712 "GET /orders/history/ HTTP/1.1" 200 39966
ERROR 2025-06-26 14:56:17,502 log 22092 35712 Internal Server Error: /products/deals/
Traceback (most recent call last):
  File "C:\Users\rikes\AppData\Roaming\Python\Python312\site-packages\django\core\handlers\exception.py", line 55, in inner
    response = get_response(request)
               ^^^^^^^^^^^^^^^^^^^^^
  File "C:\Users\rikes\AppData\Roaming\Python\Python312\site-packages\django\core\handlers\base.py", line 197, in _get_response
    response = wrapped_callback(request, *callback_args, **callback_kwargs)
               ^^^^^^^^^^^^^^^^^^^^^^^^^^^^^^^^^^^^^^^^^^^^^^^^^^^^^^^^^^^^
  File "C:\Users\rikes\ecommerce\products\views.py", line 390, in deals
    products = Product.objects.filter(
               ^^^^^^^^^^^^^^^^^^^^^^^
  File "C:\Users\rikes\AppData\Roaming\Python\Python312\site-packages\django\db\models\manager.py", line 87, in manager_method
    return getattr(self.get_queryset(), name)(*args, **kwargs)
           ^^^^^^^^^^^^^^^^^^^^^^^^^^^^^^^^^^^^^^^^^^^^^^^^^^^
  File "C:\Users\rikes\AppData\Roaming\Python\Python312\site-packages\django\db\models\query.py", line 1476, in filter
    return self._filter_or_exclude(False, args, kwargs)
           ^^^^^^^^^^^^^^^^^^^^^^^^^^^^^^^^^^^^^^^^^^^^
  File "C:\Users\rikes\AppData\Roaming\Python\Python312\site-packages\django\db\models\query.py", line 1494, in _filter_or_exclude
    clone._filter_or_exclude_inplace(negate, args, kwargs)
  File "C:\Users\rikes\AppData\Roaming\Python\Python312\site-packages\django\db\models\query.py", line 1501, in _filter_or_exclude_inplace
    self._query.add_q(Q(*args, **kwargs))
  File "C:\Users\rikes\AppData\Roaming\Python\Python312\site-packages\django\db\models\sql\query.py", line 1609, in add_q
    clause, _ = self._add_q(q_object, self.used_aliases)
                ^^^^^^^^^^^^^^^^^^^^^^^^^^^^^^^^^^^^^^^^
  File "C:\Users\rikes\AppData\Roaming\Python\Python312\site-packages\django\db\models\sql\query.py", line 1641, in _add_q
    child_clause, needed_inner = self.build_filter(
                                 ^^^^^^^^^^^^^^^^^^
  File "C:\Users\rikes\AppData\Roaming\Python\Python312\site-packages\django\db\models\sql\query.py", line 1491, in build_filter
    lookups, parts, reffed_expression = self.solve_lookup_type(arg, summarize)
                                        ^^^^^^^^^^^^^^^^^^^^^^^^^^^^^^^^^^^^^^
  File "C:\Users\rikes\AppData\Roaming\Python\Python312\site-packages\django\db\models\sql\query.py", line 1303, in solve_lookup_type
    _, field, _, lookup_parts = self.names_to_path(lookup_splitted, self.get_meta())
                                ^^^^^^^^^^^^^^^^^^^^^^^^^^^^^^^^^^^^^^^^^^^^^^^^^^^^
  File "C:\Users\rikes\AppData\Roaming\Python\Python312\site-packages\django\db\models\sql\query.py", line 1768, in names_to_path
    raise FieldError(
django.core.exceptions.FieldError: Cannot resolve keyword 'discount_percentage' into field. Choices are: allow_backorders, banner, brand, brand_id, cartitem, category, category_id, compare_price, condition, cost_price, created_at, description, dimensions, id, image, images, is_active, is_digital, is_featured, low_stock_threshold, meta_description, meta_title, name, orderitem, price, product_views, requires_shipping, reviews, sales_count, short_description, slug, stock, tags, track_quantity, updated_at, variants, views_count, weight, wishlist
ERROR 2025-06-26 14:56:17,524 basehttp 22092 35712 "GET /products/deals/ HTTP/1.1" 500 127066
INFO 2025-06-26 14:56:21,389 basehttp 22092 35712 "GET /products/support/ HTTP/1.1" 200 46087
ERROR 2025-06-26 14:56:23,573 log 22092 35712 Internal Server Error: /products/category/electronics/
Traceback (most recent call last):
  File "C:\Users\rikes\AppData\Roaming\Python\Python312\site-packages\django\core\handlers\exception.py", line 55, in inner
    response = get_response(request)
               ^^^^^^^^^^^^^^^^^^^^^
  File "C:\Users\rikes\AppData\Roaming\Python\Python312\site-packages\django\core\handlers\base.py", line 197, in _get_response
    response = wrapped_callback(request, *callback_args, **callback_kwargs)
               ^^^^^^^^^^^^^^^^^^^^^^^^^^^^^^^^^^^^^^^^^^^^^^^^^^^^^^^^^^^^
  File "C:\Users\rikes\ecommerce\products\views.py", line 341, in category_detail
    return render(request, 'products/category_detail.html', context)
           ^^^^^^^^^^^^^^^^^^^^^^^^^^^^^^^^^^^^^^^^^^^^^^^^^^^^^^^^^
  File "C:\Users\rikes\AppData\Roaming\Python\Python312\site-packages\django\shortcuts.py", line 25, in render
    content = loader.render_to_string(template_name, context, request, using=using)
              ^^^^^^^^^^^^^^^^^^^^^^^^^^^^^^^^^^^^^^^^^^^^^^^^^^^^^^^^^^^^^^^^^^^^^
  File "C:\Users\rikes\AppData\Roaming\Python\Python312\site-packages\django\template\loader.py", line 61, in render_to_string
    template = get_template(template_name, using=using)
               ^^^^^^^^^^^^^^^^^^^^^^^^^^^^^^^^^^^^^^^^
  File "C:\Users\rikes\AppData\Roaming\Python\Python312\site-packages\django\template\loader.py", line 19, in get_template
    raise TemplateDoesNotExist(template_name, chain=chain)
django.template.exceptions.TemplateDoesNotExist: products/category_detail.html
ERROR 2025-06-26 14:56:23,580 basehttp 22092 35712 "GET /products/category/electronics/ HTTP/1.1" 500 98360
ERROR 2025-06-26 14:56:27,828 log 22092 35712 Internal Server Error: /products/category/fashion/
Traceback (most recent call last):
  File "C:\Users\rikes\AppData\Roaming\Python\Python312\site-packages\django\core\handlers\exception.py", line 55, in inner
    response = get_response(request)
               ^^^^^^^^^^^^^^^^^^^^^
  File "C:\Users\rikes\AppData\Roaming\Python\Python312\site-packages\django\core\handlers\base.py", line 197, in _get_response
    response = wrapped_callback(request, *callback_args, **callback_kwargs)
               ^^^^^^^^^^^^^^^^^^^^^^^^^^^^^^^^^^^^^^^^^^^^^^^^^^^^^^^^^^^^
  File "C:\Users\rikes\ecommerce\products\views.py", line 341, in category_detail
    return render(request, 'products/category_detail.html', context)
           ^^^^^^^^^^^^^^^^^^^^^^^^^^^^^^^^^^^^^^^^^^^^^^^^^^^^^^^^^
  File "C:\Users\rikes\AppData\Roaming\Python\Python312\site-packages\django\shortcuts.py", line 25, in render
    content = loader.render_to_string(template_name, context, request, using=using)
              ^^^^^^^^^^^^^^^^^^^^^^^^^^^^^^^^^^^^^^^^^^^^^^^^^^^^^^^^^^^^^^^^^^^^^
  File "C:\Users\rikes\AppData\Roaming\Python\Python312\site-packages\django\template\loader.py", line 61, in render_to_string
    template = get_template(template_name, using=using)
               ^^^^^^^^^^^^^^^^^^^^^^^^^^^^^^^^^^^^^^^^
  File "C:\Users\rikes\AppData\Roaming\Python\Python312\site-packages\django\template\loader.py", line 19, in get_template
    raise TemplateDoesNotExist(template_name, chain=chain)
django.template.exceptions.TemplateDoesNotExist: products/category_detail.html
ERROR 2025-06-26 14:56:27,837 basehttp 22092 35712 "GET /products/category/fashion/ HTTP/1.1" 500 98110
WARNING 2025-06-26 14:56:38,942 log 22092 35712 Not Found: /.well-known/appspecific/com.chrome.devtools.json
WARNING 2025-06-26 14:56:38,945 basehttp 22092 35712 "GET /.well-known/appspecific/com.chrome.devtools.json HTTP/1.1" 404 3963
INFO 2025-06-26 15:00:31,632 autoreload 22092 18668 C:\Users\rikes\ecommerce\products\context_processors.py changed, reloading.
INFO 2025-06-26 15:00:34,459 autoreload 27572 7628 Watching for file changes with StatReloader
INFO 2025-06-26 15:06:52,127 autoreload 19580 37080 Watching for file changes with StatReloader
ERROR 2025-06-26 15:07:11,443 log 27572 7244 Internal Server Error: /products/support/
Traceback (most recent call last):
  File "C:\Users\rikes\AppData\Roaming\Python\Python312\site-packages\django\core\handlers\exception.py", line 55, in inner
    response = get_response(request)
               ^^^^^^^^^^^^^^^^^^^^^
  File "C:\Users\rikes\AppData\Roaming\Python\Python312\site-packages\django\core\handlers\base.py", line 197, in _get_response
    response = wrapped_callback(request, *callback_args, **callback_kwargs)
               ^^^^^^^^^^^^^^^^^^^^^^^^^^^^^^^^^^^^^^^^^^^^^^^^^^^^^^^^^^^^
  File "C:\Users\rikes\ecommerce\products\views.py", line 461, in customer_support
    return render(request, 'products/support.html', context)
           ^^^^^^^^^^^^^^^^^^^^^^^^^^^^^^^^^^^^^^^^^^^^^^^^^
  File "C:\Users\rikes\AppData\Roaming\Python\Python312\site-packages\django\shortcuts.py", line 25, in render
    content = loader.render_to_string(template_name, context, request, using=using)
              ^^^^^^^^^^^^^^^^^^^^^^^^^^^^^^^^^^^^^^^^^^^^^^^^^^^^^^^^^^^^^^^^^^^^^
  File "C:\Users\rikes\AppData\Roaming\Python\Python312\site-packages\django\template\loader.py", line 62, in render_to_string
    return template.render(context, request)
           ^^^^^^^^^^^^^^^^^^^^^^^^^^^^^^^^^
  File "C:\Users\rikes\AppData\Roaming\Python\Python312\site-packages\django\template\backends\django.py", line 107, in render
    return self.template.render(context)
           ^^^^^^^^^^^^^^^^^^^^^^^^^^^^^
  File "C:\Users\rikes\AppData\Roaming\Python\Python312\site-packages\django\template\base.py", line 169, in render
    with context.bind_template(self):
  File "C:\Program Files\Python312\Lib\contextlib.py", line 137, in __enter__
    return next(self.gen)
           ^^^^^^^^^^^^^^
  File "C:\Users\rikes\AppData\Roaming\Python\Python312\site-packages\django\template\context.py", line 256, in bind_template
    context = processor(self.request)
              ^^^^^^^^^^^^^^^^^^^^^^^
  File "C:\Users\rikes\ecommerce\products\context_processors.py", line 13, in categories_context
    ).annotate(
      ^^^^^^^^^
  File "C:\Users\rikes\AppData\Roaming\Python\Python312\site-packages\django\db\models\query.py", line 1630, in annotate
    return self._annotate(args, kwargs, select=True)
           ^^^^^^^^^^^^^^^^^^^^^^^^^^^^^^^^^^^^^^^^^
  File "C:\Users\rikes\AppData\Roaming\Python\Python312\site-packages\django\db\models\query.py", line 1680, in _annotate
    clone.query.add_annotation(
  File "C:\Users\rikes\AppData\Roaming\Python\Python312\site-packages\django\db\models\sql\query.py", line 1194, in add_annotation
    annotation = annotation.resolve_expression(self, allow_joins=True, reuse=None)
                 ^^^^^^^^^^^^^^^^^^^^^^^^^^^^^^^^^^^^^^^^^^^^^^^^^^^^^^^^^^^^^^^^^
  File "C:\Users\rikes\AppData\Roaming\Python\Python312\site-packages\django\db\models\aggregates.py", line 63, in resolve_expression
    c = super().resolve_expression(query, allow_joins, reuse, summarize)
        ^^^^^^^^^^^^^^^^^^^^^^^^^^^^^^^^^^^^^^^^^^^^^^^^^^^^^^^^^^^^^^^^
  File "C:\Users\rikes\AppData\Roaming\Python\Python312\site-packages\django\db\models\expressions.py", line 1073, in resolve_expression
    c.source_expressions[pos] = arg.resolve_expression(
                                ^^^^^^^^^^^^^^^^^^^^^^^
  File "C:\Users\rikes\AppData\Roaming\Python\Python312\site-packages\django\db\models\expressions.py", line 895, in resolve_expression
    return query.resolve_ref(self.name, allow_joins, reuse, summarize)
           ^^^^^^^^^^^^^^^^^^^^^^^^^^^^^^^^^^^^^^^^^^^^^^^^^^^^^^^^^^^
  File "C:\Users\rikes\AppData\Roaming\Python\Python312\site-packages\django\db\models\sql\query.py", line 2010, in resolve_ref
    join_info = self.setup_joins(
                ^^^^^^^^^^^^^^^^^
  File "C:\Users\rikes\AppData\Roaming\Python\Python312\site-packages\django\db\models\sql\query.py", line 1863, in setup_joins
    path, final_field, targets, rest = self.names_to_path(
                                       ^^^^^^^^^^^^^^^^^^^
  File "C:\Users\rikes\AppData\Roaming\Python\Python312\site-packages\django\db\models\sql\query.py", line 1768, in names_to_path
    raise FieldError(
django.core.exceptions.FieldError: Cannot resolve keyword 'products' into field. Choices are: banner, children, description, id, image, is_active, name, parent, parent_id, product, slug, sort_order
ERROR 2025-06-26 15:07:11,500 basehttp 27572 7244 "GET /products/support/ HTTP/1.1" 500 157077
ERROR 2025-06-26 15:07:16,275 log 27572 7244 Internal Server Error: /
Traceback (most recent call last):
  File "C:\Users\rikes\AppData\Roaming\Python\Python312\site-packages\django\core\handlers\exception.py", line 55, in inner
    response = get_response(request)
               ^^^^^^^^^^^^^^^^^^^^^
  File "C:\Users\rikes\AppData\Roaming\Python\Python312\site-packages\django\core\handlers\base.py", line 197, in _get_response
    response = wrapped_callback(request, *callback_args, **callback_kwargs)
               ^^^^^^^^^^^^^^^^^^^^^^^^^^^^^^^^^^^^^^^^^^^^^^^^^^^^^^^^^^^^
  File "C:\Users\rikes\AppData\Roaming\Python\Python312\site-packages\django\utils\decorators.py", line 188, in _view_wrapper
    result = _process_exception(request, e)
             ^^^^^^^^^^^^^^^^^^^^^^^^^^^^^^
  File "C:\Users\rikes\AppData\Roaming\Python\Python312\site-packages\django\utils\decorators.py", line 186, in _view_wrapper
    response = view_func(request, *args, **kwargs)
               ^^^^^^^^^^^^^^^^^^^^^^^^^^^^^^^^^^^
  File "C:\Users\rikes\ecommerce\products\views.py", line 80, in home
    return render(request, 'products/home.html', context)
           ^^^^^^^^^^^^^^^^^^^^^^^^^^^^^^^^^^^^^^^^^^^^^^
  File "C:\Users\rikes\AppData\Roaming\Python\Python312\site-packages\django\shortcuts.py", line 25, in render
    content = loader.render_to_string(template_name, context, request, using=using)
              ^^^^^^^^^^^^^^^^^^^^^^^^^^^^^^^^^^^^^^^^^^^^^^^^^^^^^^^^^^^^^^^^^^^^^
  File "C:\Users\rikes\AppData\Roaming\Python\Python312\site-packages\django\template\loader.py", line 62, in render_to_string
    return template.render(context, request)
           ^^^^^^^^^^^^^^^^^^^^^^^^^^^^^^^^^
  File "C:\Users\rikes\AppData\Roaming\Python\Python312\site-packages\django\template\backends\django.py", line 107, in render
    return self.template.render(context)
           ^^^^^^^^^^^^^^^^^^^^^^^^^^^^^
  File "C:\Users\rikes\AppData\Roaming\Python\Python312\site-packages\django\template\base.py", line 169, in render
    with context.bind_template(self):
  File "C:\Program Files\Python312\Lib\contextlib.py", line 137, in __enter__
    return next(self.gen)
           ^^^^^^^^^^^^^^
  File "C:\Users\rikes\AppData\Roaming\Python\Python312\site-packages\django\template\context.py", line 256, in bind_template
    context = processor(self.request)
              ^^^^^^^^^^^^^^^^^^^^^^^
  File "C:\Users\rikes\ecommerce\products\context_processors.py", line 13, in categories_context
    ).annotate(
      ^^^^^^^^^
  File "C:\Users\rikes\AppData\Roaming\Python\Python312\site-packages\django\db\models\query.py", line 1630, in annotate
    return self._annotate(args, kwargs, select=True)
           ^^^^^^^^^^^^^^^^^^^^^^^^^^^^^^^^^^^^^^^^^
  File "C:\Users\rikes\AppData\Roaming\Python\Python312\site-packages\django\db\models\query.py", line 1680, in _annotate
    clone.query.add_annotation(
  File "C:\Users\rikes\AppData\Roaming\Python\Python312\site-packages\django\db\models\sql\query.py", line 1194, in add_annotation
    annotation = annotation.resolve_expression(self, allow_joins=True, reuse=None)
                 ^^^^^^^^^^^^^^^^^^^^^^^^^^^^^^^^^^^^^^^^^^^^^^^^^^^^^^^^^^^^^^^^^
  File "C:\Users\rikes\AppData\Roaming\Python\Python312\site-packages\django\db\models\aggregates.py", line 63, in resolve_expression
    c = super().resolve_expression(query, allow_joins, reuse, summarize)
        ^^^^^^^^^^^^^^^^^^^^^^^^^^^^^^^^^^^^^^^^^^^^^^^^^^^^^^^^^^^^^^^^
  File "C:\Users\rikes\AppData\Roaming\Python\Python312\site-packages\django\db\models\expressions.py", line 1073, in resolve_expression
    c.source_expressions[pos] = arg.resolve_expression(
                                ^^^^^^^^^^^^^^^^^^^^^^^
  File "C:\Users\rikes\AppData\Roaming\Python\Python312\site-packages\django\db\models\expressions.py", line 895, in resolve_expression
    return query.resolve_ref(self.name, allow_joins, reuse, summarize)
           ^^^^^^^^^^^^^^^^^^^^^^^^^^^^^^^^^^^^^^^^^^^^^^^^^^^^^^^^^^^
  File "C:\Users\rikes\AppData\Roaming\Python\Python312\site-packages\django\db\models\sql\query.py", line 2010, in resolve_ref
    join_info = self.setup_joins(
                ^^^^^^^^^^^^^^^^^
  File "C:\Users\rikes\AppData\Roaming\Python\Python312\site-packages\django\db\models\sql\query.py", line 1863, in setup_joins
    path, final_field, targets, rest = self.names_to_path(
                                       ^^^^^^^^^^^^^^^^^^^
  File "C:\Users\rikes\AppData\Roaming\Python\Python312\site-packages\django\db\models\sql\query.py", line 1768, in names_to_path
    raise FieldError(
django.core.exceptions.FieldError: Cannot resolve keyword 'products' into field. Choices are: banner, children, description, id, image, is_active, name, parent, parent_id, product, slug, sort_order
ERROR 2025-06-26 15:07:16,302 basehttp 27572 7244 "GET / HTTP/1.1" 500 179093
ERROR 2025-06-26 15:10:42,449 log 27572 7244 Internal Server Error: /
Traceback (most recent call last):
  File "C:\Users\rikes\AppData\Roaming\Python\Python312\site-packages\django\core\handlers\exception.py", line 55, in inner
    response = get_response(request)
               ^^^^^^^^^^^^^^^^^^^^^
  File "C:\Users\rikes\AppData\Roaming\Python\Python312\site-packages\django\core\handlers\base.py", line 197, in _get_response
    response = wrapped_callback(request, *callback_args, **callback_kwargs)
               ^^^^^^^^^^^^^^^^^^^^^^^^^^^^^^^^^^^^^^^^^^^^^^^^^^^^^^^^^^^^
  File "C:\Users\rikes\AppData\Roaming\Python\Python312\site-packages\django\utils\decorators.py", line 188, in _view_wrapper
    result = _process_exception(request, e)
             ^^^^^^^^^^^^^^^^^^^^^^^^^^^^^^
  File "C:\Users\rikes\AppData\Roaming\Python\Python312\site-packages\django\utils\decorators.py", line 186, in _view_wrapper
    response = view_func(request, *args, **kwargs)
               ^^^^^^^^^^^^^^^^^^^^^^^^^^^^^^^^^^^
  File "C:\Users\rikes\ecommerce\products\views.py", line 80, in home
    return render(request, 'products/home.html', context)
           ^^^^^^^^^^^^^^^^^^^^^^^^^^^^^^^^^^^^^^^^^^^^^^
  File "C:\Users\rikes\AppData\Roaming\Python\Python312\site-packages\django\shortcuts.py", line 25, in render
    content = loader.render_to_string(template_name, context, request, using=using)
              ^^^^^^^^^^^^^^^^^^^^^^^^^^^^^^^^^^^^^^^^^^^^^^^^^^^^^^^^^^^^^^^^^^^^^
  File "C:\Users\rikes\AppData\Roaming\Python\Python312\site-packages\django\template\loader.py", line 62, in render_to_string
    return template.render(context, request)
           ^^^^^^^^^^^^^^^^^^^^^^^^^^^^^^^^^
  File "C:\Users\rikes\AppData\Roaming\Python\Python312\site-packages\django\template\backends\django.py", line 107, in render
    return self.template.render(context)
           ^^^^^^^^^^^^^^^^^^^^^^^^^^^^^
  File "C:\Users\rikes\AppData\Roaming\Python\Python312\site-packages\django\template\base.py", line 169, in render
    with context.bind_template(self):
  File "C:\Program Files\Python312\Lib\contextlib.py", line 137, in __enter__
    return next(self.gen)
           ^^^^^^^^^^^^^^
  File "C:\Users\rikes\AppData\Roaming\Python\Python312\site-packages\django\template\context.py", line 256, in bind_template
    context = processor(self.request)
              ^^^^^^^^^^^^^^^^^^^^^^^
  File "C:\Users\rikes\ecommerce\products\context_processors.py", line 13, in categories_context
    ).annotate(
      ^^^^^^^^^
  File "C:\Users\rikes\AppData\Roaming\Python\Python312\site-packages\django\db\models\query.py", line 1630, in annotate
    return self._annotate(args, kwargs, select=True)
           ^^^^^^^^^^^^^^^^^^^^^^^^^^^^^^^^^^^^^^^^^
  File "C:\Users\rikes\AppData\Roaming\Python\Python312\site-packages\django\db\models\query.py", line 1680, in _annotate
    clone.query.add_annotation(
  File "C:\Users\rikes\AppData\Roaming\Python\Python312\site-packages\django\db\models\sql\query.py", line 1194, in add_annotation
    annotation = annotation.resolve_expression(self, allow_joins=True, reuse=None)
                 ^^^^^^^^^^^^^^^^^^^^^^^^^^^^^^^^^^^^^^^^^^^^^^^^^^^^^^^^^^^^^^^^^
  File "C:\Users\rikes\AppData\Roaming\Python\Python312\site-packages\django\db\models\aggregates.py", line 63, in resolve_expression
    c = super().resolve_expression(query, allow_joins, reuse, summarize)
        ^^^^^^^^^^^^^^^^^^^^^^^^^^^^^^^^^^^^^^^^^^^^^^^^^^^^^^^^^^^^^^^^
  File "C:\Users\rikes\AppData\Roaming\Python\Python312\site-packages\django\db\models\expressions.py", line 1073, in resolve_expression
    c.source_expressions[pos] = arg.resolve_expression(
                                ^^^^^^^^^^^^^^^^^^^^^^^
  File "C:\Users\rikes\AppData\Roaming\Python\Python312\site-packages\django\db\models\expressions.py", line 895, in resolve_expression
    return query.resolve_ref(self.name, allow_joins, reuse, summarize)
           ^^^^^^^^^^^^^^^^^^^^^^^^^^^^^^^^^^^^^^^^^^^^^^^^^^^^^^^^^^^
  File "C:\Users\rikes\AppData\Roaming\Python\Python312\site-packages\django\db\models\sql\query.py", line 2010, in resolve_ref
    join_info = self.setup_joins(
                ^^^^^^^^^^^^^^^^^
  File "C:\Users\rikes\AppData\Roaming\Python\Python312\site-packages\django\db\models\sql\query.py", line 1863, in setup_joins
    path, final_field, targets, rest = self.names_to_path(
                                       ^^^^^^^^^^^^^^^^^^^
  File "C:\Users\rikes\AppData\Roaming\Python\Python312\site-packages\django\db\models\sql\query.py", line 1768, in names_to_path
    raise FieldError(
django.core.exceptions.FieldError: Cannot resolve keyword 'products' into field. Choices are: banner, children, description, id, image, is_active, name, parent, parent_id, product, slug, sort_order
ERROR 2025-06-26 15:10:42,453 basehttp 27572 7244 "GET / HTTP/1.1" 500 179093
WARNING 2025-06-26 15:10:53,226 log 27572 7244 Not Found: /orders
WARNING 2025-06-26 15:10:53,229 basehttp 27572 7244 "GET /orders HTTP/1.1" 404 3837
ERROR 2025-06-26 15:15:59,482 log 36496 10656 Internal Server Error: /
Traceback (most recent call last):
  File "C:\Users\rikes\ecommerce\env\Lib\site-packages\django\core\handlers\exception.py", line 55, in inner
    response = get_response(request)
               ^^^^^^^^^^^^^^^^^^^^^
  File "C:\Users\rikes\ecommerce\env\Lib\site-packages\django\core\handlers\base.py", line 197, in _get_response
    response = wrapped_callback(request, *callback_args, **callback_kwargs)
               ^^^^^^^^^^^^^^^^^^^^^^^^^^^^^^^^^^^^^^^^^^^^^^^^^^^^^^^^^^^^
  File "C:\Users\rikes\ecommerce\env\Lib\site-packages\django\utils\decorators.py", line 192, in _view_wrapper
    result = _process_exception(request, e)
             ^^^^^^^^^^^^^^^^^^^^^^^^^^^^^^
  File "C:\Users\rikes\ecommerce\env\Lib\site-packages\django\utils\decorators.py", line 190, in _view_wrapper
    response = view_func(request, *args, **kwargs)
               ^^^^^^^^^^^^^^^^^^^^^^^^^^^^^^^^^^^
  File "C:\Users\rikes\ecommerce\products\views.py", line 80, in home
    return render(request, 'products/home.html', context)
           ^^^^^^^^^^^^^^^^^^^^^^^^^^^^^^^^^^^^^^^^^^^^^^
  File "C:\Users\rikes\ecommerce\env\Lib\site-packages\django\shortcuts.py", line 25, in render
    content = loader.render_to_string(template_name, context, request, using=using)
              ^^^^^^^^^^^^^^^^^^^^^^^^^^^^^^^^^^^^^^^^^^^^^^^^^^^^^^^^^^^^^^^^^^^^^
  File "C:\Users\rikes\ecommerce\env\Lib\site-packages\django\template\loader.py", line 62, in render_to_string
    return template.render(context, request)
           ^^^^^^^^^^^^^^^^^^^^^^^^^^^^^^^^^
  File "C:\Users\rikes\ecommerce\env\Lib\site-packages\django\template\backends\django.py", line 107, in render
    return self.template.render(context)
           ^^^^^^^^^^^^^^^^^^^^^^^^^^^^^
  File "C:\Users\rikes\ecommerce\env\Lib\site-packages\django\template\base.py", line 169, in render
    with context.bind_template(self):
  File "C:\Program Files\Python312\Lib\contextlib.py", line 137, in __enter__
    return next(self.gen)
           ^^^^^^^^^^^^^^
  File "C:\Users\rikes\ecommerce\env\Lib\site-packages\django\template\context.py", line 259, in bind_template
    context = processor(self.request)
              ^^^^^^^^^^^^^^^^^^^^^^^
  File "C:\Users\rikes\ecommerce\products\context_processors.py", line 13, in categories_context
    ).annotate(
      ^^^^^^^^^
  File "C:\Users\rikes\ecommerce\env\Lib\site-packages\django\db\models\query.py", line 1635, in annotate
    return self._annotate(args, kwargs, select=True)
           ^^^^^^^^^^^^^^^^^^^^^^^^^^^^^^^^^^^^^^^^^
  File "C:\Users\rikes\ecommerce\env\Lib\site-packages\django\db\models\query.py", line 1687, in _annotate
    clone.query.add_annotation(
  File "C:\Users\rikes\ecommerce\env\Lib\site-packages\django\db\models\sql\query.py", line 1218, in add_annotation
    annotation = annotation.resolve_expression(self, allow_joins=True, reuse=None)
                 ^^^^^^^^^^^^^^^^^^^^^^^^^^^^^^^^^^^^^^^^^^^^^^^^^^^^^^^^^^^^^^^^^
  File "C:\Users\rikes\ecommerce\env\Lib\site-packages\django\db\models\aggregates.py", line 181, in resolve_expression
    result = super().resolve_expression(*args, **kwargs)
             ^^^^^^^^^^^^^^^^^^^^^^^^^^^^^^^^^^^^^^^^^^^
  File "C:\Users\rikes\ecommerce\env\Lib\site-packages\django\db\models\aggregates.py", line 63, in resolve_expression
    c = super().resolve_expression(query, allow_joins, reuse, summarize)
        ^^^^^^^^^^^^^^^^^^^^^^^^^^^^^^^^^^^^^^^^^^^^^^^^^^^^^^^^^^^^^^^^
  File "C:\Users\rikes\ecommerce\env\Lib\site-packages\django\db\models\expressions.py", line 300, in resolve_expression
    expr.resolve_expression(query, allow_joins, reuse, summarize)
  File "C:\Users\rikes\ecommerce\env\Lib\site-packages\django\db\models\expressions.py", line 902, in resolve_expression
    return query.resolve_ref(self.name, allow_joins, reuse, summarize)
           ^^^^^^^^^^^^^^^^^^^^^^^^^^^^^^^^^^^^^^^^^^^^^^^^^^^^^^^^^^^
  File "C:\Users\rikes\ecommerce\env\Lib\site-packages\django\db\models\sql\query.py", line 2046, in resolve_ref
    join_info = self.setup_joins(
                ^^^^^^^^^^^^^^^^^
  File "C:\Users\rikes\ecommerce\env\Lib\site-packages\django\db\models\sql\query.py", line 1897, in setup_joins
    path, final_field, targets, rest = self.names_to_path(
                                       ^^^^^^^^^^^^^^^^^^^
  File "C:\Users\rikes\ecommerce\env\Lib\site-packages\django\db\models\sql\query.py", line 1802, in names_to_path
    raise FieldError(
django.core.exceptions.FieldError: Cannot resolve keyword 'products' into field. Choices are: banner, children, description, id, image, is_active, name, parent, parent_id, product, slug, sort_order
INFO 2025-06-26 15:16:32,347 autoreload 27572 7628 C:\Users\rikes\ecommerce\products\context_processors.py changed, reloading.
INFO 2025-06-26 15:16:37,085 autoreload 36332 30128 Watching for file changes with StatReloader
WARNING 2025-06-26 15:16:50,263 log 19580 27708 Not Found: /orders
WARNING 2025-06-26 15:16:50,265 basehttp 19580 27708 "GET /orders HTTP/1.1" 404 3837
WARNING 2025-06-26 15:16:53,957 log 19580 27708 Not Found: /orders
WARNING 2025-06-26 15:16:53,961 basehttp 19580 27708 "GET /orders HTTP/1.1" 404 3837
WARNING 2025-06-26 15:16:55,119 log 19580 27708 Not Found: /orders
WARNING 2025-06-26 15:16:55,121 basehttp 19580 27708 "GET /orders HTTP/1.1" 404 3837
WARNING 2025-06-26 15:16:56,331 log 19580 27708 Not Found: /orders
WARNING 2025-06-26 15:16:56,334 basehttp 19580 27708 "GET /orders HTTP/1.1" 404 3837
WARNING 2025-06-26 15:17:15,439 log 19580 27708 Not Found: /orders/
WARNING 2025-06-26 15:17:15,442 basehttp 19580 27708 "GET /orders/ HTTP/1.1" 404 5090
INFO 2025-06-26 15:17:20,270 basehttp 19580 27708 "GET / HTTP/1.1" 200 84177
INFO 2025-06-26 15:17:20,371 basehttp 19580 27708 "GET /media/banners/133886706141016313.jpg HTTP/1.1" 304 0
INFO 2025-06-26 15:18:26,940 basehttp 19580 32836 "GET /?id=94fde36b-dbcb-4f9e-b366-af0421957ce3&vscodeBrowserReqId=1750947506788 HTTP/1.1" 200 84220
INFO 2025-06-26 15:40:04,181 autoreload 19580 37080 C:\Users\rikes\ecommerce\products\context_processors.py changed, reloading.
INFO 2025-06-26 15:40:11,055 autoreload 37192 37276 Watching for file changes with StatReloader
INFO 2025-06-26 15:40:30,952 basehttp 36332 8136 "GET / HTTP/1.1" 200 84177
ERROR 2025-06-26 15:40:47,568 log 36332 8136 Internal Server Error: /products/category/clothing/
Traceback (most recent call last):
  File "C:\Users\rikes\AppData\Roaming\Python\Python312\site-packages\django\core\handlers\exception.py", line 55, in inner
    response = get_response(request)
               ^^^^^^^^^^^^^^^^^^^^^
  File "C:\Users\rikes\AppData\Roaming\Python\Python312\site-packages\django\core\handlers\base.py", line 197, in _get_response
    response = wrapped_callback(request, *callback_args, **callback_kwargs)
               ^^^^^^^^^^^^^^^^^^^^^^^^^^^^^^^^^^^^^^^^^^^^^^^^^^^^^^^^^^^^
  File "C:\Users\rikes\ecommerce\products\views.py", line 341, in category_detail
    return render(request, 'products/category_detail.html', context)
           ^^^^^^^^^^^^^^^^^^^^^^^^^^^^^^^^^^^^^^^^^^^^^^^^^^^^^^^^^
  File "C:\Users\rikes\AppData\Roaming\Python\Python312\site-packages\django\shortcuts.py", line 25, in render
    content = loader.render_to_string(template_name, context, request, using=using)
              ^^^^^^^^^^^^^^^^^^^^^^^^^^^^^^^^^^^^^^^^^^^^^^^^^^^^^^^^^^^^^^^^^^^^^
  File "C:\Users\rikes\AppData\Roaming\Python\Python312\site-packages\django\template\loader.py", line 61, in render_to_string
    template = get_template(template_name, using=using)
               ^^^^^^^^^^^^^^^^^^^^^^^^^^^^^^^^^^^^^^^^
  File "C:\Users\rikes\AppData\Roaming\Python\Python312\site-packages\django\template\loader.py", line 19, in get_template
    raise TemplateDoesNotExist(template_name, chain=chain)
django.template.exceptions.TemplateDoesNotExist: products/category_detail.html
ERROR 2025-06-26 15:40:47,588 basehttp 36332 8136 "GET /products/category/clothing/ HTTP/1.1" 500 97968
ERROR 2025-06-26 15:40:51,780 log 36332 8136 Internal Server Error: /products/category/electronics/
Traceback (most recent call last):
  File "C:\Users\rikes\AppData\Roaming\Python\Python312\site-packages\django\core\handlers\exception.py", line 55, in inner
    response = get_response(request)
               ^^^^^^^^^^^^^^^^^^^^^
  File "C:\Users\rikes\AppData\Roaming\Python\Python312\site-packages\django\core\handlers\base.py", line 197, in _get_response
    response = wrapped_callback(request, *callback_args, **callback_kwargs)
               ^^^^^^^^^^^^^^^^^^^^^^^^^^^^^^^^^^^^^^^^^^^^^^^^^^^^^^^^^^^^
  File "C:\Users\rikes\ecommerce\products\views.py", line 341, in category_detail
    return render(request, 'products/category_detail.html', context)
           ^^^^^^^^^^^^^^^^^^^^^^^^^^^^^^^^^^^^^^^^^^^^^^^^^^^^^^^^^
  File "C:\Users\rikes\AppData\Roaming\Python\Python312\site-packages\django\shortcuts.py", line 25, in render
    content = loader.render_to_string(template_name, context, request, using=using)
              ^^^^^^^^^^^^^^^^^^^^^^^^^^^^^^^^^^^^^^^^^^^^^^^^^^^^^^^^^^^^^^^^^^^^^
  File "C:\Users\rikes\AppData\Roaming\Python\Python312\site-packages\django\template\loader.py", line 61, in render_to_string
    template = get_template(template_name, using=using)
               ^^^^^^^^^^^^^^^^^^^^^^^^^^^^^^^^^^^^^^^^
  File "C:\Users\rikes\AppData\Roaming\Python\Python312\site-packages\django\template\loader.py", line 19, in get_template
    raise TemplateDoesNotExist(template_name, chain=chain)
django.template.exceptions.TemplateDoesNotExist: products/category_detail.html
ERROR 2025-06-26 15:40:51,786 basehttp 36332 8136 "GET /products/category/electronics/ HTTP/1.1" 500 98169
ERROR 2025-06-26 15:51:06,675 log 36332 9336 Internal Server Error: /products/deals/
Traceback (most recent call last):
  File "C:\Users\rikes\AppData\Roaming\Python\Python312\site-packages\django\core\handlers\exception.py", line 55, in inner
    response = get_response(request)
               ^^^^^^^^^^^^^^^^^^^^^
  File "C:\Users\rikes\AppData\Roaming\Python\Python312\site-packages\django\core\handlers\base.py", line 197, in _get_response
    response = wrapped_callback(request, *callback_args, **callback_kwargs)
               ^^^^^^^^^^^^^^^^^^^^^^^^^^^^^^^^^^^^^^^^^^^^^^^^^^^^^^^^^^^^
  File "C:\Users\rikes\ecommerce\products\views.py", line 390, in deals
    products = Product.objects.filter(
               ^^^^^^^^^^^^^^^^^^^^^^^
  File "C:\Users\rikes\AppData\Roaming\Python\Python312\site-packages\django\db\models\manager.py", line 87, in manager_method
    return getattr(self.get_queryset(), name)(*args, **kwargs)
           ^^^^^^^^^^^^^^^^^^^^^^^^^^^^^^^^^^^^^^^^^^^^^^^^^^^
  File "C:\Users\rikes\AppData\Roaming\Python\Python312\site-packages\django\db\models\query.py", line 1476, in filter
    return self._filter_or_exclude(False, args, kwargs)
           ^^^^^^^^^^^^^^^^^^^^^^^^^^^^^^^^^^^^^^^^^^^^
  File "C:\Users\rikes\AppData\Roaming\Python\Python312\site-packages\django\db\models\query.py", line 1494, in _filter_or_exclude
    clone._filter_or_exclude_inplace(negate, args, kwargs)
  File "C:\Users\rikes\AppData\Roaming\Python\Python312\site-packages\django\db\models\query.py", line 1501, in _filter_or_exclude_inplace
    self._query.add_q(Q(*args, **kwargs))
  File "C:\Users\rikes\AppData\Roaming\Python\Python312\site-packages\django\db\models\sql\query.py", line 1609, in add_q
    clause, _ = self._add_q(q_object, self.used_aliases)
                ^^^^^^^^^^^^^^^^^^^^^^^^^^^^^^^^^^^^^^^^
  File "C:\Users\rikes\AppData\Roaming\Python\Python312\site-packages\django\db\models\sql\query.py", line 1641, in _add_q
    child_clause, needed_inner = self.build_filter(
                                 ^^^^^^^^^^^^^^^^^^
  File "C:\Users\rikes\AppData\Roaming\Python\Python312\site-packages\django\db\models\sql\query.py", line 1491, in build_filter
    lookups, parts, reffed_expression = self.solve_lookup_type(arg, summarize)
                                        ^^^^^^^^^^^^^^^^^^^^^^^^^^^^^^^^^^^^^^
  File "C:\Users\rikes\AppData\Roaming\Python\Python312\site-packages\django\db\models\sql\query.py", line 1303, in solve_lookup_type
    _, field, _, lookup_parts = self.names_to_path(lookup_splitted, self.get_meta())
                                ^^^^^^^^^^^^^^^^^^^^^^^^^^^^^^^^^^^^^^^^^^^^^^^^^^^^
  File "C:\Users\rikes\AppData\Roaming\Python\Python312\site-packages\django\db\models\sql\query.py", line 1768, in names_to_path
    raise FieldError(
django.core.exceptions.FieldError: Cannot resolve keyword 'discount_percentage' into field. Choices are: allow_backorders, banner, brand, brand_id, cartitem, category, category_id, compare_price, condition, cost_price, created_at, description, dimensions, id, image, images, is_active, is_digital, is_featured, low_stock_threshold, meta_description, meta_title, name, orderitem, price, product_views, requires_shipping, reviews, sales_count, short_description, slug, stock, tags, track_quantity, updated_at, variants, views_count, weight, wishlist
ERROR 2025-06-26 15:51:06,682 basehttp 36332 9336 "GET /products/deals/ HTTP/1.1" 500 126877
WARNING 2025-06-26 15:51:13,795 log 36332 9336 Not Found: /.well-known/appspecific/com.chrome.devtools.json
WARNING 2025-06-26 15:51:13,796 basehttp 36332 9336 "GET /.well-known/appspecific/com.chrome.devtools.json HTTP/1.1" 404 3963
INFO 2025-06-26 17:39:18,284 basehttp 36332 38484 "GET / HTTP/1.1" 200 84177
WARNING 2025-06-26 17:39:18,378 log 36332 31020 Not Found: /.well-known/appspecific/com.chrome.devtools.json
WARNING 2025-06-26 17:39:18,380 basehttp 36332 31020 "GET /.well-known/appspecific/com.chrome.devtools.json HTTP/1.1" 404 3963
INFO 2025-06-26 17:39:18,456 basehttp 36332 38484 "GET /media/banners/133886706141016313.jpg HTTP/1.1" 200 1912062
INFO 2025-06-26 17:42:04,010 basehttp 28632 29084 "GET /?id=94fde36b-dbcb-4f9e-b366-af0421957ce3&vscodeBrowserReqId=1750956123734 HTTP/1.1" 200 85751
WARNING 2025-06-26 17:42:30,595 base 28632 39596 Session data corrupted
INFO 2025-06-26 17:42:30,625 basehttp 28632 39596 "GET / HTTP/1.1" 200 85597
INFO 2025-06-26 17:42:32,259 basehttp 28632 13136 "GET / HTTP/1.1" 200 85597
INFO 2025-06-26 17:42:35,012 basehttp 28632 13136 "GET / HTTP/1.1" 200 85597
WARNING 2025-06-26 17:43:00,453 base 28632 14192 Session data corrupted
INFO 2025-06-26 17:43:00,462 basehttp 28632 14192 "GET / HTTP/1.1" 200 85597
INFO 2025-06-26 17:43:00,788 basehttp 28632 14192 "GET /media/banners/133886706141016313.jpg HTTP/1.1" 200 1912062
INFO 2025-06-26 17:43:08,882 basehttp 28632 14192 "GET / HTTP/1.1" 200 85597
WARNING 2025-06-26 17:43:13,409 log 28632 14192 Not Found: /.well-known/appspecific/com.chrome.devtools.json
WARNING 2025-06-26 17:43:13,410 basehttp 28632 14192 "GET /.well-known/appspecific/com.chrome.devtools.json HTTP/1.1" 404 3963
INFO 2025-06-26 17:43:33,192 basehttp 28632 26552 "GET / HTTP/1.1" 200 85597
INFO 2025-06-26 17:46:36,102 basehttp 28632 26552 "GET / HTTP/1.1" 200 85597
INFO 2025-06-30 11:38:20,682 basehttp 28632 10076 "GET / HTTP/1.1" 200 85597
INFO 2025-06-30 11:38:20,813 basehttp 28632 10076 "GET /media/banners/133886706141016313.jpg HTTP/1.1" 200 1912062
INFO 2025-07-01 15:19:00,452 basehttp 28632 42528 "GET / HTTP/1.1" 200 85597
INFO 2025-07-01 15:19:00,521 basehttp 28632 42528 "GET /media/banners/133886706141016313.jpg HTTP/1.1" 304 0
WARNING 2025-07-01 15:19:28,834 log 28632 49464 Not Found: /.well-known/appspecific/com.chrome.devtools.json
WARNING 2025-07-01 15:19:28,835 basehttp 28632 49464 "GET /.well-known/appspecific/com.chrome.devtools.json HTTP/1.1" 404 3963
INFO 2025-07-01 15:20:35,587 basehttp 28632 34016 "GET /products/product/2/ HTTP/1.1" 302 0
INFO 2025-07-01 15:20:35,914 basehttp 28632 34016 "GET /products/ HTTP/1.1" 200 69599
INFO 2025-07-01 15:20:35,984 basehttp 28632 10088 "GET /media/product_images/133941915096699689.jpg HTTP/1.1" 200 2672164
ERROR 2025-07-01 15:20:39,765 log 28632 10088 Internal Server Error: /products/deals/
Traceback (most recent call last):
  File "C:\Users\rikes\ecommerce\env\Lib\site-packages\django\core\handlers\exception.py", line 55, in inner
    response = get_response(request)
               ^^^^^^^^^^^^^^^^^^^^^
  File "C:\Users\rikes\ecommerce\env\Lib\site-packages\django\core\handlers\base.py", line 197, in _get_response
    response = wrapped_callback(request, *callback_args, **callback_kwargs)
               ^^^^^^^^^^^^^^^^^^^^^^^^^^^^^^^^^^^^^^^^^^^^^^^^^^^^^^^^^^^^
  File "C:\Users\rikes\ecommerce\products\views.py", line 390, in deals
    products = Product.objects.filter(
               ^^^^^^^^^^^^^^^^^^^^^^^
  File "C:\Users\rikes\ecommerce\env\Lib\site-packages\django\db\models\manager.py", line 87, in manager_method
    return getattr(self.get_queryset(), name)(*args, **kwargs)
           ^^^^^^^^^^^^^^^^^^^^^^^^^^^^^^^^^^^^^^^^^^^^^^^^^^^
  File "C:\Users\rikes\ecommerce\env\Lib\site-packages\django\db\models\query.py", line 1481, in filter
    return self._filter_or_exclude(False, args, kwargs)
           ^^^^^^^^^^^^^^^^^^^^^^^^^^^^^^^^^^^^^^^^^^^^
  File "C:\Users\rikes\ecommerce\env\Lib\site-packages\django\db\models\query.py", line 1499, in _filter_or_exclude
    clone._filter_or_exclude_inplace(negate, args, kwargs)
  File "C:\Users\rikes\ecommerce\env\Lib\site-packages\django\db\models\query.py", line 1506, in _filter_or_exclude_inplace
    self._query.add_q(Q(*args, **kwargs))
  File "C:\Users\rikes\ecommerce\env\Lib\site-packages\django\db\models\sql\query.py", line 1643, in add_q
    clause, _ = self._add_q(q_object, can_reuse)
                ^^^^^^^^^^^^^^^^^^^^^^^^^^^^^^^^
  File "C:\Users\rikes\ecommerce\env\Lib\site-packages\django\db\models\sql\query.py", line 1675, in _add_q
    child_clause, needed_inner = self.build_filter(
                                 ^^^^^^^^^^^^^^^^^^
  File "C:\Users\rikes\ecommerce\env\Lib\site-packages\django\db\models\sql\query.py", line 1523, in build_filter
    lookups, parts, reffed_expression = self.solve_lookup_type(arg, summarize)
                                        ^^^^^^^^^^^^^^^^^^^^^^^^^^^^^^^^^^^^^^
  File "C:\Users\rikes\ecommerce\env\Lib\site-packages\django\db\models\sql\query.py", line 1330, in solve_lookup_type
    _, field, _, lookup_parts = self.names_to_path(lookup_splitted, self.get_meta())
                                ^^^^^^^^^^^^^^^^^^^^^^^^^^^^^^^^^^^^^^^^^^^^^^^^^^^^
  File "C:\Users\rikes\ecommerce\env\Lib\site-packages\django\db\models\sql\query.py", line 1802, in names_to_path
    raise FieldError(
django.core.exceptions.FieldError: Cannot resolve keyword 'discount_percentage' into field. Choices are: allow_backorders, banner, brand, brand_id, cartitem, category, category_id, compare_price, condition, cost_price, created_at, description, dimensions, id, image, images, is_active, is_digital, is_featured, low_stock_threshold, meta_description, meta_title, name, orderitem, price, product_views, requires_shipping, reviews, sales_count, short_description, slug, stock, tags, track_quantity, updated_at, variants, views_count, weight, wishlist
ERROR 2025-07-01 15:20:39,789 basehttp 28632 10088 "GET /products/deals/ HTTP/1.1" 500 126778
INFO 2025-07-01 15:20:43,775 basehttp 28632 10088 "GET /products/support/ HTTP/1.1" 200 61960
ERROR 2025-07-01 15:20:47,025 log 28632 10088 Internal Server Error: /products/category/electronics/
Traceback (most recent call last):
  File "C:\Users\rikes\ecommerce\env\Lib\site-packages\django\core\handlers\exception.py", line 55, in inner
    response = get_response(request)
               ^^^^^^^^^^^^^^^^^^^^^
  File "C:\Users\rikes\ecommerce\env\Lib\site-packages\django\core\handlers\base.py", line 197, in _get_response
    response = wrapped_callback(request, *callback_args, **callback_kwargs)
               ^^^^^^^^^^^^^^^^^^^^^^^^^^^^^^^^^^^^^^^^^^^^^^^^^^^^^^^^^^^^
  File "C:\Users\rikes\ecommerce\products\views.py", line 341, in category_detail
    return render(request, 'products/category_detail.html', context)
           ^^^^^^^^^^^^^^^^^^^^^^^^^^^^^^^^^^^^^^^^^^^^^^^^^^^^^^^^^
  File "C:\Users\rikes\ecommerce\env\Lib\site-packages\django\shortcuts.py", line 25, in render
    content = loader.render_to_string(template_name, context, request, using=using)
              ^^^^^^^^^^^^^^^^^^^^^^^^^^^^^^^^^^^^^^^^^^^^^^^^^^^^^^^^^^^^^^^^^^^^^
  File "C:\Users\rikes\ecommerce\env\Lib\site-packages\django\template\loader.py", line 61, in render_to_string
    template = get_template(template_name, using=using)
               ^^^^^^^^^^^^^^^^^^^^^^^^^^^^^^^^^^^^^^^^
  File "C:\Users\rikes\ecommerce\env\Lib\site-packages\django\template\loader.py", line 19, in get_template
    raise TemplateDoesNotExist(template_name, chain=chain)
django.template.exceptions.TemplateDoesNotExist: products/category_detail.html
ERROR 2025-07-01 15:20:47,029 basehttp 28632 10088 "GET /products/category/electronics/ HTTP/1.1" 500 98016
ERROR 2025-07-01 15:20:52,013 log 28632 10088 Internal Server Error: /products/category/fashion/
Traceback (most recent call last):
  File "C:\Users\rikes\ecommerce\env\Lib\site-packages\django\core\handlers\exception.py", line 55, in inner
    response = get_response(request)
               ^^^^^^^^^^^^^^^^^^^^^
  File "C:\Users\rikes\ecommerce\env\Lib\site-packages\django\core\handlers\base.py", line 197, in _get_response
    response = wrapped_callback(request, *callback_args, **callback_kwargs)
               ^^^^^^^^^^^^^^^^^^^^^^^^^^^^^^^^^^^^^^^^^^^^^^^^^^^^^^^^^^^^
  File "C:\Users\rikes\ecommerce\products\views.py", line 341, in category_detail
    return render(request, 'products/category_detail.html', context)
           ^^^^^^^^^^^^^^^^^^^^^^^^^^^^^^^^^^^^^^^^^^^^^^^^^^^^^^^^^
  File "C:\Users\rikes\ecommerce\env\Lib\site-packages\django\shortcuts.py", line 25, in render
    content = loader.render_to_string(template_name, context, request, using=using)
              ^^^^^^^^^^^^^^^^^^^^^^^^^^^^^^^^^^^^^^^^^^^^^^^^^^^^^^^^^^^^^^^^^^^^^
  File "C:\Users\rikes\ecommerce\env\Lib\site-packages\django\template\loader.py", line 61, in render_to_string
    template = get_template(template_name, using=using)
               ^^^^^^^^^^^^^^^^^^^^^^^^^^^^^^^^^^^^^^^^
  File "C:\Users\rikes\ecommerce\env\Lib\site-packages\django\template\loader.py", line 19, in get_template
    raise TemplateDoesNotExist(template_name, chain=chain)
django.template.exceptions.TemplateDoesNotExist: products/category_detail.html
ERROR 2025-07-01 15:20:52,017 basehttp 28632 10088 "GET /products/category/fashion/ HTTP/1.1" 500 97766
INFO 2025-07-01 15:21:00,189 basehttp 28632 10088 "GET / HTTP/1.1" 200 85597
ERROR 2025-07-01 15:45:22,869 log 28632 35540 Internal Server Error: /products/category/electronics/
Traceback (most recent call last):
  File "C:\Users\rikes\ecommerce\env\Lib\site-packages\django\core\handlers\exception.py", line 55, in inner
    response = get_response(request)
               ^^^^^^^^^^^^^^^^^^^^^
  File "C:\Users\rikes\ecommerce\env\Lib\site-packages\django\core\handlers\base.py", line 197, in _get_response
    response = wrapped_callback(request, *callback_args, **callback_kwargs)
               ^^^^^^^^^^^^^^^^^^^^^^^^^^^^^^^^^^^^^^^^^^^^^^^^^^^^^^^^^^^^
  File "C:\Users\rikes\ecommerce\products\views.py", line 341, in category_detail
    return render(request, 'products/category_detail.html', context)
           ^^^^^^^^^^^^^^^^^^^^^^^^^^^^^^^^^^^^^^^^^^^^^^^^^^^^^^^^^
  File "C:\Users\rikes\ecommerce\env\Lib\site-packages\django\shortcuts.py", line 25, in render
    content = loader.render_to_string(template_name, context, request, using=using)
              ^^^^^^^^^^^^^^^^^^^^^^^^^^^^^^^^^^^^^^^^^^^^^^^^^^^^^^^^^^^^^^^^^^^^^
  File "C:\Users\rikes\ecommerce\env\Lib\site-packages\django\template\loader.py", line 61, in render_to_string
    template = get_template(template_name, using=using)
               ^^^^^^^^^^^^^^^^^^^^^^^^^^^^^^^^^^^^^^^^
  File "C:\Users\rikes\ecommerce\env\Lib\site-packages\django\template\loader.py", line 19, in get_template
    raise TemplateDoesNotExist(template_name, chain=chain)
django.template.exceptions.TemplateDoesNotExist: products/category_detail.html
ERROR 2025-07-01 15:45:22,875 basehttp 28632 35540 "GET /products/category/electronics/ HTTP/1.1" 500 97999
ERROR 2025-07-01 15:45:33,389 log 28632 40368 Internal Server Error: /products/category/home-garden/
Traceback (most recent call last):
  File "C:\Users\rikes\ecommerce\env\Lib\site-packages\django\core\handlers\exception.py", line 55, in inner
    response = get_response(request)
               ^^^^^^^^^^^^^^^^^^^^^
  File "C:\Users\rikes\ecommerce\env\Lib\site-packages\django\core\handlers\base.py", line 197, in _get_response
    response = wrapped_callback(request, *callback_args, **callback_kwargs)
               ^^^^^^^^^^^^^^^^^^^^^^^^^^^^^^^^^^^^^^^^^^^^^^^^^^^^^^^^^^^^
  File "C:\Users\rikes\ecommerce\products\views.py", line 341, in category_detail
    return render(request, 'products/category_detail.html', context)
           ^^^^^^^^^^^^^^^^^^^^^^^^^^^^^^^^^^^^^^^^^^^^^^^^^^^^^^^^^
  File "C:\Users\rikes\ecommerce\env\Lib\site-packages\django\shortcuts.py", line 25, in render
    content = loader.render_to_string(template_name, context, request, using=using)
              ^^^^^^^^^^^^^^^^^^^^^^^^^^^^^^^^^^^^^^^^^^^^^^^^^^^^^^^^^^^^^^^^^^^^^
  File "C:\Users\rikes\ecommerce\env\Lib\site-packages\django\template\loader.py", line 61, in render_to_string
    template = get_template(template_name, using=using)
               ^^^^^^^^^^^^^^^^^^^^^^^^^^^^^^^^^^^^^^^^
  File "C:\Users\rikes\ecommerce\env\Lib\site-packages\django\template\loader.py", line 19, in get_template
    raise TemplateDoesNotExist(template_name, chain=chain)
django.template.exceptions.TemplateDoesNotExist: products/category_detail.html
ERROR 2025-07-01 15:45:33,396 basehttp 28632 40368 "GET /products/category/home-garden/ HTTP/1.1" 500 97864
INFO 2025-07-01 15:45:37,500 basehttp 28632 40368 "GET /products/shipping/ HTTP/1.1" 200 66083
INFO 2025-07-01 15:46:05,715 basehttp 28632 40368 "GET /products/product/4/ HTTP/1.1" 302 0
INFO 2025-07-01 15:46:05,762 basehttp 28632 40368 "GET /products/ HTTP/1.1" 200 69599
INFO 2025-07-01 15:46:07,868 basehttp 28632 40368 "POST /cart/add/1/ HTTP/1.1" 302 0
INFO 2025-07-01 15:46:08,148 basehttp 28632 40368 "GET /accounts/login/?next=/cart/add/1/ HTTP/1.1" 200 45589
INFO 2025-07-01 15:46:13,768 basehttp 28632 40368 "GET /accounts/login/ HTTP/1.1" 200 44871
INFO 2025-07-01 15:46:18,034 basehttp 28632 40368 "POST /accounts/login/ HTTP/1.1" 200 44886
INFO 2025-07-01 15:46:23,269 basehttp 28632 40368 - Broken pipe from ('127.0.0.1', 51587)
INFO 2025-07-01 15:46:24,033 basehttp 28632 22220 "POST /accounts/login/ HTTP/1.1" 200 44886
INFO 2025-07-01 15:46:34,250 basehttp 28632 31392 "GET /accounts/login/ HTTP/1.1" 200 44871
INFO 2025-07-01 15:46:38,965 basehttp 28632 31392 "POST /accounts/login/ HTTP/1.1" 302 0
INFO 2025-07-01 15:46:39,215 basehttp 28632 31392 "GET / HTTP/1.1" 200 85708
INFO 2025-07-01 15:46:39,341 basehttp 28632 31392 "GET /media/banners/133886706141016313.jpg HTTP/1.1" 200 1912062
INFO 2025-07-01 15:46:48,479 basehttp 28632 31392 "GET /products/ HTTP/1.1" 200 69710
INFO 2025-07-01 15:46:48,567 basehttp 28632 31392 "GET /media/product_images/133941915096699689.jpg HTTP/1.1" 304 0
INFO 2025-07-01 15:46:51,057 basehttp 28632 31392 "POST /cart/add/1/ HTTP/1.1" 200 97
INFO 2025-07-01 15:46:56,023 basehttp 28632 31392 "GET /cart/ HTTP/1.1" 200 54235
INFO 2025-07-01 15:46:58,238 basehttp 28632 31392 "GET /orders/checkout/ HTTP/1.1" 200 68520
INFO 2025-07-01 15:48:56,921 _util 28632 31392 message='Request to Stripe api' method=post url=https://api.stripe.com/v1/payment_intents
INFO 2025-07-01 15:48:59,107 _util 28632 31392 message='Stripe API response' path=https://api.stripe.com/v1/payment_intents response_code=200
INFO 2025-07-01 15:48:59,251 basehttp 28632 31392 "POST /orders/create-payment-intent/ HTTP/1.1" 200 81
INFO 2025-07-01 15:49:18,052 _util 28632 37220 message='Request to Stripe api' method=post url=https://api.stripe.com/v1/payment_intents
INFO 2025-07-01 15:49:19,644 _util 28632 37220 message='Stripe API response' path=https://api.stripe.com/v1/payment_intents response_code=200
INFO 2025-07-01 15:49:19,675 basehttp 28632 37220 "POST /orders/create-payment-intent/ HTTP/1.1" 200 81
INFO 2025-07-01 15:56:22,053 basehttp 28632 37156 "GET / HTTP/1.1" 200 85708
INFO 2025-07-01 15:56:24,162 basehttp 28632 37156 "GET / HTTP/1.1" 200 85708
ERROR 2025-07-01 15:56:30,376 log 28632 37156 Internal Server Error: /products/deals/
Traceback (most recent call last):
  File "C:\Users\rikes\ecommerce\env\Lib\site-packages\django\core\handlers\exception.py", line 55, in inner
    response = get_response(request)
               ^^^^^^^^^^^^^^^^^^^^^
  File "C:\Users\rikes\ecommerce\env\Lib\site-packages\django\core\handlers\base.py", line 197, in _get_response
    response = wrapped_callback(request, *callback_args, **callback_kwargs)
               ^^^^^^^^^^^^^^^^^^^^^^^^^^^^^^^^^^^^^^^^^^^^^^^^^^^^^^^^^^^^
  File "C:\Users\rikes\ecommerce\products\views.py", line 390, in deals
    products = Product.objects.filter(
               ^^^^^^^^^^^^^^^^^^^^^^^
  File "C:\Users\rikes\ecommerce\env\Lib\site-packages\django\db\models\manager.py", line 87, in manager_method
    return getattr(self.get_queryset(), name)(*args, **kwargs)
           ^^^^^^^^^^^^^^^^^^^^^^^^^^^^^^^^^^^^^^^^^^^^^^^^^^^
  File "C:\Users\rikes\ecommerce\env\Lib\site-packages\django\db\models\query.py", line 1481, in filter
    return self._filter_or_exclude(False, args, kwargs)
           ^^^^^^^^^^^^^^^^^^^^^^^^^^^^^^^^^^^^^^^^^^^^
  File "C:\Users\rikes\ecommerce\env\Lib\site-packages\django\db\models\query.py", line 1499, in _filter_or_exclude
    clone._filter_or_exclude_inplace(negate, args, kwargs)
  File "C:\Users\rikes\ecommerce\env\Lib\site-packages\django\db\models\query.py", line 1506, in _filter_or_exclude_inplace
    self._query.add_q(Q(*args, **kwargs))
  File "C:\Users\rikes\ecommerce\env\Lib\site-packages\django\db\models\sql\query.py", line 1643, in add_q
    clause, _ = self._add_q(q_object, can_reuse)
                ^^^^^^^^^^^^^^^^^^^^^^^^^^^^^^^^
  File "C:\Users\rikes\ecommerce\env\Lib\site-packages\django\db\models\sql\query.py", line 1675, in _add_q
    child_clause, needed_inner = self.build_filter(
                                 ^^^^^^^^^^^^^^^^^^
  File "C:\Users\rikes\ecommerce\env\Lib\site-packages\django\db\models\sql\query.py", line 1523, in build_filter
    lookups, parts, reffed_expression = self.solve_lookup_type(arg, summarize)
                                        ^^^^^^^^^^^^^^^^^^^^^^^^^^^^^^^^^^^^^^
  File "C:\Users\rikes\ecommerce\env\Lib\site-packages\django\db\models\sql\query.py", line 1330, in solve_lookup_type
    _, field, _, lookup_parts = self.names_to_path(lookup_splitted, self.get_meta())
                                ^^^^^^^^^^^^^^^^^^^^^^^^^^^^^^^^^^^^^^^^^^^^^^^^^^^^
  File "C:\Users\rikes\ecommerce\env\Lib\site-packages\django\db\models\sql\query.py", line 1802, in names_to_path
    raise FieldError(
django.core.exceptions.FieldError: Cannot resolve keyword 'discount_percentage' into field. Choices are: allow_backorders, banner, brand, brand_id, cartitem, category, category_id, compare_price, condition, cost_price, created_at, description, dimensions, id, image, images, is_active, is_digital, is_featured, low_stock_threshold, meta_description, meta_title, name, orderitem, price, product_views, requires_shipping, reviews, sales_count, short_description, slug, stock, tags, track_quantity, updated_at, variants, views_count, weight, wishlist
ERROR 2025-07-01 15:56:30,386 basehttp 28632 37156 "GET /products/deals/ HTTP/1.1" 500 126664
INFO 2025-07-01 15:58:12,455 autoreload 42436 28940 Watching for file changes with StatReloader
INFO 2025-07-01 15:58:27,941 basehttp 42436 29992 "GET / HTTP/1.1" 200 87542
INFO 2025-07-01 15:58:30,792 basehttp 42436 29992 "GET / HTTP/1.1" 200 87542
INFO 2025-07-01 15:58:31,236 basehttp 42436 29992 "GET / HTTP/1.1" 200 87542
INFO 2025-07-01 15:58:31,616 basehttp 42436 29992 "GET / HTTP/1.1" 200 87542
INFO 2025-07-01 15:58:32,060 basehttp 42436 29992 "GET / HTTP/1.1" 200 87542
ERROR 2025-07-01 15:58:38,572 log 42436 29992 Internal Server Error: /products/category/electronics/
Traceback (most recent call last):
  File "C:\Users\rikes\ecommerce\env\Lib\site-packages\django\core\handlers\exception.py", line 55, in inner
    response = get_response(request)
               ^^^^^^^^^^^^^^^^^^^^^
  File "C:\Users\rikes\ecommerce\env\Lib\site-packages\django\core\handlers\base.py", line 197, in _get_response
    response = wrapped_callback(request, *callback_args, **callback_kwargs)
               ^^^^^^^^^^^^^^^^^^^^^^^^^^^^^^^^^^^^^^^^^^^^^^^^^^^^^^^^^^^^
  File "C:\Users\rikes\ecommerce\products\views.py", line 341, in category_detail
    return render(request, 'products/category_detail.html', context)
           ^^^^^^^^^^^^^^^^^^^^^^^^^^^^^^^^^^^^^^^^^^^^^^^^^^^^^^^^^
  File "C:\Users\rikes\ecommerce\env\Lib\site-packages\django\shortcuts.py", line 25, in render
    content = loader.render_to_string(template_name, context, request, using=using)
              ^^^^^^^^^^^^^^^^^^^^^^^^^^^^^^^^^^^^^^^^^^^^^^^^^^^^^^^^^^^^^^^^^^^^^
  File "C:\Users\rikes\ecommerce\env\Lib\site-packages\django\template\loader.py", line 61, in render_to_string
    template = get_template(template_name, using=using)
               ^^^^^^^^^^^^^^^^^^^^^^^^^^^^^^^^^^^^^^^^
  File "C:\Users\rikes\ecommerce\env\Lib\site-packages\django\template\loader.py", line 19, in get_template
    raise TemplateDoesNotExist(template_name, chain=chain)
django.template.exceptions.TemplateDoesNotExist: products/category_detail.html
ERROR 2025-07-01 15:58:38,583 basehttp 42436 29992 "GET /products/category/electronics/ HTTP/1.1" 500 100802
INFO 2025-07-01 16:02:14,195 autoreload 44144 27568 Watching for file changes with StatReloader
INFO 2025-07-01 16:02:54,801 autoreload 46068 42200 Watching for file changes with StatReloader
INFO 2025-07-01 16:03:07,303 basehttp 46068 18104 "GET / HTTP/1.1" 200 57303
WARNING 2025-07-01 16:03:07,364 basehttp 46068 18104 "GET /static/images/hero-image.png HTTP/1.1" 404 1877
WARNING 2025-07-01 16:03:07,380 basehttp 46068 18780 "GET /static/images/4k-tv.png HTTP/1.1" 404 1862
WARNING 2025-07-01 16:03:07,399 basehttp 46068 42112 "GET /static/images/customer-1.jpg HTTP/1.1" 404 1877
WARNING 2025-07-01 16:03:07,401 basehttp 46068 45632 "GET /static/images/customer-2.jpg HTTP/1.1" 404 1877
WARNING 2025-07-01 16:03:07,408 basehttp 46068 7696 "GET /static/images/customer-3.jpg HTTP/1.1" 404 1877
ERROR 2025-07-01 16:03:34,668 log 46068 4128 Internal Server Error: /products/category/sports/
Traceback (most recent call last):
  File "C:\Users\rikes\ecommerce\env\Lib\site-packages\django\core\handlers\exception.py", line 55, in inner
    response = get_response(request)
               ^^^^^^^^^^^^^^^^^^^^^
  File "C:\Users\rikes\ecommerce\env\Lib\site-packages\django\core\handlers\base.py", line 197, in _get_response
    response = wrapped_callback(request, *callback_args, **callback_kwargs)
               ^^^^^^^^^^^^^^^^^^^^^^^^^^^^^^^^^^^^^^^^^^^^^^^^^^^^^^^^^^^^
  File "C:\Users\rikes\ecommerce\products\views.py", line 341, in category_detail
    return render(request, 'products/category_detail.html', context)
           ^^^^^^^^^^^^^^^^^^^^^^^^^^^^^^^^^^^^^^^^^^^^^^^^^^^^^^^^^
  File "C:\Users\rikes\ecommerce\env\Lib\site-packages\django\shortcuts.py", line 25, in render
    content = loader.render_to_string(template_name, context, request, using=using)
              ^^^^^^^^^^^^^^^^^^^^^^^^^^^^^^^^^^^^^^^^^^^^^^^^^^^^^^^^^^^^^^^^^^^^^
  File "C:\Users\rikes\ecommerce\env\Lib\site-packages\django\template\loader.py", line 61, in render_to_string
    template = get_template(template_name, using=using)
               ^^^^^^^^^^^^^^^^^^^^^^^^^^^^^^^^^^^^^^^^
  File "C:\Users\rikes\ecommerce\env\Lib\site-packages\django\template\loader.py", line 19, in get_template
    raise TemplateDoesNotExist(template_name, chain=chain)
django.template.exceptions.TemplateDoesNotExist: products/category_detail.html
ERROR 2025-07-01 16:03:34,681 basehttp 46068 4128 "GET /products/category/sports/ HTTP/1.1" 500 100058
INFO 2025-07-01 16:06:26,189 autoreload 27040 32988 Watching for file changes with StatReloader
INFO 2025-07-01 16:06:37,266 basehttp 27040 22324 "GET / HTTP/1.1" 200 55139
WARNING 2025-07-01 16:06:37,320 basehttp 27040 22324 "GET /static/images/hero-image.png HTTP/1.1" 404 1877
WARNING 2025-07-01 16:06:37,342 basehttp 27040 29448 "GET /static/images/customer-1.jpg HTTP/1.1" 404 1877
WARNING 2025-07-01 16:06:37,354 basehttp 27040 19156 "GET /static/images/customer-3.jpg HTTP/1.1" 404 1877
WARNING 2025-07-01 16:06:37,355 basehttp 27040 29484 "GET /static/images/customer-2.jpg HTTP/1.1" 404 1877
INFO 2025-07-01 16:07:00,633 basehttp 27040 21256 "GET /products/ HTTP/1.1" 200 55134
WARNING 2025-07-01 16:07:00,711 basehttp 27040 21256 "GET /static/images/hero-image.png HTTP/1.1" 404 1877
WARNING 2025-07-01 16:07:00,748 basehttp 27040 9708 "GET /static/images/customer-1.jpg HTTP/1.1" 404 1877
WARNING 2025-07-01 16:07:00,761 basehttp 27040 34604 "GET /static/images/customer-2.jpg HTTP/1.1" 404 1877
WARNING 2025-07-01 16:07:00,764 basehttp 27040 49740 "GET /static/images/customer-3.jpg HTTP/1.1" 404 1877
INFO 2025-07-01 16:10:57,563 autoreload 41768 37740 Watching for file changes with StatReloader
INFO 2025-07-01 16:11:13,754 basehttp 41768 37228 "GET /products/ HTTP/1.1" 200 24381
WARNING 2025-07-01 16:11:13,802 basehttp 41768 37228 "GET /static/images/banner-1.jpg HTTP/1.1" 404 1871
WARNING 2025-07-01 16:11:13,849 basehttp 41768 24340 "GET /static/images/banner-2.jpg HTTP/1.1" 404 1871
WARNING 2025-07-01 16:11:13,850 basehttp 41768 49480 "GET /static/images/category-clothing.png HTTP/1.1" 404 1898
WARNING 2025-07-01 16:11:13,853 basehttp 41768 28136 "GET /static/images/banner-3.jpg HTTP/1.1" 404 1871
WARNING 2025-07-01 16:11:13,853 basehttp 41768 39748 "GET /static/images/category-home.png HTTP/1.1" 404 1886
WARNING 2025-07-01 16:11:13,855 basehttp 41768 20840 "GET /static/images/category-electronics.png HTTP/1.1" 404 1907
WARNING 2025-07-01 16:11:13,876 basehttp 41768 30856 "GET /static/images/category-sports.png HTTP/1.1" 404 1892
WARNING 2025-07-01 16:11:13,898 basehttp 41768 41684 "GET /static/images/products/macbook-air-m2.jpg HTTP/1.1" 404 1916
WARNING 2025-07-01 16:11:13,900 basehttp 41768 25236 "GET /static/images/products/dell-xps-13.jpg HTTP/1.1" 404 1907
WARNING 2025-07-01 16:11:13,900 basehttp 41768 18576 "GET /static/images/products/nike-air-max-270.jpg HTTP/1.1" 404 1922
WARNING 2025-07-01 16:11:13,932 basehttp 41768 21880 "GET /static/images/products/adidas-ultraboost-22.jpg HTTP/1.1" 404 1934
WARNING 2025-07-01 16:11:13,933 basehttp 41768 46192 "GET /static/images/customer-1.jpg HTTP/1.1" 404 1877
WARNING 2025-07-01 16:11:13,936 basehttp 41768 42076 "GET /static/images/customer-2.jpg HTTP/1.1" 404 1877
WARNING 2025-07-01 16:11:13,950 basehttp 41768 33332 "GET /static/images/customer-3.jpg HTTP/1.1" 404 1877
WARNING 2025-07-01 16:11:13,961 basehttp 41768 38136 "GET /static/images/category-fashion.png HTTP/1.1" 404 1895
WARNING 2025-07-01 16:11:13,967 basehttp 41768 21744 "GET /static/images/category-books.png HTTP/1.1" 404 1889
INFO 2025-07-01 16:11:19,024 basehttp 41768 26680 "GET /products/ HTTP/1.1" 200 24381
WARNING 2025-07-01 16:11:19,076 basehttp 41768 26680 "GET /static/images/banner-1.jpg HTTP/1.1" 404 1871
WARNING 2025-07-01 16:11:19,278 basehttp 41768 35412 "GET /static/images/banner-3.jpg HTTP/1.1" 404 1871
WARNING 2025-07-01 16:11:19,279 basehttp 41768 35908 "GET /static/images/banner-2.jpg HTTP/1.1" 404 1871
WARNING 2025-07-01 16:11:19,316 basehttp 41768 29620 "GET /static/images/category-electronics.png HTTP/1.1" 404 1907
WARNING 2025-07-01 16:11:19,342 basehttp 41768 41816 "GET /static/images/category-clothing.png HTTP/1.1" 404 1898
WARNING 2025-07-01 16:11:19,355 basehttp 41768 30080 "GET /static/images/category-home.png HTTP/1.1" 404 1886
WARNING 2025-07-01 16:11:19,376 basehttp 41768 31664 "GET /static/images/category-sports.png HTTP/1.1" 404 1892
WARNING 2025-07-01 16:11:19,377 basehttp 41768 27808 "GET /static/images/category-fashion.png HTTP/1.1" 404 1895
WARNING 2025-07-01 16:11:19,415 basehttp 41768 17760 "GET /static/images/category-books.png HTTP/1.1" 404 1889
WARNING 2025-07-01 16:11:19,416 basehttp 41768 31988 "GET /static/images/products/macbook-air-m2.jpg HTTP/1.1" 404 1916
WARNING 2025-07-01 16:11:19,480 basehttp 41768 49164 "GET /static/images/products/dell-xps-13.jpg HTTP/1.1" 404 1907
WARNING 2025-07-01 16:11:19,485 basehttp 41768 46460 "GET /static/images/products/adidas-ultraboost-22.jpg HTTP/1.1" 404 1934
WARNING 2025-07-01 16:11:19,522 basehttp 41768 40952 "GET /static/images/products/nike-air-max-270.jpg HTTP/1.1" 404 1922
WARNING 2025-07-01 16:11:19,525 basehttp 41768 48460 "GET /static/images/customer-2.jpg HTTP/1.1" 404 1877
WARNING 2025-07-01 16:11:19,525 basehttp 41768 38512 "GET /static/images/customer-1.jpg HTTP/1.1" 404 1877
WARNING 2025-07-01 16:11:19,543 basehttp 41768 18716 "GET /static/images/customer-3.jpg HTTP/1.1" 404 1877
INFO 2025-07-01 16:15:45,914 autoreload 9872 10536 Watching for file changes with StatReloader
INFO 2025-07-01 16:16:07,460 autoreload 3056 33592 Watching for file changes with StatReloader
INFO 2025-07-01 16:16:26,714 basehttp 3056 44516 "GET /products/ HTTP/1.1" 200 23556
WARNING 2025-07-01 16:16:26,798 basehttp 3056 44516 "GET /static/images/banner-1.jpg HTTP/1.1" 404 1871
WARNING 2025-07-01 16:16:26,843 basehttp 3056 25384 "GET /static/images/banner-2.jpg HTTP/1.1" 404 1871
WARNING 2025-07-01 16:16:26,847 basehttp 3056 39328 "GET /static/images/category-clothing.png HTTP/1.1" 404 1898
WARNING 2025-07-01 16:16:26,850 basehttp 3056 28300 "GET /static/images/banner-3.jpg HTTP/1.1" 404 1871
WARNING 2025-07-01 16:16:26,872 basehttp 3056 17960 "GET /static/images/category-electronics.png HTTP/1.1" 404 1907
WARNING 2025-07-01 16:16:26,912 basehttp 3056 26904 "GET /static/images/category-home.png HTTP/1.1" 404 1886
WARNING 2025-07-01 16:16:26,924 basehttp 3056 24852 "GET /static/images/category-sports.png HTTP/1.1" 404 1892
WARNING 2025-07-01 16:16:26,952 basehttp 3056 13004 "GET /static/images/category-fashion.png HTTP/1.1" 404 1895
WARNING 2025-07-01 16:16:26,975 basehttp 3056 33384 "GET /static/images/customer-3.jpg HTTP/1.1" 404 1877
WARNING 2025-07-01 16:16:26,992 basehttp 3056 43828 "GET /static/images/products/macbook-air-m2.jpg HTTP/1.1" 404 1916
WARNING 2025-07-01 16:16:27,027 basehttp 3056 7984 "GET /static/images/category-books.png HTTP/1.1" 404 1889
WARNING 2025-07-01 16:16:27,028 basehttp 3056 39928 "GET /static/images/products/adidas-ultraboost-22.jpg HTTP/1.1" 404 1934
WARNING 2025-07-01 16:16:27,070 basehttp 3056 36324 "GET /static/images/products/dell-xps-13.jpg HTTP/1.1" 404 1907
WARNING 2025-07-01 16:16:27,089 basehttp 3056 31416 "GET /static/images/products/nike-air-max-270.jpg HTTP/1.1" 404 1922
WARNING 2025-07-01 16:16:27,102 basehttp 3056 25956 "GET /static/images/customer-1.jpg HTTP/1.1" 404 1877
WARNING 2025-07-01 16:16:27,104 basehttp 3056 31300 "GET /static/images/customer-2.jpg HTTP/1.1" 404 1877
WARNING 2025-07-01 16:16:32,328 basehttp 3056 26504 "GET /static/images/customer-3.jpg HTTP/1.1" 404 1877
WARNING 2025-07-01 16:16:32,343 basehttp 3056 26204 "GET /static/images/hero-image.png HTTP/1.1" 404 1877
WARNING 2025-07-01 16:16:32,349 basehttp 3056 25880 "GET /static/images/customer-1.jpg HTTP/1.1" 404 1877
WARNING 2025-07-01 16:16:32,358 basehttp 3056 33324 "GET /static/images/customer-2.jpg HTTP/1.1" 404 1877
INFO 2025-07-01 16:17:06,171 autoreload 32036 1764 Watching for file changes with StatReloader
INFO 2025-07-01 16:17:10,968 basehttp 32036 29788 "GET / HTTP/1.1" 200 23561
WARNING 2025-07-01 16:17:11,149 basehttp 32036 29788 "GET /static/images/banner-1.jpg HTTP/1.1" 404 1871
WARNING 2025-07-01 16:17:11,149 basehttp 32036 43172 "GET /static/images/banner-2.jpg HTTP/1.1" 404 1871
WARNING 2025-07-01 16:17:11,243 basehttp 32036 35824 "GET /static/images/category-clothing.png HTTP/1.1" 404 1898
WARNING 2025-07-01 16:17:11,244 basehttp 32036 47880 "GET /static/images/banner-3.jpg HTTP/1.1" 404 1871
WARNING 2025-07-01 16:17:11,245 basehttp 32036 31844 "GET /static/images/category-electronics.png HTTP/1.1" 404 1907
WARNING 2025-07-01 16:17:11,255 basehttp 32036 27656 "GET /static/images/category-fashion.png HTTP/1.1" 404 1895
WARNING 2025-07-01 16:17:11,255 basehttp 32036 46484 "GET /static/images/category-home.png HTTP/1.1" 404 1886
WARNING 2025-07-01 16:17:11,257 basehttp 32036 38964 "GET /static/images/category-sports.png HTTP/1.1" 404 1892
WARNING 2025-07-01 16:17:11,328 basehttp 32036 38852 "GET /static/images/category-books.png HTTP/1.1" 404 1889
WARNING 2025-07-01 16:17:11,350 basehttp 32036 39488 "GET /static/images/products/nike-air-max-270.jpg HTTP/1.1" 404 1922
WARNING 2025-07-01 16:17:11,355 basehttp 32036 45136 "GET /static/images/products/adidas-ultraboost-22.jpg HTTP/1.1" 404 1934
WARNING 2025-07-01 16:17:11,360 basehttp 32036 36180 "GET /static/images/products/dell-xps-13.jpg HTTP/1.1" 404 1907
WARNING 2025-07-01 16:17:11,361 basehttp 32036 47976 "GET /static/images/products/macbook-air-m2.jpg HTTP/1.1" 404 1916
WARNING 2025-07-01 16:17:11,362 basehttp 32036 4748 "GET /static/images/customer-1.jpg HTTP/1.1" 404 1877
WARNING 2025-07-01 16:17:11,396 basehttp 32036 50012 "GET /static/images/customer-2.jpg HTTP/1.1" 404 1877
WARNING 2025-07-01 16:17:11,396 basehttp 32036 20832 "GET /static/images/customer-3.jpg HTTP/1.1" 404 1877
INFO 2025-07-01 16:17:31,441 basehttp 32036 19804 "GET /products/ HTTP/1.1" 200 23556
WARNING 2025-07-01 16:17:31,498 basehttp 32036 34196 "GET /static/images/banner-2.jpg HTTP/1.1" 404 1871
WARNING 2025-07-01 16:17:31,498 basehttp 32036 19804 "GET /static/images/banner-1.jpg HTTP/1.1" 404 1871
WARNING 2025-07-01 16:17:31,542 basehttp 32036 41004 "GET /static/images/banner-3.jpg HTTP/1.1" 404 1871
WARNING 2025-07-01 16:17:31,577 basehttp 32036 18624 "GET /static/images/category-electronics.png HTTP/1.1" 404 1907
WARNING 2025-07-01 16:17:31,582 basehttp 32036 19308 "GET /static/images/category-clothing.png HTTP/1.1" 404 1898
WARNING 2025-07-01 16:17:31,583 basehttp 32036 22212 "GET /static/images/category-home.png HTTP/1.1" 404 1886
WARNING 2025-07-01 16:17:31,626 basehttp 32036 42644 "GET /static/images/category-fashion.png HTTP/1.1" 404 1895
WARNING 2025-07-01 16:17:31,627 basehttp 32036 9164 "GET /static/images/category-sports.png HTTP/1.1" 404 1892
WARNING 2025-07-01 16:17:31,669 basehttp 32036 43384 "GET /static/images/products/macbook-air-m2.jpg HTTP/1.1" 404 1916
WARNING 2025-07-01 16:17:31,677 basehttp 32036 6844 "GET /static/images/category-books.png HTTP/1.1" 404 1889
WARNING 2025-07-01 16:17:31,714 basehttp 32036 32528 "GET /static/images/products/adidas-ultraboost-22.jpg HTTP/1.1" 404 1934
WARNING 2025-07-01 16:17:31,733 basehttp 32036 48264 "GET /static/images/products/dell-xps-13.jpg HTTP/1.1" 404 1907
WARNING 2025-07-01 16:17:31,786 basehttp 32036 31836 "GET /static/images/products/nike-air-max-270.jpg HTTP/1.1" 404 1922
WARNING 2025-07-01 16:17:31,787 basehttp 32036 39108 "GET /static/images/customer-1.jpg HTTP/1.1" 404 1877
WARNING 2025-07-01 16:17:31,801 basehttp 32036 43584 "GET /static/images/customer-2.jpg HTTP/1.1" 404 1877
WARNING 2025-07-01 16:17:31,803 basehttp 32036 20352 "GET /static/images/customer-3.jpg HTTP/1.1" 404 1877
INFO 2025-07-01 16:17:32,878 basehttp 32036 25352 "GET /products/ HTTP/1.1" 200 23556
WARNING 2025-07-01 16:17:33,061 basehttp 32036 25352 "GET /static/images/banner-1.jpg HTTP/1.1" 404 1871
WARNING 2025-07-01 16:17:33,062 basehttp 32036 47352 "GET /static/images/banner-2.jpg HTTP/1.1" 404 1871
WARNING 2025-07-01 16:17:33,111 basehttp 32036 32280 "GET /static/images/banner-3.jpg HTTP/1.1" 404 1871
WARNING 2025-07-01 16:17:33,150 basehttp 32036 43020 "GET /static/images/category-electronics.png HTTP/1.1" 404 1907
WARNING 2025-07-01 16:17:33,158 basehttp 32036 26308 "GET /static/images/category-home.png HTTP/1.1" 404 1886
WARNING 2025-07-01 16:17:33,161 basehttp 32036 436 "GET /static/images/category-clothing.png HTTP/1.1" 404 1898
WARNING 2025-07-01 16:17:33,193 basehttp 32036 40040 "GET /static/images/category-sports.png HTTP/1.1" 404 1892
WARNING 2025-07-01 16:17:33,238 basehttp 32036 19756 "GET /static/images/category-fashion.png HTTP/1.1" 404 1895
WARNING 2025-07-01 16:17:33,249 basehttp 32036 21608 "GET /static/images/category-books.png HTTP/1.1" 404 1889
WARNING 2025-07-01 16:17:33,283 basehttp 32036 30896 "GET /static/images/products/macbook-air-m2.jpg HTTP/1.1" 404 1916
WARNING 2025-07-01 16:17:33,286 basehttp 32036 10820 "GET /static/images/products/adidas-ultraboost-22.jpg HTTP/1.1" 404 1934
WARNING 2025-07-01 16:17:33,350 basehttp 32036 47052 "GET /static/images/products/dell-xps-13.jpg HTTP/1.1" 404 1907
WARNING 2025-07-01 16:17:33,381 basehttp 32036 50088 "GET /static/images/products/nike-air-max-270.jpg HTTP/1.1" 404 1922
WARNING 2025-07-01 16:17:33,400 basehttp 32036 8876 "GET /static/images/customer-1.jpg HTTP/1.1" 404 1877
WARNING 2025-07-01 16:17:33,404 basehttp 32036 31480 "GET /static/images/customer-2.jpg HTTP/1.1" 404 1877
WARNING 2025-07-01 16:17:33,404 basehttp 32036 35924 "GET /static/images/customer-3.jpg HTTP/1.1" 404 1877
ERROR 2025-07-01 16:17:34,708 log 32036 48748 Internal Server Error: /products/category/electronics/
Traceback (most recent call last):
  File "C:\Users\rikes\ecommerce\env\Lib\site-packages\django\core\handlers\exception.py", line 55, in inner
    response = get_response(request)
               ^^^^^^^^^^^^^^^^^^^^^
  File "C:\Users\rikes\ecommerce\env\Lib\site-packages\django\core\handlers\base.py", line 197, in _get_response
    response = wrapped_callback(request, *callback_args, **callback_kwargs)
               ^^^^^^^^^^^^^^^^^^^^^^^^^^^^^^^^^^^^^^^^^^^^^^^^^^^^^^^^^^^^
  File "C:\Users\rikes\ecommerce\products\views.py", line 341, in category_detail
    return render(request, 'products/category_detail.html', context)
           ^^^^^^^^^^^^^^^^^^^^^^^^^^^^^^^^^^^^^^^^^^^^^^^^^^^^^^^^^
  File "C:\Users\rikes\ecommerce\env\Lib\site-packages\django\shortcuts.py", line 25, in render
    content = loader.render_to_string(template_name, context, request, using=using)
              ^^^^^^^^^^^^^^^^^^^^^^^^^^^^^^^^^^^^^^^^^^^^^^^^^^^^^^^^^^^^^^^^^^^^^
  File "C:\Users\rikes\ecommerce\env\Lib\site-packages\django\template\loader.py", line 61, in render_to_string
    template = get_template(template_name, using=using)
               ^^^^^^^^^^^^^^^^^^^^^^^^^^^^^^^^^^^^^^^^
  File "C:\Users\rikes\ecommerce\env\Lib\site-packages\django\template\loader.py", line 19, in get_template
    raise TemplateDoesNotExist(template_name, chain=chain)
django.template.exceptions.TemplateDoesNotExist: products/category_detail.html
ERROR 2025-07-01 16:17:34,724 basehttp 32036 48748 "GET /products/category/electronics/ HTTP/1.1" 500 100191
INFO 2025-07-01 16:17:41,513 basehttp 32036 48748 "GET /products/product/adidas-ultraboost-22/ HTTP/1.1" 200 23541
WARNING 2025-07-01 16:17:41,574 basehttp 32036 42036 "GET /static/images/banner-2.jpg HTTP/1.1" 404 1871
WARNING 2025-07-01 16:17:41,575 basehttp 32036 48748 "GET /static/images/banner-1.jpg HTTP/1.1" 404 1871
WARNING 2025-07-01 16:17:41,605 basehttp 32036 28136 "GET /static/images/banner-3.jpg HTTP/1.1" 404 1871
WARNING 2025-07-01 16:17:41,633 basehttp 32036 34720 "GET /static/images/category-electronics.png HTTP/1.1" 404 1907
WARNING 2025-07-01 16:17:41,652 basehttp 32036 43612 "GET /static/images/category-clothing.png HTTP/1.1" 404 1898
WARNING 2025-07-01 16:17:41,682 basehttp 32036 31820 "GET /static/images/category-sports.png HTTP/1.1" 404 1892
WARNING 2025-07-01 16:17:41,684 basehttp 32036 49480 "GET /static/images/category-home.png HTTP/1.1" 404 1886
WARNING 2025-07-01 16:17:41,685 basehttp 32036 39316 "GET /static/images/category-fashion.png HTTP/1.1" 404 1895
WARNING 2025-07-01 16:17:41,722 basehttp 32036 9748 "GET /static/images/category-books.png HTTP/1.1" 404 1889
WARNING 2025-07-01 16:17:41,744 basehttp 32036 47000 "GET /static/images/products/macbook-air-m2.jpg HTTP/1.1" 404 1916
WARNING 2025-07-01 16:17:41,753 basehttp 32036 8352 "GET /static/images/products/adidas-ultraboost-22.jpg HTTP/1.1" 404 1934
WARNING 2025-07-01 16:17:41,788 basehttp 32036 33828 "GET /static/images/products/dell-xps-13.jpg HTTP/1.1" 404 1907
WARNING 2025-07-01 16:17:41,822 basehttp 32036 39840 "GET /static/images/products/nike-air-max-270.jpg HTTP/1.1" 404 1922
WARNING 2025-07-01 16:17:41,857 basehttp 32036 46496 "GET /static/images/customer-1.jpg HTTP/1.1" 404 1877
WARNING 2025-07-01 16:17:41,860 basehttp 32036 22260 "GET /static/images/customer-2.jpg HTTP/1.1" 404 1877
WARNING 2025-07-01 16:17:41,861 basehttp 32036 3828 "GET /static/images/customer-3.jpg HTTP/1.1" 404 1877
INFO 2025-07-01 16:20:33,362 autoreload 43144 22156 Watching for file changes with StatReloader
INFO 2025-07-01 16:20:42,069 basehttp 43144 17484 "GET / HTTP/1.1" 200 18163
WARNING 2025-07-01 16:20:42,123 basehttp 43144 17484 "GET /static/images/category-electronics.png HTTP/1.1" 404 1907
WARNING 2025-07-01 16:20:42,157 basehttp 43144 44380 "GET /static/images/category-home.png HTTP/1.1" 404 1886
WARNING 2025-07-01 16:20:42,160 basehttp 43144 49628 "GET /static/images/category-sports.png HTTP/1.1" 404 1892
WARNING 2025-07-01 16:20:42,169 basehttp 43144 36052 "GET /static/images/category-clothing.png HTTP/1.1" 404 1898
WARNING 2025-07-01 16:20:42,171 basehttp 43144 45448 "GET /static/images/category-fashion.png HTTP/1.1" 404 1895
WARNING 2025-07-01 16:20:42,185 basehttp 43144 15312 "GET /static/images/category-books.png HTTP/1.1" 404 1889
WARNING 2025-07-01 16:20:42,209 basehttp 43144 40848 "GET /static/images/products/macbook-air-m2.jpg HTTP/1.1" 404 1916
WARNING 2025-07-01 16:20:42,210 basehttp 43144 49776 "GET /static/images/products/dell-xps-13.jpg HTTP/1.1" 404 1907
WARNING 2025-07-01 16:20:42,211 basehttp 43144 49128 "GET /static/images/products/nike-air-max-270.jpg HTTP/1.1" 404 1922
WARNING 2025-07-01 16:20:42,220 basehttp 43144 21768 "GET /static/images/products/adidas-ultraboost-22.jpg HTTP/1.1" 404 1934
INFO 2025-07-01 16:20:43,245 basehttp 43144 45136 "GET / HTTP/1.1" 200 18163
WARNING 2025-07-01 16:20:43,282 basehttp 43144 45136 "GET /static/images/category-electronics.png HTTP/1.1" 404 1907
WARNING 2025-07-01 16:20:43,305 basehttp 43144 49464 "GET /static/images/category-clothing.png HTTP/1.1" 404 1898
WARNING 2025-07-01 16:20:43,332 basehttp 43144 43500 "GET /static/images/category-home.png HTTP/1.1" 404 1886
WARNING 2025-07-01 16:20:43,342 basehttp 43144 50084 "GET /static/images/category-fashion.png HTTP/1.1" 404 1895
WARNING 2025-07-01 16:20:43,343 basehttp 43144 6568 "GET /static/images/category-sports.png HTTP/1.1" 404 1892
WARNING 2025-07-01 16:20:43,354 basehttp 43144 39980 "GET /static/images/products/macbook-air-m2.jpg HTTP/1.1" 404 1916
WARNING 2025-07-01 16:20:43,354 basehttp 43144 16692 "GET /static/images/category-books.png HTTP/1.1" 404 1889
WARNING 2025-07-01 16:20:43,363 basehttp 43144 26608 "GET /static/images/products/nike-air-max-270.jpg HTTP/1.1" 404 1922
WARNING 2025-07-01 16:20:43,377 basehttp 43144 16628 "GET /static/images/products/dell-xps-13.jpg HTTP/1.1" 404 1907
WARNING 2025-07-01 16:20:43,385 basehttp 43144 27984 "GET /static/images/products/adidas-ultraboost-22.jpg HTTP/1.1" 404 1934
INFO 2025-07-01 16:20:43,627 basehttp 43144 14428 "GET / HTTP/1.1" 200 18163
WARNING 2025-07-01 16:20:43,673 basehttp 43144 14428 "GET /static/images/category-electronics.png HTTP/1.1" 404 1907
WARNING 2025-07-01 16:20:43,715 basehttp 43144 8632 "GET /static/images/category-clothing.png HTTP/1.1" 404 1898
WARNING 2025-07-01 16:20:43,730 basehttp 43144 22672 "GET /static/images/category-books.png HTTP/1.1" 404 1889
WARNING 2025-07-01 16:20:43,733 basehttp 43144 15288 "GET /static/images/category-fashion.png HTTP/1.1" 404 1895
WARNING 2025-07-01 16:20:43,741 basehttp 43144 26840 "GET /static/images/category-sports.png HTTP/1.1" 404 1892
WARNING 2025-07-01 16:20:43,741 basehttp 43144 35084 "GET /static/images/category-home.png HTTP/1.1" 404 1886
WARNING 2025-07-01 16:20:43,746 basehttp 43144 48760 "GET /static/images/products/macbook-air-m2.jpg HTTP/1.1" 404 1916
WARNING 2025-07-01 16:20:43,753 basehttp 43144 5160 "GET /static/images/products/dell-xps-13.jpg HTTP/1.1" 404 1907
WARNING 2025-07-01 16:20:43,765 basehttp 43144 42484 "GET /static/images/products/nike-air-max-270.jpg HTTP/1.1" 404 1922
WARNING 2025-07-01 16:20:43,773 basehttp 43144 43792 "GET /static/images/products/adidas-ultraboost-22.jpg HTTP/1.1" 404 1934
INFO 2025-07-01 16:20:43,949 basehttp 43144 37500 "GET / HTTP/1.1" 200 18163
WARNING 2025-07-01 16:20:44,135 basehttp 43144 39340 "GET /static/images/category-home.png HTTP/1.1" 404 1886
WARNING 2025-07-01 16:20:44,138 basehttp 43144 8380 "GET /static/images/category-electronics.png HTTP/1.1" 404 1907
WARNING 2025-07-01 16:20:44,148 basehttp 43144 37500 "GET /static/images/category-clothing.png HTTP/1.1" 404 1898
WARNING 2025-07-01 16:20:44,150 basehttp 43144 27408 "GET /static/images/category-fashion.png HTTP/1.1" 404 1895
WARNING 2025-07-01 16:20:44,173 basehttp 43144 39164 "GET /static/images/category-sports.png HTTP/1.1" 404 1892
WARNING 2025-07-01 16:20:44,175 basehttp 43144 39004 "GET /static/images/products/macbook-air-m2.jpg HTTP/1.1" 404 1916
WARNING 2025-07-01 16:20:44,175 basehttp 43144 41604 "GET /static/images/category-books.png HTTP/1.1" 404 1889
WARNING 2025-07-01 16:20:44,191 basehttp 43144 6272 "GET /static/images/products/nike-air-max-270.jpg HTTP/1.1" 404 1922
WARNING 2025-07-01 16:20:44,191 basehttp 43144 39648 "GET /static/images/products/adidas-ultraboost-22.jpg HTTP/1.1" 404 1934
WARNING 2025-07-01 16:20:44,199 basehttp 43144 28504 "GET /static/images/products/dell-xps-13.jpg HTTP/1.1" 404 1907
INFO 2025-07-01 16:20:44,413 basehttp 43144 2356 "GET / HTTP/1.1" 200 18163
WARNING 2025-07-01 16:20:44,547 basehttp 43144 14816 "GET /static/images/category-clothing.png HTTP/1.1" 404 1898
WARNING 2025-07-01 16:20:44,570 basehttp 43144 28796 "GET /static/images/category-home.png HTTP/1.1" 404 1886
WARNING 2025-07-01 16:20:44,586 basehttp 43144 2356 "GET /static/images/category-electronics.png HTTP/1.1" 404 1907
WARNING 2025-07-01 16:20:44,589 basehttp 43144 636 "GET /static/images/category-fashion.png HTTP/1.1" 404 1895
WARNING 2025-07-01 16:20:44,594 basehttp 43144 42300 "GET /static/images/category-books.png HTTP/1.1" 404 1889
WARNING 2025-07-01 16:20:44,597 basehttp 43144 45460 "GET /static/images/category-sports.png HTTP/1.1" 404 1892
WARNING 2025-07-01 16:20:44,646 basehttp 43144 45956 "GET /static/images/products/adidas-ultraboost-22.jpg HTTP/1.1" 404 1934
WARNING 2025-07-01 16:20:44,670 basehttp 43144 21656 "GET /static/images/products/macbook-air-m2.jpg HTTP/1.1" 404 1916
WARNING 2025-07-01 16:20:44,676 basehttp 43144 31700 "GET /static/images/products/nike-air-max-270.jpg HTTP/1.1" 404 1922
WARNING 2025-07-01 16:20:44,690 basehttp 43144 18116 "GET /static/images/products/dell-xps-13.jpg HTTP/1.1" 404 1907
INFO 2025-07-01 16:20:44,807 basehttp 43144 41560 "GET / HTTP/1.1" 200 18163
WARNING 2025-07-01 16:20:44,885 basehttp 43144 41560 "GET /static/images/category-electronics.png HTTP/1.1" 404 1907
WARNING 2025-07-01 16:20:44,929 basehttp 43144 21432 "GET /static/images/category-clothing.png HTTP/1.1" 404 1898
WARNING 2025-07-01 16:20:44,930 basehttp 43144 40856 "GET /static/images/category-home.png HTTP/1.1" 404 1886
WARNING 2025-07-01 16:20:44,962 basehttp 43144 48756 "GET /static/images/category-sports.png HTTP/1.1" 404 1892
WARNING 2025-07-01 16:20:44,964 basehttp 43144 33392 "GET /static/images/category-fashion.png HTTP/1.1" 404 1895
WARNING 2025-07-01 16:20:45,013 basehttp 43144 34932 "GET /static/images/category-books.png HTTP/1.1" 404 1889
WARNING 2025-07-01 16:20:45,039 basehttp 43144 26352 "GET /static/images/products/macbook-air-m2.jpg HTTP/1.1" 404 1916
WARNING 2025-07-01 16:20:45,060 basehttp 43144 39700 "GET /static/images/products/adidas-ultraboost-22.jpg HTTP/1.1" 404 1934
WARNING 2025-07-01 16:20:45,076 basehttp 43144 40280 "GET /static/images/products/nike-air-max-270.jpg HTTP/1.1" 404 1922
WARNING 2025-07-01 16:20:45,079 basehttp 43144 38940 "GET /static/images/products/dell-xps-13.jpg HTTP/1.1" 404 1907
INFO 2025-07-01 16:25:20,336 autoreload 31728 46472 Watching for file changes with StatReloader
WARNING 2025-07-01 16:25:29,665 basehttp 31728 43796 "GET /static/images/category-clothing.png HTTP/1.1" 404 1898
WARNING 2025-07-01 16:25:29,666 basehttp 31728 8132 "GET /static/images/category-home.png HTTP/1.1" 404 1886
WARNING 2025-07-01 16:25:29,666 basehttp 31728 35232 "GET /static/images/category-electronics.png HTTP/1.1" 404 1907
WARNING 2025-07-01 16:25:29,684 basehttp 31728 38548 "GET /static/images/banner-1.jpg HTTP/1.1" 404 1871
WARNING 2025-07-01 16:25:29,685 basehttp 31728 35648 "GET /static/images/banner-2.jpg HTTP/1.1" 404 1871
WARNING 2025-07-01 16:25:29,689 basehttp 31728 49496 "GET /static/images/banner-3.jpg HTTP/1.1" 404 1871
WARNING 2025-07-01 16:25:29,701 basehttp 31728 42752 "GET /static/images/category-sports.png HTTP/1.1" 404 1892
WARNING 2025-07-01 16:25:29,716 basehttp 31728 17140 "GET /static/images/category-fashion.png HTTP/1.1" 404 1895
WARNING 2025-07-01 16:25:29,737 basehttp 31728 49020 "GET /static/images/category-books.png HTTP/1.1" 404 1889
WARNING 2025-07-01 16:25:29,738 basehttp 31728 20428 "GET /static/images/products/macbook-air-m2.jpg HTTP/1.1" 404 1916
WARNING 2025-07-01 16:25:29,758 basehttp 31728 46160 "GET /static/images/products/adidas-ultraboost-22.jpg HTTP/1.1" 404 1934
WARNING 2025-07-01 16:25:29,785 basehttp 31728 30940 "GET /static/images/products/dell-xps-13.jpg HTTP/1.1" 404 1907
WARNING 2025-07-01 16:25:29,812 basehttp 31728 29852 "GET /static/images/products/nike-air-max-270.jpg HTTP/1.1" 404 1922
WARNING 2025-07-01 16:25:29,821 basehttp 31728 11296 "GET /static/images/customer-2.jpg HTTP/1.1" 404 1877
WARNING 2025-07-01 16:25:29,821 basehttp 31728 7604 "GET /static/images/customer-3.jpg HTTP/1.1" 404 1877
WARNING 2025-07-01 16:25:29,823 basehttp 31728 45608 "GET /static/images/customer-1.jpg HTTP/1.1" 404 1877
INFO 2025-07-01 16:30:40,360 autoreload 47884 17960 Watching for file changes with StatReloader
INFO 2025-07-01 16:31:01,704 basehttp 47884 14884 "GET / HTTP/1.1" 200 18163
WARNING 2025-07-01 16:31:01,746 basehttp 47884 14884 "GET /static/images/category-electronics.png HTTP/1.1" 404 1907
WARNING 2025-07-01 16:31:01,752 basehttp 47884 20148 "GET /static/images/category-clothing.png HTTP/1.1" 404 1898
WARNING 2025-07-01 16:31:01,788 basehttp 47884 33356 "GET /static/images/category-home.png HTTP/1.1" 404 1886
WARNING 2025-07-01 16:31:01,799 basehttp 47884 28780 "GET /static/images/category-books.png HTTP/1.1" 404 1889
WARNING 2025-07-01 16:31:01,803 basehttp 47884 44656 "GET /static/images/category-fashion.png HTTP/1.1" 404 1895
WARNING 2025-07-01 16:31:01,804 basehttp 47884 43328 "GET /static/images/category-sports.png HTTP/1.1" 404 1892
WARNING 2025-07-01 16:31:01,813 basehttp 47884 47132 "GET /static/images/products/macbook-air-m2.jpg HTTP/1.1" 404 1916
WARNING 2025-07-01 16:31:01,856 basehttp 47884 21048 "GET /static/images/products/adidas-ultraboost-22.jpg HTTP/1.1" 404 1934
WARNING 2025-07-01 16:31:01,859 basehttp 47884 13148 "GET /static/images/products/dell-xps-13.jpg HTTP/1.1" 404 1907
WARNING 2025-07-01 16:31:01,859 basehttp 47884 42072 "GET /static/images/products/nike-air-max-270.jpg HTTP/1.1" 404 1922
WARNING 2025-07-01 16:31:10,664 basehttp 47884 33844 "GET /static/images/banner-2.jpg HTTP/1.1" 404 1871
WARNING 2025-07-01 16:31:10,664 basehttp 47884 28012 "GET /static/images/banner-1.jpg HTTP/1.1" 404 1871
WARNING 2025-07-01 16:31:10,814 basehttp 47884 16268 "GET /static/images/banner-3.jpg HTTP/1.1" 404 1871
WARNING 2025-07-01 16:31:10,815 basehttp 47884 48340 "GET /static/images/category-electronics.png HTTP/1.1" 404 1907
WARNING 2025-07-01 16:31:10,815 basehttp 47884 35696 "GET /static/images/category-clothing.png HTTP/1.1" 404 1898
WARNING 2025-07-01 16:31:10,823 basehttp 47884 39292 "GET /static/images/category-sports.png HTTP/1.1" 404 1892
WARNING 2025-07-01 16:31:10,823 basehttp 47884 9104 "GET /static/images/category-home.png HTTP/1.1" 404 1886
WARNING 2025-07-01 16:31:10,824 basehttp 47884 49724 "GET /static/images/category-fashion.png HTTP/1.1" 404 1895
WARNING 2025-07-01 16:31:10,951 basehttp 47884 50128 "GET /static/images/category-books.png HTTP/1.1" 404 1889
WARNING 2025-07-01 16:31:10,970 basehttp 47884 42680 "GET /static/images/customer-1.jpg HTTP/1.1" 404 1877
WARNING 2025-07-01 16:31:10,972 basehttp 47884 38312 "GET /static/images/products/adidas-ultraboost-22.jpg HTTP/1.1" 404 1934
WARNING 2025-07-01 16:31:10,973 basehttp 47884 32012 "GET /static/images/products/macbook-air-m2.jpg HTTP/1.1" 404 1916
WARNING 2025-07-01 16:31:10,974 basehttp 47884 47020 "GET /static/images/products/dell-xps-13.jpg HTTP/1.1" 404 1907
WARNING 2025-07-01 16:31:10,977 basehttp 47884 48804 "GET /static/images/products/nike-air-max-270.jpg HTTP/1.1" 404 1922
WARNING 2025-07-01 16:31:11,023 basehttp 47884 48716 "GET /static/images/customer-2.jpg HTTP/1.1" 404 1877
WARNING 2025-07-01 16:31:11,025 basehttp 47884 37132 "GET /static/images/customer-3.jpg HTTP/1.1" 404 1877
INFO 2025-07-01 16:35:40,668 autoreload 16900 2240 Watching for file changes with StatReloader
ERROR 2025-07-01 16:35:53,024 log 16900 43840 Internal Server Error: /
Traceback (most recent call last):
  File "C:\Users\rikes\ecommerce\env\Lib\site-packages\django\core\handlers\exception.py", line 55, in inner
    response = get_response(request)
               ^^^^^^^^^^^^^^^^^^^^^
  File "C:\Users\rikes\ecommerce\env\Lib\site-packages\django\core\handlers\base.py", line 197, in _get_response
    response = wrapped_callback(request, *callback_args, **callback_kwargs)
               ^^^^^^^^^^^^^^^^^^^^^^^^^^^^^^^^^^^^^^^^^^^^^^^^^^^^^^^^^^^^
  File "C:\Users\rikes\ecommerce\env\Lib\site-packages\django\utils\decorators.py", line 192, in _view_wrapper
    result = _process_exception(request, e)
             ^^^^^^^^^^^^^^^^^^^^^^^^^^^^^^
  File "C:\Users\rikes\ecommerce\env\Lib\site-packages\django\utils\decorators.py", line 190, in _view_wrapper
    response = view_func(request, *args, **kwargs)
               ^^^^^^^^^^^^^^^^^^^^^^^^^^^^^^^^^^^
  File "C:\Users\rikes\ecommerce\products\views.py", line 80, in home
    return render(request, 'products/home.html', context)
           ^^^^^^^^^^^^^^^^^^^^^^^^^^^^^^^^^^^^^^^^^^^^^^
  File "C:\Users\rikes\ecommerce\env\Lib\site-packages\django\shortcuts.py", line 25, in render
    content = loader.render_to_string(template_name, context, request, using=using)
              ^^^^^^^^^^^^^^^^^^^^^^^^^^^^^^^^^^^^^^^^^^^^^^^^^^^^^^^^^^^^^^^^^^^^^
  File "C:\Users\rikes\ecommerce\env\Lib\site-packages\django\template\loader.py", line 62, in render_to_string
    return template.render(context, request)
           ^^^^^^^^^^^^^^^^^^^^^^^^^^^^^^^^^
  File "C:\Users\rikes\ecommerce\env\Lib\site-packages\django\template\backends\django.py", line 107, in render
    return self.template.render(context)
           ^^^^^^^^^^^^^^^^^^^^^^^^^^^^^
  File "C:\Users\rikes\ecommerce\env\Lib\site-packages\django\template\base.py", line 171, in render
    return self._render(context)
           ^^^^^^^^^^^^^^^^^^^^^
  File "C:\Users\rikes\ecommerce\env\Lib\site-packages\django\template\base.py", line 163, in _render
    return self.nodelist.render(context)
           ^^^^^^^^^^^^^^^^^^^^^^^^^^^^^
  File "C:\Users\rikes\ecommerce\env\Lib\site-packages\django\template\base.py", line 1016, in render
    return SafeString("".join([node.render_annotated(context) for node in self]))
                               ^^^^^^^^^^^^^^^^^^^^^^^^^^^^^^
  File "C:\Users\rikes\ecommerce\env\Lib\site-packages\django\template\base.py", line 977, in render_annotated
    return self.render(context)
           ^^^^^^^^^^^^^^^^^^^^
  File "C:\Users\rikes\ecommerce\env\Lib\site-packages\django\template\loader_tags.py", line 134, in render
    compiled_parent = self.get_parent(context)
                      ^^^^^^^^^^^^^^^^^^^^^^^^
  File "C:\Users\rikes\ecommerce\env\Lib\site-packages\django\template\loader_tags.py", line 131, in get_parent
    return self.find_template(parent, context)
           ^^^^^^^^^^^^^^^^^^^^^^^^^^^^^^^^^^^
  File "C:\Users\rikes\ecommerce\env\Lib\site-packages\django\template\loader_tags.py", line 109, in find_template
    template, origin = context.template.engine.find_template(
                       ^^^^^^^^^^^^^^^^^^^^^^^^^^^^^^^^^^^^^^
  File "C:\Users\rikes\ecommerce\env\Lib\site-packages\django\template\engine.py", line 159, in find_template
    template = loader.get_template(name, skip=skip)
               ^^^^^^^^^^^^^^^^^^^^^^^^^^^^^^^^^^^^
  File "C:\Users\rikes\ecommerce\env\Lib\site-packages\django\template\loaders\cached.py", line 57, in get_template
    template = super().get_template(template_name, skip)
               ^^^^^^^^^^^^^^^^^^^^^^^^^^^^^^^^^^^^^^^^^
  File "C:\Users\rikes\ecommerce\env\Lib\site-packages\django\template\loaders\base.py", line 28, in get_template
    return Template(
           ^^^^^^^^^
  File "C:\Users\rikes\ecommerce\env\Lib\site-packages\django\template\base.py", line 154, in __init__
    self.nodelist = self.compile_nodelist()
                    ^^^^^^^^^^^^^^^^^^^^^^^
  File "C:\Users\rikes\ecommerce\env\Lib\site-packages\django\template\base.py", line 196, in compile_nodelist
    nodelist = parser.parse()
               ^^^^^^^^^^^^^^
  File "C:\Users\rikes\ecommerce\env\Lib\site-packages\django\template\base.py", line 518, in parse
    raise self.error(token, e)
  File "C:\Users\rikes\ecommerce\env\Lib\site-packages\django\template\base.py", line 516, in parse
    compiled_result = compile_func(self, token)
                      ^^^^^^^^^^^^^^^^^^^^^^^^^
  File "C:\Users\rikes\ecommerce\env\Lib\site-packages\django\template\loader_tags.py", line 228, in do_block
    raise TemplateSyntaxError(
django.template.exceptions.TemplateSyntaxError: 'block' tag with name 'extra_css' appears more than once
ERROR 2025-07-01 16:35:53,041 basehttp 16900 43840 "GET / HTTP/1.1" 500 248386
INFO 2025-07-01 16:37:59,721 autoreload 25228 17444 Watching for file changes with StatReloader
ERROR 2025-07-01 16:38:10,170 log 25228 48500 Internal Server Error: /
Traceback (most recent call last):
  File "C:\Users\rikes\ecommerce\env\Lib\site-packages\django\core\handlers\exception.py", line 55, in inner
    response = get_response(request)
               ^^^^^^^^^^^^^^^^^^^^^
  File "C:\Users\rikes\ecommerce\env\Lib\site-packages\django\core\handlers\base.py", line 197, in _get_response
    response = wrapped_callback(request, *callback_args, **callback_kwargs)
               ^^^^^^^^^^^^^^^^^^^^^^^^^^^^^^^^^^^^^^^^^^^^^^^^^^^^^^^^^^^^
  File "C:\Users\rikes\ecommerce\env\Lib\site-packages\django\utils\decorators.py", line 192, in _view_wrapper
    result = _process_exception(request, e)
             ^^^^^^^^^^^^^^^^^^^^^^^^^^^^^^
  File "C:\Users\rikes\ecommerce\env\Lib\site-packages\django\utils\decorators.py", line 190, in _view_wrapper
    response = view_func(request, *args, **kwargs)
               ^^^^^^^^^^^^^^^^^^^^^^^^^^^^^^^^^^^
  File "C:\Users\rikes\ecommerce\products\views.py", line 80, in home
    return render(request, 'products/home.html', context)
           ^^^^^^^^^^^^^^^^^^^^^^^^^^^^^^^^^^^^^^^^^^^^^^
  File "C:\Users\rikes\ecommerce\env\Lib\site-packages\django\shortcuts.py", line 25, in render
    content = loader.render_to_string(template_name, context, request, using=using)
              ^^^^^^^^^^^^^^^^^^^^^^^^^^^^^^^^^^^^^^^^^^^^^^^^^^^^^^^^^^^^^^^^^^^^^
  File "C:\Users\rikes\ecommerce\env\Lib\site-packages\django\template\loader.py", line 62, in render_to_string
    return template.render(context, request)
           ^^^^^^^^^^^^^^^^^^^^^^^^^^^^^^^^^
  File "C:\Users\rikes\ecommerce\env\Lib\site-packages\django\template\backends\django.py", line 107, in render
    return self.template.render(context)
           ^^^^^^^^^^^^^^^^^^^^^^^^^^^^^
  File "C:\Users\rikes\ecommerce\env\Lib\site-packages\django\template\base.py", line 171, in render
    return self._render(context)
           ^^^^^^^^^^^^^^^^^^^^^
  File "C:\Users\rikes\ecommerce\env\Lib\site-packages\django\template\base.py", line 163, in _render
    return self.nodelist.render(context)
           ^^^^^^^^^^^^^^^^^^^^^^^^^^^^^
  File "C:\Users\rikes\ecommerce\env\Lib\site-packages\django\template\base.py", line 1016, in render
    return SafeString("".join([node.render_annotated(context) for node in self]))
                               ^^^^^^^^^^^^^^^^^^^^^^^^^^^^^^
  File "C:\Users\rikes\ecommerce\env\Lib\site-packages\django\template\base.py", line 977, in render_annotated
    return self.render(context)
           ^^^^^^^^^^^^^^^^^^^^
  File "C:\Users\rikes\ecommerce\env\Lib\site-packages\django\template\loader_tags.py", line 134, in render
    compiled_parent = self.get_parent(context)
                      ^^^^^^^^^^^^^^^^^^^^^^^^
  File "C:\Users\rikes\ecommerce\env\Lib\site-packages\django\template\loader_tags.py", line 131, in get_parent
    return self.find_template(parent, context)
           ^^^^^^^^^^^^^^^^^^^^^^^^^^^^^^^^^^^
  File "C:\Users\rikes\ecommerce\env\Lib\site-packages\django\template\loader_tags.py", line 109, in find_template
    template, origin = context.template.engine.find_template(
                       ^^^^^^^^^^^^^^^^^^^^^^^^^^^^^^^^^^^^^^
  File "C:\Users\rikes\ecommerce\env\Lib\site-packages\django\template\engine.py", line 159, in find_template
    template = loader.get_template(name, skip=skip)
               ^^^^^^^^^^^^^^^^^^^^^^^^^^^^^^^^^^^^
  File "C:\Users\rikes\ecommerce\env\Lib\site-packages\django\template\loaders\cached.py", line 57, in get_template
    template = super().get_template(template_name, skip)
               ^^^^^^^^^^^^^^^^^^^^^^^^^^^^^^^^^^^^^^^^^
  File "C:\Users\rikes\ecommerce\env\Lib\site-packages\django\template\loaders\base.py", line 28, in get_template
    return Template(
           ^^^^^^^^^
  File "C:\Users\rikes\ecommerce\env\Lib\site-packages\django\template\base.py", line 154, in __init__
    self.nodelist = self.compile_nodelist()
                    ^^^^^^^^^^^^^^^^^^^^^^^
  File "C:\Users\rikes\ecommerce\env\Lib\site-packages\django\template\base.py", line 196, in compile_nodelist
    nodelist = parser.parse()
               ^^^^^^^^^^^^^^
  File "C:\Users\rikes\ecommerce\env\Lib\site-packages\django\template\base.py", line 518, in parse
    raise self.error(token, e)
  File "C:\Users\rikes\ecommerce\env\Lib\site-packages\django\template\base.py", line 516, in parse
    compiled_result = compile_func(self, token)
                      ^^^^^^^^^^^^^^^^^^^^^^^^^
  File "C:\Users\rikes\ecommerce\env\Lib\site-packages\django\template\loader_tags.py", line 228, in do_block
    raise TemplateSyntaxError(
django.template.exceptions.TemplateSyntaxError: 'block' tag with name 'extra_js' appears more than once
ERROR 2025-07-01 16:38:10,180 basehttp 25228 48500 "GET / HTTP/1.1" 500 227478
INFO 2025-07-01 16:40:26,431 autoreload 36632 21760 Watching for file changes with StatReloader
ERROR 2025-07-01 16:40:35,460 log 36632 15312 Internal Server Error: /
Traceback (most recent call last):
  File "C:\Users\rikes\ecommerce\env\Lib\site-packages\django\core\handlers\exception.py", line 55, in inner
    response = get_response(request)
               ^^^^^^^^^^^^^^^^^^^^^
  File "C:\Users\rikes\ecommerce\env\Lib\site-packages\django\core\handlers\base.py", line 197, in _get_response
    response = wrapped_callback(request, *callback_args, **callback_kwargs)
               ^^^^^^^^^^^^^^^^^^^^^^^^^^^^^^^^^^^^^^^^^^^^^^^^^^^^^^^^^^^^
  File "C:\Users\rikes\ecommerce\env\Lib\site-packages\django\utils\decorators.py", line 192, in _view_wrapper
    result = _process_exception(request, e)
             ^^^^^^^^^^^^^^^^^^^^^^^^^^^^^^
  File "C:\Users\rikes\ecommerce\env\Lib\site-packages\django\utils\decorators.py", line 190, in _view_wrapper
    response = view_func(request, *args, **kwargs)
               ^^^^^^^^^^^^^^^^^^^^^^^^^^^^^^^^^^^
  File "C:\Users\rikes\ecommerce\products\views.py", line 80, in home
    return render(request, 'products/home.html', context)
           ^^^^^^^^^^^^^^^^^^^^^^^^^^^^^^^^^^^^^^^^^^^^^^
  File "C:\Users\rikes\ecommerce\env\Lib\site-packages\django\shortcuts.py", line 25, in render
    content = loader.render_to_string(template_name, context, request, using=using)
              ^^^^^^^^^^^^^^^^^^^^^^^^^^^^^^^^^^^^^^^^^^^^^^^^^^^^^^^^^^^^^^^^^^^^^
  File "C:\Users\rikes\ecommerce\env\Lib\site-packages\django\template\loader.py", line 62, in render_to_string
    return template.render(context, request)
           ^^^^^^^^^^^^^^^^^^^^^^^^^^^^^^^^^
  File "C:\Users\rikes\ecommerce\env\Lib\site-packages\django\template\backends\django.py", line 107, in render
    return self.template.render(context)
           ^^^^^^^^^^^^^^^^^^^^^^^^^^^^^
  File "C:\Users\rikes\ecommerce\env\Lib\site-packages\django\template\base.py", line 171, in render
    return self._render(context)
           ^^^^^^^^^^^^^^^^^^^^^
  File "C:\Users\rikes\ecommerce\env\Lib\site-packages\django\template\base.py", line 163, in _render
    return self.nodelist.render(context)
           ^^^^^^^^^^^^^^^^^^^^^^^^^^^^^
  File "C:\Users\rikes\ecommerce\env\Lib\site-packages\django\template\base.py", line 1016, in render
    return SafeString("".join([node.render_annotated(context) for node in self]))
                               ^^^^^^^^^^^^^^^^^^^^^^^^^^^^^^
  File "C:\Users\rikes\ecommerce\env\Lib\site-packages\django\template\base.py", line 977, in render_annotated
    return self.render(context)
           ^^^^^^^^^^^^^^^^^^^^
  File "C:\Users\rikes\ecommerce\env\Lib\site-packages\django\template\loader_tags.py", line 134, in render
    compiled_parent = self.get_parent(context)
                      ^^^^^^^^^^^^^^^^^^^^^^^^
  File "C:\Users\rikes\ecommerce\env\Lib\site-packages\django\template\loader_tags.py", line 131, in get_parent
    return self.find_template(parent, context)
           ^^^^^^^^^^^^^^^^^^^^^^^^^^^^^^^^^^^
  File "C:\Users\rikes\ecommerce\env\Lib\site-packages\django\template\loader_tags.py", line 109, in find_template
    template, origin = context.template.engine.find_template(
                       ^^^^^^^^^^^^^^^^^^^^^^^^^^^^^^^^^^^^^^
  File "C:\Users\rikes\ecommerce\env\Lib\site-packages\django\template\engine.py", line 159, in find_template
    template = loader.get_template(name, skip=skip)
               ^^^^^^^^^^^^^^^^^^^^^^^^^^^^^^^^^^^^
  File "C:\Users\rikes\ecommerce\env\Lib\site-packages\django\template\loaders\cached.py", line 57, in get_template
    template = super().get_template(template_name, skip)
               ^^^^^^^^^^^^^^^^^^^^^^^^^^^^^^^^^^^^^^^^^
  File "C:\Users\rikes\ecommerce\env\Lib\site-packages\django\template\loaders\base.py", line 28, in get_template
    return Template(
           ^^^^^^^^^
  File "C:\Users\rikes\ecommerce\env\Lib\site-packages\django\template\base.py", line 154, in __init__
    self.nodelist = self.compile_nodelist()
                    ^^^^^^^^^^^^^^^^^^^^^^^
  File "C:\Users\rikes\ecommerce\env\Lib\site-packages\django\template\base.py", line 196, in compile_nodelist
    nodelist = parser.parse()
               ^^^^^^^^^^^^^^
  File "C:\Users\rikes\ecommerce\env\Lib\site-packages\django\template\base.py", line 518, in parse
    raise self.error(token, e)
  File "C:\Users\rikes\ecommerce\env\Lib\site-packages\django\template\base.py", line 516, in parse
    compiled_result = compile_func(self, token)
                      ^^^^^^^^^^^^^^^^^^^^^^^^^
  File "C:\Users\rikes\ecommerce\env\Lib\site-packages\django\template\loader_tags.py", line 228, in do_block
    raise TemplateSyntaxError(
django.template.exceptions.TemplateSyntaxError: 'block' tag with name 'extra_js' appears more than once
ERROR 2025-07-01 16:40:35,468 basehttp 36632 15312 "GET / HTTP/1.1" 500 227478
INFO 2025-07-01 16:45:24,957 autoreload 17484 48016 Watching for file changes with StatReloader
ERROR 2025-07-01 16:45:36,126 log 17484 24340 Internal Server Error: /
Traceback (most recent call last):
  File "C:\Users\rikes\ecommerce\env\Lib\site-packages\django\core\handlers\exception.py", line 55, in inner
    response = get_response(request)
               ^^^^^^^^^^^^^^^^^^^^^
  File "C:\Users\rikes\ecommerce\env\Lib\site-packages\django\core\handlers\base.py", line 197, in _get_response
    response = wrapped_callback(request, *callback_args, **callback_kwargs)
               ^^^^^^^^^^^^^^^^^^^^^^^^^^^^^^^^^^^^^^^^^^^^^^^^^^^^^^^^^^^^
  File "C:\Users\rikes\ecommerce\env\Lib\site-packages\django\utils\decorators.py", line 192, in _view_wrapper
    result = _process_exception(request, e)
             ^^^^^^^^^^^^^^^^^^^^^^^^^^^^^^
  File "C:\Users\rikes\ecommerce\env\Lib\site-packages\django\utils\decorators.py", line 190, in _view_wrapper
    response = view_func(request, *args, **kwargs)
               ^^^^^^^^^^^^^^^^^^^^^^^^^^^^^^^^^^^
  File "C:\Users\rikes\ecommerce\products\views.py", line 80, in home
    return render(request, 'products/home.html', context)
           ^^^^^^^^^^^^^^^^^^^^^^^^^^^^^^^^^^^^^^^^^^^^^^
  File "C:\Users\rikes\ecommerce\env\Lib\site-packages\django\shortcuts.py", line 25, in render
    content = loader.render_to_string(template_name, context, request, using=using)
              ^^^^^^^^^^^^^^^^^^^^^^^^^^^^^^^^^^^^^^^^^^^^^^^^^^^^^^^^^^^^^^^^^^^^^
  File "C:\Users\rikes\ecommerce\env\Lib\site-packages\django\template\loader.py", line 62, in render_to_string
    return template.render(context, request)
           ^^^^^^^^^^^^^^^^^^^^^^^^^^^^^^^^^
  File "C:\Users\rikes\ecommerce\env\Lib\site-packages\django\template\backends\django.py", line 107, in render
    return self.template.render(context)
           ^^^^^^^^^^^^^^^^^^^^^^^^^^^^^
  File "C:\Users\rikes\ecommerce\env\Lib\site-packages\django\template\base.py", line 171, in render
    return self._render(context)
           ^^^^^^^^^^^^^^^^^^^^^
  File "C:\Users\rikes\ecommerce\env\Lib\site-packages\django\template\base.py", line 163, in _render
    return self.nodelist.render(context)
           ^^^^^^^^^^^^^^^^^^^^^^^^^^^^^
  File "C:\Users\rikes\ecommerce\env\Lib\site-packages\django\template\base.py", line 1016, in render
    return SafeString("".join([node.render_annotated(context) for node in self]))
                               ^^^^^^^^^^^^^^^^^^^^^^^^^^^^^^
  File "C:\Users\rikes\ecommerce\env\Lib\site-packages\django\template\base.py", line 977, in render_annotated
    return self.render(context)
           ^^^^^^^^^^^^^^^^^^^^
  File "C:\Users\rikes\ecommerce\env\Lib\site-packages\django\template\loader_tags.py", line 159, in render
    return compiled_parent._render(context)
           ^^^^^^^^^^^^^^^^^^^^^^^^^^^^^^^^
  File "C:\Users\rikes\ecommerce\env\Lib\site-packages\django\template\base.py", line 163, in _render
    return self.nodelist.render(context)
           ^^^^^^^^^^^^^^^^^^^^^^^^^^^^^
  File "C:\Users\rikes\ecommerce\env\Lib\site-packages\django\template\base.py", line 1016, in render
    return SafeString("".join([node.render_annotated(context) for node in self]))
                               ^^^^^^^^^^^^^^^^^^^^^^^^^^^^^^
  File "C:\Users\rikes\ecommerce\env\Lib\site-packages\django\template\base.py", line 977, in render_annotated
    return self.render(context)
           ^^^^^^^^^^^^^^^^^^^^
  File "C:\Users\rikes\ecommerce\env\Lib\site-packages\django\template\defaulttags.py", line 480, in render
    url = reverse(view_name, args=args, kwargs=kwargs, current_app=current_app)
          ^^^^^^^^^^^^^^^^^^^^^^^^^^^^^^^^^^^^^^^^^^^^^^^^^^^^^^^^^^^^^^^^^^^^^
  File "C:\Users\rikes\ecommerce\env\Lib\site-packages\django\urls\base.py", line 98, in reverse
    resolved_url = resolver._reverse_with_prefix(view, prefix, *args, **kwargs)
                   ^^^^^^^^^^^^^^^^^^^^^^^^^^^^^^^^^^^^^^^^^^^^^^^^^^^^^^^^^^^^
  File "C:\Users\rikes\ecommerce\env\Lib\site-packages\django\urls\resolvers.py", line 831, in _reverse_with_prefix
    raise NoReverseMatch(msg)
django.urls.exceptions.NoReverseMatch: Reverse for 'home' not found. 'home' is not a valid view function or pattern name.
ERROR 2025-07-01 16:45:36,153 basehttp 17484 24340 "GET / HTTP/1.1" 500 193872
ERROR 2025-07-01 16:45:36,716 log 17484 48992 Internal Server Error: /
Traceback (most recent call last):
  File "C:\Users\rikes\ecommerce\env\Lib\site-packages\django\core\handlers\exception.py", line 55, in inner
    response = get_response(request)
               ^^^^^^^^^^^^^^^^^^^^^
  File "C:\Users\rikes\ecommerce\env\Lib\site-packages\django\core\handlers\base.py", line 197, in _get_response
    response = wrapped_callback(request, *callback_args, **callback_kwargs)
               ^^^^^^^^^^^^^^^^^^^^^^^^^^^^^^^^^^^^^^^^^^^^^^^^^^^^^^^^^^^^
  File "C:\Users\rikes\ecommerce\env\Lib\site-packages\django\utils\decorators.py", line 192, in _view_wrapper
    result = _process_exception(request, e)
             ^^^^^^^^^^^^^^^^^^^^^^^^^^^^^^
  File "C:\Users\rikes\ecommerce\env\Lib\site-packages\django\utils\decorators.py", line 190, in _view_wrapper
    response = view_func(request, *args, **kwargs)
               ^^^^^^^^^^^^^^^^^^^^^^^^^^^^^^^^^^^
  File "C:\Users\rikes\ecommerce\products\views.py", line 80, in home
    return render(request, 'products/home.html', context)
           ^^^^^^^^^^^^^^^^^^^^^^^^^^^^^^^^^^^^^^^^^^^^^^
  File "C:\Users\rikes\ecommerce\env\Lib\site-packages\django\shortcuts.py", line 25, in render
    content = loader.render_to_string(template_name, context, request, using=using)
              ^^^^^^^^^^^^^^^^^^^^^^^^^^^^^^^^^^^^^^^^^^^^^^^^^^^^^^^^^^^^^^^^^^^^^
  File "C:\Users\rikes\ecommerce\env\Lib\site-packages\django\template\loader.py", line 62, in render_to_string
    return template.render(context, request)
           ^^^^^^^^^^^^^^^^^^^^^^^^^^^^^^^^^
  File "C:\Users\rikes\ecommerce\env\Lib\site-packages\django\template\backends\django.py", line 107, in render
    return self.template.render(context)
           ^^^^^^^^^^^^^^^^^^^^^^^^^^^^^
  File "C:\Users\rikes\ecommerce\env\Lib\site-packages\django\template\base.py", line 171, in render
    return self._render(context)
           ^^^^^^^^^^^^^^^^^^^^^
  File "C:\Users\rikes\ecommerce\env\Lib\site-packages\django\template\base.py", line 163, in _render
    return self.nodelist.render(context)
           ^^^^^^^^^^^^^^^^^^^^^^^^^^^^^
  File "C:\Users\rikes\ecommerce\env\Lib\site-packages\django\template\base.py", line 1016, in render
    return SafeString("".join([node.render_annotated(context) for node in self]))
                               ^^^^^^^^^^^^^^^^^^^^^^^^^^^^^^
  File "C:\Users\rikes\ecommerce\env\Lib\site-packages\django\template\base.py", line 977, in render_annotated
    return self.render(context)
           ^^^^^^^^^^^^^^^^^^^^
  File "C:\Users\rikes\ecommerce\env\Lib\site-packages\django\template\loader_tags.py", line 159, in render
    return compiled_parent._render(context)
           ^^^^^^^^^^^^^^^^^^^^^^^^^^^^^^^^
  File "C:\Users\rikes\ecommerce\env\Lib\site-packages\django\template\base.py", line 163, in _render
    return self.nodelist.render(context)
           ^^^^^^^^^^^^^^^^^^^^^^^^^^^^^
  File "C:\Users\rikes\ecommerce\env\Lib\site-packages\django\template\base.py", line 1016, in render
    return SafeString("".join([node.render_annotated(context) for node in self]))
                               ^^^^^^^^^^^^^^^^^^^^^^^^^^^^^^
  File "C:\Users\rikes\ecommerce\env\Lib\site-packages\django\template\base.py", line 977, in render_annotated
    return self.render(context)
           ^^^^^^^^^^^^^^^^^^^^
  File "C:\Users\rikes\ecommerce\env\Lib\site-packages\django\template\defaulttags.py", line 480, in render
    url = reverse(view_name, args=args, kwargs=kwargs, current_app=current_app)
          ^^^^^^^^^^^^^^^^^^^^^^^^^^^^^^^^^^^^^^^^^^^^^^^^^^^^^^^^^^^^^^^^^^^^^
  File "C:\Users\rikes\ecommerce\env\Lib\site-packages\django\urls\base.py", line 98, in reverse
    resolved_url = resolver._reverse_with_prefix(view, prefix, *args, **kwargs)
                   ^^^^^^^^^^^^^^^^^^^^^^^^^^^^^^^^^^^^^^^^^^^^^^^^^^^^^^^^^^^^
  File "C:\Users\rikes\ecommerce\env\Lib\site-packages\django\urls\resolvers.py", line 831, in _reverse_with_prefix
    raise NoReverseMatch(msg)
django.urls.exceptions.NoReverseMatch: Reverse for 'home' not found. 'home' is not a valid view function or pattern name.
ERROR 2025-07-01 16:45:36,723 basehttp 17484 48992 "GET / HTTP/1.1" 500 193872
INFO 2025-07-01 17:45:40,339 autoreload 24832 35384 Watching for file changes with StatReloader
ERROR 2025-07-01 17:45:56,601 log 24832 32256 Internal Server Error: /
Traceback (most recent call last):
  File "C:\Users\rikes\ecommerce\env\Lib\site-packages\django\core\handlers\exception.py", line 55, in inner
    response = get_response(request)
               ^^^^^^^^^^^^^^^^^^^^^
  File "C:\Users\rikes\ecommerce\env\Lib\site-packages\django\core\handlers\base.py", line 197, in _get_response
    response = wrapped_callback(request, *callback_args, **callback_kwargs)
               ^^^^^^^^^^^^^^^^^^^^^^^^^^^^^^^^^^^^^^^^^^^^^^^^^^^^^^^^^^^^
  File "C:\Users\rikes\ecommerce\env\Lib\site-packages\django\utils\decorators.py", line 192, in _view_wrapper
    result = _process_exception(request, e)
             ^^^^^^^^^^^^^^^^^^^^^^^^^^^^^^
  File "C:\Users\rikes\ecommerce\env\Lib\site-packages\django\utils\decorators.py", line 190, in _view_wrapper
    response = view_func(request, *args, **kwargs)
               ^^^^^^^^^^^^^^^^^^^^^^^^^^^^^^^^^^^
  File "C:\Users\rikes\ecommerce\products\views.py", line 80, in home
    return render(request, 'products/home.html', context)
           ^^^^^^^^^^^^^^^^^^^^^^^^^^^^^^^^^^^^^^^^^^^^^^
  File "C:\Users\rikes\ecommerce\env\Lib\site-packages\django\shortcuts.py", line 25, in render
    content = loader.render_to_string(template_name, context, request, using=using)
              ^^^^^^^^^^^^^^^^^^^^^^^^^^^^^^^^^^^^^^^^^^^^^^^^^^^^^^^^^^^^^^^^^^^^^
  File "C:\Users\rikes\ecommerce\env\Lib\site-packages\django\template\loader.py", line 62, in render_to_string
    return template.render(context, request)
           ^^^^^^^^^^^^^^^^^^^^^^^^^^^^^^^^^
  File "C:\Users\rikes\ecommerce\env\Lib\site-packages\django\template\backends\django.py", line 107, in render
    return self.template.render(context)
           ^^^^^^^^^^^^^^^^^^^^^^^^^^^^^
  File "C:\Users\rikes\ecommerce\env\Lib\site-packages\django\template\base.py", line 171, in render
    return self._render(context)
           ^^^^^^^^^^^^^^^^^^^^^
  File "C:\Users\rikes\ecommerce\env\Lib\site-packages\django\template\base.py", line 163, in _render
    return self.nodelist.render(context)
           ^^^^^^^^^^^^^^^^^^^^^^^^^^^^^
  File "C:\Users\rikes\ecommerce\env\Lib\site-packages\django\template\base.py", line 1016, in render
    return SafeString("".join([node.render_annotated(context) for node in self]))
                               ^^^^^^^^^^^^^^^^^^^^^^^^^^^^^^
  File "C:\Users\rikes\ecommerce\env\Lib\site-packages\django\template\base.py", line 977, in render_annotated
    return self.render(context)
           ^^^^^^^^^^^^^^^^^^^^
  File "C:\Users\rikes\ecommerce\env\Lib\site-packages\django\template\loader_tags.py", line 159, in render
    return compiled_parent._render(context)
           ^^^^^^^^^^^^^^^^^^^^^^^^^^^^^^^^
  File "C:\Users\rikes\ecommerce\env\Lib\site-packages\django\template\base.py", line 163, in _render
    return self.nodelist.render(context)
           ^^^^^^^^^^^^^^^^^^^^^^^^^^^^^
  File "C:\Users\rikes\ecommerce\env\Lib\site-packages\django\template\base.py", line 1016, in render
    return SafeString("".join([node.render_annotated(context) for node in self]))
                               ^^^^^^^^^^^^^^^^^^^^^^^^^^^^^^
  File "C:\Users\rikes\ecommerce\env\Lib\site-packages\django\template\base.py", line 977, in render_annotated
    return self.render(context)
           ^^^^^^^^^^^^^^^^^^^^
  File "C:\Users\rikes\ecommerce\env\Lib\site-packages\django\template\defaulttags.py", line 480, in render
    url = reverse(view_name, args=args, kwargs=kwargs, current_app=current_app)
          ^^^^^^^^^^^^^^^^^^^^^^^^^^^^^^^^^^^^^^^^^^^^^^^^^^^^^^^^^^^^^^^^^^^^^
  File "C:\Users\rikes\ecommerce\env\Lib\site-packages\django\urls\base.py", line 98, in reverse
    resolved_url = resolver._reverse_with_prefix(view, prefix, *args, **kwargs)
                   ^^^^^^^^^^^^^^^^^^^^^^^^^^^^^^^^^^^^^^^^^^^^^^^^^^^^^^^^^^^^
  File "C:\Users\rikes\ecommerce\env\Lib\site-packages\django\urls\resolvers.py", line 831, in _reverse_with_prefix
    raise NoReverseMatch(msg)
django.urls.exceptions.NoReverseMatch: Reverse for 'home' not found. 'home' is not a valid view function or pattern name.
ERROR 2025-07-01 17:45:56,616 basehttp 24832 32256 "GET / HTTP/1.1" 500 193872
INFO 2025-07-01 17:51:49,170 autoreload 47216 32644 Watching for file changes with StatReloader
ERROR 2025-07-01 17:52:29,514 log 47216 32456 Internal Server Error: /
Traceback (most recent call last):
  File "C:\Users\rikes\AppData\Roaming\Python\Python312\site-packages\django\core\handlers\exception.py", line 55, in inner
    response = get_response(request)
               ^^^^^^^^^^^^^^^^^^^^^
  File "C:\Users\rikes\AppData\Roaming\Python\Python312\site-packages\django\core\handlers\base.py", line 197, in _get_response
    response = wrapped_callback(request, *callback_args, **callback_kwargs)
               ^^^^^^^^^^^^^^^^^^^^^^^^^^^^^^^^^^^^^^^^^^^^^^^^^^^^^^^^^^^^
  File "C:\Users\rikes\AppData\Roaming\Python\Python312\site-packages\django\utils\decorators.py", line 188, in _view_wrapper
    result = _process_exception(request, e)
             ^^^^^^^^^^^^^^^^^^^^^^^^^^^^^^
  File "C:\Users\rikes\AppData\Roaming\Python\Python312\site-packages\django\utils\decorators.py", line 186, in _view_wrapper
    response = view_func(request, *args, **kwargs)
               ^^^^^^^^^^^^^^^^^^^^^^^^^^^^^^^^^^^
  File "C:\Users\rikes\ecommerce\products\views.py", line 80, in home
    return render(request, 'products/home.html', context)
           ^^^^^^^^^^^^^^^^^^^^^^^^^^^^^^^^^^^^^^^^^^^^^^
  File "C:\Users\rikes\AppData\Roaming\Python\Python312\site-packages\django\shortcuts.py", line 25, in render
    content = loader.render_to_string(template_name, context, request, using=using)
              ^^^^^^^^^^^^^^^^^^^^^^^^^^^^^^^^^^^^^^^^^^^^^^^^^^^^^^^^^^^^^^^^^^^^^
  File "C:\Users\rikes\AppData\Roaming\Python\Python312\site-packages\django\template\loader.py", line 62, in render_to_string
    return template.render(context, request)
           ^^^^^^^^^^^^^^^^^^^^^^^^^^^^^^^^^
  File "C:\Users\rikes\AppData\Roaming\Python\Python312\site-packages\django\template\backends\django.py", line 107, in render
    return self.template.render(context)
           ^^^^^^^^^^^^^^^^^^^^^^^^^^^^^
  File "C:\Users\rikes\AppData\Roaming\Python\Python312\site-packages\django\template\base.py", line 171, in render
    return self._render(context)
           ^^^^^^^^^^^^^^^^^^^^^
  File "C:\Users\rikes\AppData\Roaming\Python\Python312\site-packages\django\template\base.py", line 163, in _render
    return self.nodelist.render(context)
           ^^^^^^^^^^^^^^^^^^^^^^^^^^^^^
  File "C:\Users\rikes\AppData\Roaming\Python\Python312\site-packages\django\template\base.py", line 1008, in render
    return SafeString("".join([node.render_annotated(context) for node in self]))
                               ^^^^^^^^^^^^^^^^^^^^^^^^^^^^^^
  File "C:\Users\rikes\AppData\Roaming\Python\Python312\site-packages\django\template\base.py", line 969, in render_annotated
    return self.render(context)
           ^^^^^^^^^^^^^^^^^^^^
  File "C:\Users\rikes\AppData\Roaming\Python\Python312\site-packages\django\template\loader_tags.py", line 159, in render
    return compiled_parent._render(context)
           ^^^^^^^^^^^^^^^^^^^^^^^^^^^^^^^^
  File "C:\Users\rikes\AppData\Roaming\Python\Python312\site-packages\django\template\base.py", line 163, in _render
    return self.nodelist.render(context)
           ^^^^^^^^^^^^^^^^^^^^^^^^^^^^^
  File "C:\Users\rikes\AppData\Roaming\Python\Python312\site-packages\django\template\base.py", line 1008, in render
    return SafeString("".join([node.render_annotated(context) for node in self]))
                               ^^^^^^^^^^^^^^^^^^^^^^^^^^^^^^
  File "C:\Users\rikes\AppData\Roaming\Python\Python312\site-packages\django\template\base.py", line 969, in render_annotated
    return self.render(context)
           ^^^^^^^^^^^^^^^^^^^^
  File "C:\Users\rikes\AppData\Roaming\Python\Python312\site-packages\django\template\defaulttags.py", line 480, in render
    url = reverse(view_name, args=args, kwargs=kwargs, current_app=current_app)
          ^^^^^^^^^^^^^^^^^^^^^^^^^^^^^^^^^^^^^^^^^^^^^^^^^^^^^^^^^^^^^^^^^^^^^
  File "C:\Users\rikes\AppData\Roaming\Python\Python312\site-packages\django\urls\base.py", line 88, in reverse
    return resolver._reverse_with_prefix(view, prefix, *args, **kwargs)
           ^^^^^^^^^^^^^^^^^^^^^^^^^^^^^^^^^^^^^^^^^^^^^^^^^^^^^^^^^^^^
  File "C:\Users\rikes\AppData\Roaming\Python\Python312\site-packages\django\urls\resolvers.py", line 831, in _reverse_with_prefix
    raise NoReverseMatch(msg)
django.urls.exceptions.NoReverseMatch: Reverse for 'home' not found. 'home' is not a valid view function or pattern name.
ERROR 2025-07-01 17:52:29,519 basehttp 47216 32456 "GET / HTTP/1.1" 500 191547
INFO 2025-07-01 17:55:04,765 autoreload 42628 9304 Watching for file changes with StatReloader
ERROR 2025-07-01 17:55:09,948 log 42628 30272 Internal Server Error: /
Traceback (most recent call last):
  File "C:\Users\rikes\AppData\Roaming\Python\Python312\site-packages\django\core\handlers\exception.py", line 55, in inner
    response = get_response(request)
               ^^^^^^^^^^^^^^^^^^^^^
  File "C:\Users\rikes\AppData\Roaming\Python\Python312\site-packages\django\core\handlers\base.py", line 197, in _get_response
    response = wrapped_callback(request, *callback_args, **callback_kwargs)
               ^^^^^^^^^^^^^^^^^^^^^^^^^^^^^^^^^^^^^^^^^^^^^^^^^^^^^^^^^^^^
  File "C:\Users\rikes\AppData\Roaming\Python\Python312\site-packages\django\utils\decorators.py", line 188, in _view_wrapper
    result = _process_exception(request, e)
             ^^^^^^^^^^^^^^^^^^^^^^^^^^^^^^
  File "C:\Users\rikes\AppData\Roaming\Python\Python312\site-packages\django\utils\decorators.py", line 186, in _view_wrapper
    response = view_func(request, *args, **kwargs)
               ^^^^^^^^^^^^^^^^^^^^^^^^^^^^^^^^^^^
  File "C:\Users\rikes\ecommerce\products\views.py", line 80, in home
    return render(request, 'products/home.html', context)
           ^^^^^^^^^^^^^^^^^^^^^^^^^^^^^^^^^^^^^^^^^^^^^^
  File "C:\Users\rikes\AppData\Roaming\Python\Python312\site-packages\django\shortcuts.py", line 25, in render
    content = loader.render_to_string(template_name, context, request, using=using)
              ^^^^^^^^^^^^^^^^^^^^^^^^^^^^^^^^^^^^^^^^^^^^^^^^^^^^^^^^^^^^^^^^^^^^^
  File "C:\Users\rikes\AppData\Roaming\Python\Python312\site-packages\django\template\loader.py", line 62, in render_to_string
    return template.render(context, request)
           ^^^^^^^^^^^^^^^^^^^^^^^^^^^^^^^^^
  File "C:\Users\rikes\AppData\Roaming\Python\Python312\site-packages\django\template\backends\django.py", line 107, in render
    return self.template.render(context)
           ^^^^^^^^^^^^^^^^^^^^^^^^^^^^^
  File "C:\Users\rikes\AppData\Roaming\Python\Python312\site-packages\django\template\base.py", line 171, in render
    return self._render(context)
           ^^^^^^^^^^^^^^^^^^^^^
  File "C:\Users\rikes\AppData\Roaming\Python\Python312\site-packages\django\template\base.py", line 163, in _render
    return self.nodelist.render(context)
           ^^^^^^^^^^^^^^^^^^^^^^^^^^^^^
  File "C:\Users\rikes\AppData\Roaming\Python\Python312\site-packages\django\template\base.py", line 1008, in render
    return SafeString("".join([node.render_annotated(context) for node in self]))
                               ^^^^^^^^^^^^^^^^^^^^^^^^^^^^^^
  File "C:\Users\rikes\AppData\Roaming\Python\Python312\site-packages\django\template\base.py", line 969, in render_annotated
    return self.render(context)
           ^^^^^^^^^^^^^^^^^^^^
  File "C:\Users\rikes\AppData\Roaming\Python\Python312\site-packages\django\template\loader_tags.py", line 159, in render
    return compiled_parent._render(context)
           ^^^^^^^^^^^^^^^^^^^^^^^^^^^^^^^^
  File "C:\Users\rikes\AppData\Roaming\Python\Python312\site-packages\django\template\base.py", line 163, in _render
    return self.nodelist.render(context)
           ^^^^^^^^^^^^^^^^^^^^^^^^^^^^^
  File "C:\Users\rikes\AppData\Roaming\Python\Python312\site-packages\django\template\base.py", line 1008, in render
    return SafeString("".join([node.render_annotated(context) for node in self]))
                               ^^^^^^^^^^^^^^^^^^^^^^^^^^^^^^
  File "C:\Users\rikes\AppData\Roaming\Python\Python312\site-packages\django\template\base.py", line 969, in render_annotated
    return self.render(context)
           ^^^^^^^^^^^^^^^^^^^^
  File "C:\Users\rikes\AppData\Roaming\Python\Python312\site-packages\django\template\defaulttags.py", line 243, in render
    nodelist.append(node.render_annotated(context))
                    ^^^^^^^^^^^^^^^^^^^^^^^^^^^^^^
  File "C:\Users\rikes\AppData\Roaming\Python\Python312\site-packages\django\template\base.py", line 969, in render_annotated
    return self.render(context)
           ^^^^^^^^^^^^^^^^^^^^
  File "C:\Users\rikes\AppData\Roaming\Python\Python312\site-packages\django\template\defaulttags.py", line 480, in render
    url = reverse(view_name, args=args, kwargs=kwargs, current_app=current_app)
          ^^^^^^^^^^^^^^^^^^^^^^^^^^^^^^^^^^^^^^^^^^^^^^^^^^^^^^^^^^^^^^^^^^^^^
  File "C:\Users\rikes\AppData\Roaming\Python\Python312\site-packages\django\urls\base.py", line 88, in reverse
    return resolver._reverse_with_prefix(view, prefix, *args, **kwargs)
           ^^^^^^^^^^^^^^^^^^^^^^^^^^^^^^^^^^^^^^^^^^^^^^^^^^^^^^^^^^^^
  File "C:\Users\rikes\AppData\Roaming\Python\Python312\site-packages\django\urls\resolvers.py", line 831, in _reverse_with_prefix
    raise NoReverseMatch(msg)
django.urls.exceptions.NoReverseMatch: Reverse for 'category_detail' not found. 'category_detail' is not a valid view function or pattern name.
ERROR 2025-07-01 17:55:09,961 basehttp 42628 30272 "GET / HTTP/1.1" 500 205513
INFO 2025-07-01 18:00:22,602 autoreload 35160 20664 Watching for file changes with StatReloader
ERROR 2025-07-01 18:02:28,029 log 42628 47576 Internal Server Error: /
Traceback (most recent call last):
  File "C:\Users\rikes\AppData\Roaming\Python\Python312\site-packages\django\core\handlers\exception.py", line 55, in inner
    response = get_response(request)
               ^^^^^^^^^^^^^^^^^^^^^
  File "C:\Users\rikes\AppData\Roaming\Python\Python312\site-packages\django\core\handlers\base.py", line 197, in _get_response
    response = wrapped_callback(request, *callback_args, **callback_kwargs)
               ^^^^^^^^^^^^^^^^^^^^^^^^^^^^^^^^^^^^^^^^^^^^^^^^^^^^^^^^^^^^
  File "C:\Users\rikes\AppData\Roaming\Python\Python312\site-packages\django\utils\decorators.py", line 188, in _view_wrapper
    result = _process_exception(request, e)
             ^^^^^^^^^^^^^^^^^^^^^^^^^^^^^^
  File "C:\Users\rikes\AppData\Roaming\Python\Python312\site-packages\django\utils\decorators.py", line 186, in _view_wrapper
    response = view_func(request, *args, **kwargs)
               ^^^^^^^^^^^^^^^^^^^^^^^^^^^^^^^^^^^
  File "C:\Users\rikes\ecommerce\products\views.py", line 80, in home
    return render(request, 'products/home.html', context)
           ^^^^^^^^^^^^^^^^^^^^^^^^^^^^^^^^^^^^^^^^^^^^^^
  File "C:\Users\rikes\AppData\Roaming\Python\Python312\site-packages\django\shortcuts.py", line 25, in render
    content = loader.render_to_string(template_name, context, request, using=using)
              ^^^^^^^^^^^^^^^^^^^^^^^^^^^^^^^^^^^^^^^^^^^^^^^^^^^^^^^^^^^^^^^^^^^^^
  File "C:\Users\rikes\AppData\Roaming\Python\Python312\site-packages\django\template\loader.py", line 62, in render_to_string
    return template.render(context, request)
           ^^^^^^^^^^^^^^^^^^^^^^^^^^^^^^^^^
  File "C:\Users\rikes\AppData\Roaming\Python\Python312\site-packages\django\template\backends\django.py", line 107, in render
    return self.template.render(context)
           ^^^^^^^^^^^^^^^^^^^^^^^^^^^^^
  File "C:\Users\rikes\AppData\Roaming\Python\Python312\site-packages\django\template\base.py", line 171, in render
    return self._render(context)
           ^^^^^^^^^^^^^^^^^^^^^
  File "C:\Users\rikes\AppData\Roaming\Python\Python312\site-packages\django\template\base.py", line 163, in _render
    return self.nodelist.render(context)
           ^^^^^^^^^^^^^^^^^^^^^^^^^^^^^
  File "C:\Users\rikes\AppData\Roaming\Python\Python312\site-packages\django\template\base.py", line 1008, in render
    return SafeString("".join([node.render_annotated(context) for node in self]))
                               ^^^^^^^^^^^^^^^^^^^^^^^^^^^^^^
  File "C:\Users\rikes\AppData\Roaming\Python\Python312\site-packages\django\template\base.py", line 969, in render_annotated
    return self.render(context)
           ^^^^^^^^^^^^^^^^^^^^
  File "C:\Users\rikes\AppData\Roaming\Python\Python312\site-packages\django\template\loader_tags.py", line 134, in render
    compiled_parent = self.get_parent(context)
                      ^^^^^^^^^^^^^^^^^^^^^^^^
  File "C:\Users\rikes\AppData\Roaming\Python\Python312\site-packages\django\template\loader_tags.py", line 131, in get_parent
    return self.find_template(parent, context)
           ^^^^^^^^^^^^^^^^^^^^^^^^^^^^^^^^^^^
  File "C:\Users\rikes\AppData\Roaming\Python\Python312\site-packages\django\template\loader_tags.py", line 109, in find_template
    template, origin = context.template.engine.find_template(
                       ^^^^^^^^^^^^^^^^^^^^^^^^^^^^^^^^^^^^^^
  File "C:\Users\rikes\AppData\Roaming\Python\Python312\site-packages\django\template\engine.py", line 159, in find_template
    template = loader.get_template(name, skip=skip)
               ^^^^^^^^^^^^^^^^^^^^^^^^^^^^^^^^^^^^
  File "C:\Users\rikes\AppData\Roaming\Python\Python312\site-packages\django\template\loaders\cached.py", line 57, in get_template
    template = super().get_template(template_name, skip)
               ^^^^^^^^^^^^^^^^^^^^^^^^^^^^^^^^^^^^^^^^^
  File "C:\Users\rikes\AppData\Roaming\Python\Python312\site-packages\django\template\loaders\base.py", line 28, in get_template
    return Template(
           ^^^^^^^^^
  File "C:\Users\rikes\AppData\Roaming\Python\Python312\site-packages\django\template\base.py", line 154, in __init__
    self.nodelist = self.compile_nodelist()
                    ^^^^^^^^^^^^^^^^^^^^^^^
  File "C:\Users\rikes\AppData\Roaming\Python\Python312\site-packages\django\template\base.py", line 196, in compile_nodelist
    nodelist = parser.parse()
               ^^^^^^^^^^^^^^
  File "C:\Users\rikes\AppData\Roaming\Python\Python312\site-packages\django\template\base.py", line 518, in parse
    raise self.error(token, e)
  File "C:\Users\rikes\AppData\Roaming\Python\Python312\site-packages\django\template\base.py", line 516, in parse
    compiled_result = compile_func(self, token)
                      ^^^^^^^^^^^^^^^^^^^^^^^^^
  File "C:\Users\rikes\AppData\Roaming\Python\Python312\site-packages\django\template\defaulttags.py", line 861, in do_for
    sequence = parser.compile_filter(bits[in_index + 1])
               ^^^^^^^^^^^^^^^^^^^^^^^^^^^^^^^^^^^^^^^^^
  File "C:\Users\rikes\AppData\Roaming\Python\Python312\site-packages\django\template\base.py", line 605, in compile_filter
    return FilterExpression(token, self)
           ^^^^^^^^^^^^^^^^^^^^^^^^^^^^^
  File "C:\Users\rikes\AppData\Roaming\Python\Python312\site-packages\django\template\base.py", line 702, in __init__
    self.args_check(filter_name, filter_func, args)
  File "C:\Users\rikes\AppData\Roaming\Python\Python312\site-packages\django\template\base.py", line 764, in args_check
    raise TemplateSyntaxError(
django.template.exceptions.TemplateSyntaxError: slice requires 2 arguments, 1 provided
ERROR 2025-07-01 18:02:28,039 basehttp 42628 47576 "GET / HTTP/1.1" 500 256347
ERROR 2025-07-01 18:02:36,889 log 42628 20736 Internal Server Error: /
Traceback (most recent call last):
  File "C:\Users\rikes\AppData\Roaming\Python\Python312\site-packages\django\core\handlers\exception.py", line 55, in inner
    response = get_response(request)
               ^^^^^^^^^^^^^^^^^^^^^
  File "C:\Users\rikes\AppData\Roaming\Python\Python312\site-packages\django\core\handlers\base.py", line 197, in _get_response
    response = wrapped_callback(request, *callback_args, **callback_kwargs)
               ^^^^^^^^^^^^^^^^^^^^^^^^^^^^^^^^^^^^^^^^^^^^^^^^^^^^^^^^^^^^
  File "C:\Users\rikes\AppData\Roaming\Python\Python312\site-packages\django\utils\decorators.py", line 188, in _view_wrapper
    result = _process_exception(request, e)
             ^^^^^^^^^^^^^^^^^^^^^^^^^^^^^^
  File "C:\Users\rikes\AppData\Roaming\Python\Python312\site-packages\django\utils\decorators.py", line 186, in _view_wrapper
    response = view_func(request, *args, **kwargs)
               ^^^^^^^^^^^^^^^^^^^^^^^^^^^^^^^^^^^
  File "C:\Users\rikes\ecommerce\products\views.py", line 80, in home
    return render(request, 'products/home.html', context)
           ^^^^^^^^^^^^^^^^^^^^^^^^^^^^^^^^^^^^^^^^^^^^^^
  File "C:\Users\rikes\AppData\Roaming\Python\Python312\site-packages\django\shortcuts.py", line 25, in render
    content = loader.render_to_string(template_name, context, request, using=using)
              ^^^^^^^^^^^^^^^^^^^^^^^^^^^^^^^^^^^^^^^^^^^^^^^^^^^^^^^^^^^^^^^^^^^^^
  File "C:\Users\rikes\AppData\Roaming\Python\Python312\site-packages\django\template\loader.py", line 62, in render_to_string
    return template.render(context, request)
           ^^^^^^^^^^^^^^^^^^^^^^^^^^^^^^^^^
  File "C:\Users\rikes\AppData\Roaming\Python\Python312\site-packages\django\template\backends\django.py", line 107, in render
    return self.template.render(context)
           ^^^^^^^^^^^^^^^^^^^^^^^^^^^^^
  File "C:\Users\rikes\AppData\Roaming\Python\Python312\site-packages\django\template\base.py", line 171, in render
    return self._render(context)
           ^^^^^^^^^^^^^^^^^^^^^
  File "C:\Users\rikes\AppData\Roaming\Python\Python312\site-packages\django\template\base.py", line 163, in _render
    return self.nodelist.render(context)
           ^^^^^^^^^^^^^^^^^^^^^^^^^^^^^
  File "C:\Users\rikes\AppData\Roaming\Python\Python312\site-packages\django\template\base.py", line 1008, in render
    return SafeString("".join([node.render_annotated(context) for node in self]))
                               ^^^^^^^^^^^^^^^^^^^^^^^^^^^^^^
  File "C:\Users\rikes\AppData\Roaming\Python\Python312\site-packages\django\template\base.py", line 969, in render_annotated
    return self.render(context)
           ^^^^^^^^^^^^^^^^^^^^
  File "C:\Users\rikes\AppData\Roaming\Python\Python312\site-packages\django\template\loader_tags.py", line 134, in render
    compiled_parent = self.get_parent(context)
                      ^^^^^^^^^^^^^^^^^^^^^^^^
  File "C:\Users\rikes\AppData\Roaming\Python\Python312\site-packages\django\template\loader_tags.py", line 131, in get_parent
    return self.find_template(parent, context)
           ^^^^^^^^^^^^^^^^^^^^^^^^^^^^^^^^^^^
  File "C:\Users\rikes\AppData\Roaming\Python\Python312\site-packages\django\template\loader_tags.py", line 109, in find_template
    template, origin = context.template.engine.find_template(
                       ^^^^^^^^^^^^^^^^^^^^^^^^^^^^^^^^^^^^^^
  File "C:\Users\rikes\AppData\Roaming\Python\Python312\site-packages\django\template\engine.py", line 159, in find_template
    template = loader.get_template(name, skip=skip)
               ^^^^^^^^^^^^^^^^^^^^^^^^^^^^^^^^^^^^
  File "C:\Users\rikes\AppData\Roaming\Python\Python312\site-packages\django\template\loaders\cached.py", line 57, in get_template
    template = super().get_template(template_name, skip)
               ^^^^^^^^^^^^^^^^^^^^^^^^^^^^^^^^^^^^^^^^^
  File "C:\Users\rikes\AppData\Roaming\Python\Python312\site-packages\django\template\loaders\base.py", line 28, in get_template
    return Template(
           ^^^^^^^^^
  File "C:\Users\rikes\AppData\Roaming\Python\Python312\site-packages\django\template\base.py", line 154, in __init__
    self.nodelist = self.compile_nodelist()
                    ^^^^^^^^^^^^^^^^^^^^^^^
  File "C:\Users\rikes\AppData\Roaming\Python\Python312\site-packages\django\template\base.py", line 196, in compile_nodelist
    nodelist = parser.parse()
               ^^^^^^^^^^^^^^
  File "C:\Users\rikes\AppData\Roaming\Python\Python312\site-packages\django\template\base.py", line 518, in parse
    raise self.error(token, e)
  File "C:\Users\rikes\AppData\Roaming\Python\Python312\site-packages\django\template\base.py", line 516, in parse
    compiled_result = compile_func(self, token)
                      ^^^^^^^^^^^^^^^^^^^^^^^^^
  File "C:\Users\rikes\AppData\Roaming\Python\Python312\site-packages\django\template\defaulttags.py", line 861, in do_for
    sequence = parser.compile_filter(bits[in_index + 1])
               ^^^^^^^^^^^^^^^^^^^^^^^^^^^^^^^^^^^^^^^^^
  File "C:\Users\rikes\AppData\Roaming\Python\Python312\site-packages\django\template\base.py", line 605, in compile_filter
    return FilterExpression(token, self)
           ^^^^^^^^^^^^^^^^^^^^^^^^^^^^^
  File "C:\Users\rikes\AppData\Roaming\Python\Python312\site-packages\django\template\base.py", line 702, in __init__
    self.args_check(filter_name, filter_func, args)
  File "C:\Users\rikes\AppData\Roaming\Python\Python312\site-packages\django\template\base.py", line 764, in args_check
    raise TemplateSyntaxError(
django.template.exceptions.TemplateSyntaxError: slice requires 2 arguments, 1 provided
ERROR 2025-07-01 18:02:36,897 basehttp 42628 20736 "GET / HTTP/1.1" 500 256313
INFO 2025-07-01 18:18:34,636 autoreload 9516 46672 Watching for file changes with StatReloader
INFO 2025-07-01 18:18:42,187 basehttp 9516 1556 "GET / HTTP/1.1" 200 101771
WARNING 2025-07-01 18:18:42,314 basehttp 9516 16632 "GET /static/images/category-clothing.png HTTP/1.1" 404 1898
WARNING 2025-07-01 18:18:42,314 basehttp 9516 1556 "GET /static/images/category-electronics.png HTTP/1.1" 404 1907
WARNING 2025-07-01 18:18:42,377 basehttp 9516 24736 "GET /static/images/category-sports.png HTTP/1.1" 404 1892
WARNING 2025-07-01 18:18:42,380 basehttp 9516 44012 "GET /static/images/category-home.png HTTP/1.1" 404 1886
WARNING 2025-07-01 18:18:42,426 basehttp 9516 32792 "GET /static/images/products/adidas-ultraboost-22.jpg HTTP/1.1" 404 1934
WARNING 2025-07-01 18:18:42,433 basehttp 9516 22732 "GET /static/images/category-fashion.png HTTP/1.1" 404 1895
WARNING 2025-07-01 18:18:42,436 basehttp 9516 25028 "GET /static/images/products/dell-xps-13.jpg HTTP/1.1" 404 1907
WARNING 2025-07-01 18:18:42,447 basehttp 9516 44704 "GET /static/images/category-books.png HTTP/1.1" 404 1889
WARNING 2025-07-01 18:18:42,456 basehttp 9516 33132 "GET /static/images/products/nike-air-max-270.jpg HTTP/1.1" 404 1922
INFO 2025-07-01 18:18:42,463 basehttp 9516 39752 "GET /static/js/riya-group-enhanced.js HTTP/1.1" 304 0
WARNING 2025-07-01 18:18:42,465 basehttp 9516 27712 "GET /static/images/products/macbook-air-m2.jpg HTTP/1.1" 404 1916
WARNING 2025-07-01 18:18:43,081 log 9516 39752 Not Found: /sw.js
WARNING 2025-07-01 18:18:43,083 basehttp 9516 39752 "GET /sw.js HTTP/1.1" 404 3834
INFO 2025-07-01 18:18:46,570 basehttp 9516 39752 "GET /products/ HTTP/1.1" 200 18158
INFO 2025-07-01 18:18:54,445 basehttp 9516 39752 "GET /accounts/login/ HTTP/1.1" 200 18173
INFO 2025-07-01 18:18:55,203 basehttp 9516 39752 "GET /accounts/login/ HTTP/1.1" 200 18173
WARNING 2025-07-01 18:18:55,261 basehttp 9516 35424 "GET /static/images/category-clothing.png HTTP/1.1" 404 1898
WARNING 2025-07-01 18:18:55,264 basehttp 9516 39752 "GET /static/images/category-electronics.png HTTP/1.1" 404 1907
WARNING 2025-07-01 18:18:55,305 basehttp 9516 22060 "GET /static/images/category-home.png HTTP/1.1" 404 1886
WARNING 2025-07-01 18:18:55,317 basehttp 9516 21144 "GET /static/images/category-sports.png HTTP/1.1" 404 1892
WARNING 2025-07-01 18:18:55,336 basehttp 9516 25020 "GET /static/images/category-fashion.png HTTP/1.1" 404 1895
WARNING 2025-07-01 18:18:55,342 basehttp 9516 16616 "GET /static/images/category-books.png HTTP/1.1" 404 1889
WARNING 2025-07-01 18:18:55,388 basehttp 9516 30056 "GET /static/images/products/adidas-ultraboost-22.jpg HTTP/1.1" 404 1934
WARNING 2025-07-01 18:18:55,389 basehttp 9516 31216 "GET /static/images/products/macbook-air-m2.jpg HTTP/1.1" 404 1916
WARNING 2025-07-01 18:18:55,390 basehttp 9516 22760 "GET /static/images/products/dell-xps-13.jpg HTTP/1.1" 404 1907
WARNING 2025-07-01 18:18:55,390 basehttp 9516 50140 "GET /static/images/products/nike-air-max-270.jpg HTTP/1.1" 404 1922
INFO 2025-07-01 18:19:00,264 basehttp 9516 41908 "GET /accounts/login/ HTTP/1.1" 200 18173
WARNING 2025-07-01 18:19:00,329 basehttp 9516 25812 "GET /static/images/category-clothing.png HTTP/1.1" 404 1898
WARNING 2025-07-01 18:19:00,353 basehttp 9516 41908 "GET /static/images/category-electronics.png HTTP/1.1" 404 1907
WARNING 2025-07-01 18:19:00,359 basehttp 9516 8344 "GET /static/images/category-home.png HTTP/1.1" 404 1886
WARNING 2025-07-01 18:19:00,404 basehttp 9516 44220 "GET /static/images/category-sports.png HTTP/1.1" 404 1892
WARNING 2025-07-01 18:19:00,410 basehttp 9516 7360 "GET /static/images/category-books.png HTTP/1.1" 404 1889
WARNING 2025-07-01 18:19:00,428 basehttp 9516 22824 "GET /static/images/category-fashion.png HTTP/1.1" 404 1895
WARNING 2025-07-01 18:19:00,452 basehttp 9516 48996 "GET /static/images/products/macbook-air-m2.jpg HTTP/1.1" 404 1916
WARNING 2025-07-01 18:19:00,457 basehttp 9516 14940 "GET /static/images/products/adidas-ultraboost-22.jpg HTTP/1.1" 404 1934
WARNING 2025-07-01 18:19:00,474 basehttp 9516 32460 "GET /static/images/products/dell-xps-13.jpg HTTP/1.1" 404 1907
WARNING 2025-07-01 18:19:00,477 basehttp 9516 26736 "GET /static/images/products/nike-air-max-270.jpg HTTP/1.1" 404 1922
WARNING 2025-07-01 18:19:04,147 basehttp 9516 36204 "GET /static/images/category-clothing.png HTTP/1.1" 404 1898
WARNING 2025-07-01 18:19:04,149 basehttp 9516 5560 "GET /static/images/category-electronics.png HTTP/1.1" 404 1907
WARNING 2025-07-01 18:19:04,183 basehttp 9516 44020 "GET /static/images/category-home.png HTTP/1.1" 404 1886
WARNING 2025-07-01 18:19:04,190 basehttp 9516 39468 "GET /static/images/category-sports.png HTTP/1.1" 404 1892
WARNING 2025-07-01 18:19:04,210 basehttp 9516 20420 "GET /static/images/category-fashion.png HTTP/1.1" 404 1895
WARNING 2025-07-01 18:19:04,259 basehttp 9516 46184 "GET /static/images/products/macbook-air-m2.jpg HTTP/1.1" 404 1916
WARNING 2025-07-01 18:19:04,268 basehttp 9516 27420 "GET /static/images/products/adidas-ultraboost-22.jpg HTTP/1.1" 404 1934
WARNING 2025-07-01 18:19:04,269 basehttp 9516 39840 "GET /static/images/category-books.png HTTP/1.1" 404 1889
WARNING 2025-07-01 18:19:04,290 basehttp 9516 34844 "GET /static/images/products/dell-xps-13.jpg HTTP/1.1" 404 1907
WARNING 2025-07-01 18:19:04,293 basehttp 9516 43804 "GET /static/images/products/nike-air-max-270.jpg HTTP/1.1" 404 1922
WARNING 2025-07-01 18:19:04,387 log 9516 2340 Not Found: /sw.js
WARNING 2025-07-01 18:19:04,390 basehttp 9516 2340 "GET /sw.js HTTP/1.1" 404 3834
INFO 2025-07-01 18:22:28,831 autoreload 32944 2024 Watching for file changes with StatReloader
INFO 2025-07-01 18:22:41,126 basehttp 32944 25812 "GET / HTTP/1.1" 200 101771
WARNING 2025-07-01 18:22:41,186 basehttp 32944 25812 "GET /static/images/category-electronics.png HTTP/1.1" 404 1907
WARNING 2025-07-01 18:22:41,188 basehttp 32944 32188 "GET /static/images/category-clothing.png HTTP/1.1" 404 1898
WARNING 2025-07-01 18:22:41,232 basehttp 32944 18464 "GET /static/images/category-sports.png HTTP/1.1" 404 1892
WARNING 2025-07-01 18:22:41,234 basehttp 32944 13280 "GET /static/images/category-home.png HTTP/1.1" 404 1886
WARNING 2025-07-01 18:22:41,290 basehttp 32944 19072 "GET /static/images/category-books.png HTTP/1.1" 404 1889
WARNING 2025-07-01 18:22:41,298 basehttp 32944 42344 "GET /static/images/category-fashion.png HTTP/1.1" 404 1895
WARNING 2025-07-01 18:22:41,314 basehttp 32944 32460 "GET /static/images/products/adidas-ultraboost-22.jpg HTTP/1.1" 404 1934
WARNING 2025-07-01 18:22:41,315 basehttp 32944 34016 "GET /static/images/products/macbook-air-m2.jpg HTTP/1.1" 404 1916
WARNING 2025-07-01 18:22:41,316 basehttp 32944 42008 "GET /static/images/products/dell-xps-13.jpg HTTP/1.1" 404 1907
WARNING 2025-07-01 18:22:41,331 basehttp 32944 23272 "GET /static/images/products/nike-air-max-270.jpg HTTP/1.1" 404 1922
WARNING 2025-07-01 18:22:41,453 log 32944 29800 Not Found: /sw.js
WARNING 2025-07-01 18:22:41,455 basehttp 32944 29800 "GET /sw.js HTTP/1.1" 404 3834
INFO 2025-07-01 18:22:43,228 basehttp 32944 29800 "GET / HTTP/1.1" 200 101771
WARNING 2025-07-01 18:22:43,299 basehttp 32944 29800 "GET /static/images/category-electronics.png HTTP/1.1" 404 1907
WARNING 2025-07-01 18:22:43,304 basehttp 32944 5368 "GET /static/images/category-clothing.png HTTP/1.1" 404 1898
WARNING 2025-07-01 18:22:43,335 basehttp 32944 7580 "GET /static/images/category-fashion.png HTTP/1.1" 404 1895
WARNING 2025-07-01 18:22:43,362 basehttp 32944 8296 "GET /static/images/category-sports.png HTTP/1.1" 404 1892
WARNING 2025-07-01 18:22:43,384 basehttp 32944 13684 "GET /static/images/category-books.png HTTP/1.1" 404 1889
WARNING 2025-07-01 18:22:43,387 basehttp 32944 18680 "GET /static/images/category-home.png HTTP/1.1" 404 1886
WARNING 2025-07-01 18:22:43,401 basehttp 32944 44084 "GET /static/images/products/macbook-air-m2.jpg HTTP/1.1" 404 1916
WARNING 2025-07-01 18:22:43,417 basehttp 32944 35724 "GET /static/images/products/adidas-ultraboost-22.jpg HTTP/1.1" 404 1934
WARNING 2025-07-01 18:22:43,421 basehttp 32944 26276 "GET /static/images/products/dell-xps-13.jpg HTTP/1.1" 404 1907
WARNING 2025-07-01 18:22:43,431 basehttp 32944 26224 "GET /static/images/products/nike-air-max-270.jpg HTTP/1.1" 404 1922
WARNING 2025-07-01 18:22:43,514 log 32944 27420 Not Found: /sw.js
WARNING 2025-07-01 18:22:43,516 basehttp 32944 27420 "GET /sw.js HTTP/1.1" 404 3834
INFO 2025-07-01 18:22:45,998 basehttp 32944 27420 "GET /cart/ HTTP/1.1" 302 0
INFO 2025-07-01 18:22:46,098 basehttp 32944 27420 "GET /accounts/login/?next=/cart/ HTTP/1.1" 200 18197
INFO 2025-07-08 13:14:09,638 basehttp 32944 25004 "GET / HTTP/1.1" 200 101771
WARNING 2025-07-08 13:14:10,244 basehttp 32944 28484 "GET /static/images/category-sports.png HTTP/1.1" 404 1892
WARNING 2025-07-08 13:14:10,245 basehttp 32944 21952 "GET /static/images/category-home.png HTTP/1.1" 404 1886
WARNING 2025-07-08 13:14:10,245 basehttp 32944 27256 "GET /static/images/category-fashion.png HTTP/1.1" 404 1895
WARNING 2025-07-08 13:14:10,251 basehttp 32944 23752 "GET /static/images/category-books.png HTTP/1.1" 404 1889
WARNING 2025-07-08 13:14:10,253 basehttp 32944 11756 "GET /static/images/category-clothing.png HTTP/1.1" 404 1898
WARNING 2025-07-08 13:14:10,254 basehttp 32944 25004 "GET /static/images/category-electronics.png HTTP/1.1" 404 1907
WARNING 2025-07-08 13:14:10,268 basehttp 32944 35664 "GET /static/images/products/macbook-air-m2.jpg HTTP/1.1" 404 1916
WARNING 2025-07-08 13:14:10,271 basehttp 32944 18512 "GET /static/images/products/adidas-ultraboost-22.jpg HTTP/1.1" 404 1934
WARNING 2025-07-08 13:14:10,288 basehttp 32944 9516 "GET /static/images/products/nike-air-max-270.jpg HTTP/1.1" 404 1922
WARNING 2025-07-08 13:14:10,288 basehttp 32944 39788 "GET /static/images/products/dell-xps-13.jpg HTTP/1.1" 404 1907
INFO 2025-07-08 13:14:10,405 basehttp 32944 38040 "GET /static/js/riya-group-enhanced.js HTTP/1.1" 200 20663
WARNING 2025-07-08 13:14:10,459 log 32944 38040 Not Found: /sw.js
WARNING 2025-07-08 13:14:10,460 basehttp 32944 38040 "GET /sw.js HTTP/1.1" 404 3834
INFO 2025-07-08 13:17:07,130 basehttp 32944 38040 "GET / HTTP/1.1" 200 101771
WARNING 2025-07-08 13:17:07,180 basehttp 32944 11440 "GET /static/images/category-home.png HTTP/1.1" 404 1886
WARNING 2025-07-08 13:17:07,183 basehttp 32944 38040 "GET /static/images/category-electronics.png HTTP/1.1" 404 1907
WARNING 2025-07-08 13:17:07,186 basehttp 32944 45592 "GET /static/images/category-fashion.png HTTP/1.1" 404 1895
WARNING 2025-07-08 13:17:07,186 basehttp 32944 11908 "GET /static/images/category-books.png HTTP/1.1" 404 1889
WARNING 2025-07-08 13:17:07,187 basehttp 32944 20320 "GET /static/images/category-clothing.png HTTP/1.1" 404 1898
WARNING 2025-07-08 13:17:07,191 basehttp 32944 36580 "GET /static/images/category-sports.png HTTP/1.1" 404 1892
WARNING 2025-07-08 13:17:07,198 basehttp 32944 43268 "GET /static/images/products/macbook-air-m2.jpg HTTP/1.1" 404 1916
WARNING 2025-07-08 13:17:07,203 basehttp 32944 11512 "GET /static/images/products/adidas-ultraboost-22.jpg HTTP/1.1" 404 1934
WARNING 2025-07-08 13:17:07,210 basehttp 32944 41840 "GET /static/images/products/dell-xps-13.jpg HTTP/1.1" 404 1907
WARNING 2025-07-08 13:17:07,216 basehttp 32944 7188 "GET /static/images/products/nike-air-max-270.jpg HTTP/1.1" 404 1922
WARNING 2025-07-08 13:17:07,319 log 32944 41288 Not Found: /sw.js
WARNING 2025-07-08 13:17:07,319 basehttp 32944 41288 "GET /sw.js HTTP/1.1" 404 3834
INFO 2025-07-08 13:17:08,161 basehttp 32944 41288 "GET / HTTP/1.1" 200 101771
WARNING 2025-07-08 13:17:08,186 basehttp 32944 41288 "GET /static/images/category-electronics.png HTTP/1.1" 404 1907
WARNING 2025-07-08 13:17:08,201 basehttp 32944 38104 "GET /static/images/category-clothing.png HTTP/1.1" 404 1898
WARNING 2025-07-08 13:17:08,204 basehttp 32944 19788 "GET /static/images/category-home.png HTTP/1.1" 404 1886
WARNING 2025-07-08 13:17:08,204 basehttp 32944 26160 "GET /static/images/category-sports.png HTTP/1.1" 404 1892
WARNING 2025-07-08 13:17:08,212 basehttp 32944 14980 "GET /static/images/category-books.png HTTP/1.1" 404 1889
WARNING 2025-07-08 13:17:08,212 basehttp 32944 46400 "GET /static/images/category-fashion.png HTTP/1.1" 404 1895
WARNING 2025-07-08 13:17:08,224 basehttp 32944 29168 "GET /static/images/products/macbook-air-m2.jpg HTTP/1.1" 404 1916
WARNING 2025-07-08 13:17:08,225 basehttp 32944 10640 "GET /static/images/products/adidas-ultraboost-22.jpg HTTP/1.1" 404 1934
WARNING 2025-07-08 13:17:08,231 basehttp 32944 7880 "GET /static/images/products/dell-xps-13.jpg HTTP/1.1" 404 1907
WARNING 2025-07-08 13:17:08,237 basehttp 32944 19600 "GET /static/images/products/nike-air-max-270.jpg HTTP/1.1" 404 1922
WARNING 2025-07-08 13:17:08,305 log 32944 43560 Not Found: /sw.js
WARNING 2025-07-08 13:17:08,306 basehttp 32944 43560 "GET /sw.js HTTP/1.1" 404 3834
WARNING 2025-07-08 13:17:26,932 basehttp 32944 7044 "GET /static/images/category-home.png HTTP/1.1" 404 1886
WARNING 2025-07-08 13:17:26,958 basehttp 32944 17152 "GET /static/images/category-fashion.png HTTP/1.1" 404 1895
WARNING 2025-07-08 13:17:26,971 basehttp 32944 36584 "GET /static/images/category-books.png HTTP/1.1" 404 1889
WARNING 2025-07-08 13:17:26,995 basehttp 32944 38548 "GET /static/images/products/macbook-air-m2.jpg HTTP/1.1" 404 1916
WARNING 2025-07-08 13:17:26,996 basehttp 32944 48084 "GET /static/images/products/dell-xps-13.jpg HTTP/1.1" 404 1907
WARNING 2025-07-08 13:17:26,997 basehttp 32944 9500 "GET /static/images/products/adidas-ultraboost-22.jpg HTTP/1.1" 404 1934
WARNING 2025-07-08 13:17:27,005 basehttp 32944 37948 "GET /static/images/products/nike-air-max-270.jpg HTTP/1.1" 404 1922
WARNING 2025-07-08 13:17:27,308 log 32944 29324 Not Found: /sw.js
WARNING 2025-07-08 13:17:27,309 basehttp 32944 29324 "GET /sw.js HTTP/1.1" 404 3834
WARNING 2025-07-08 13:17:27,458 basehttp 32944 29324 "GET /static/images/category-books.png HTTP/1.1" 404 1889
WARNING 2025-07-08 13:17:27,756 log 32944 45908 Not Found: /sw.js
WARNING 2025-07-08 13:17:27,758 basehttp 32944 45908 "GET /sw.js HTTP/1.1" 404 3834
WARNING 2025-07-08 13:17:28,154 log 32944 45908 Not Found: /sw.js
WARNING 2025-07-08 13:17:28,156 basehttp 32944 45908 "GET /sw.js HTTP/1.1" 404 3834
WARNING 2025-07-08 13:17:29,179 log 32944 45908 Not Found: /sw.js
WARNING 2025-07-08 13:17:29,180 basehttp 32944 45908 "GET /sw.js HTTP/1.1" 404 3834
WARNING 2025-07-08 13:17:29,783 log 32944 45908 Not Found: /sw.js
WARNING 2025-07-08 13:17:29,784 basehttp 32944 45908 "GET /sw.js HTTP/1.1" 404 3834
ERROR 2025-07-08 13:37:48,532 log 32944 36820 Internal Server Error: /
Traceback (most recent call last):
  File "C:\Users\rikes\ecommerce\venv\Lib\site-packages\django\core\handlers\exception.py", line 55, in inner
    response = get_response(request)
               ^^^^^^^^^^^^^^^^^^^^^
  File "C:\Users\rikes\ecommerce\venv\Lib\site-packages\django\core\handlers\base.py", line 197, in _get_response
    response = wrapped_callback(request, *callback_args, **callback_kwargs)
               ^^^^^^^^^^^^^^^^^^^^^^^^^^^^^^^^^^^^^^^^^^^^^^^^^^^^^^^^^^^^
  File "C:\Users\rikes\ecommerce\venv\Lib\site-packages\django\utils\decorators.py", line 188, in _view_wrapper
    result = _process_exception(request, e)
             ^^^^^^^^^^^^^^^^^^^^^^^^^^^^^^
  File "C:\Users\rikes\ecommerce\venv\Lib\site-packages\django\utils\decorators.py", line 186, in _view_wrapper
    response = view_func(request, *args, **kwargs)
               ^^^^^^^^^^^^^^^^^^^^^^^^^^^^^^^^^^^
  File "C:\Users\rikes\ecommerce\products\views.py", line 80, in home
    return render(request, 'products/home.html', context)
           ^^^^^^^^^^^^^^^^^^^^^^^^^^^^^^^^^^^^^^^^^^^^^^
  File "C:\Users\rikes\ecommerce\venv\Lib\site-packages\django\shortcuts.py", line 25, in render
    content = loader.render_to_string(template_name, context, request, using=using)
              ^^^^^^^^^^^^^^^^^^^^^^^^^^^^^^^^^^^^^^^^^^^^^^^^^^^^^^^^^^^^^^^^^^^^^
  File "C:\Users\rikes\ecommerce\venv\Lib\site-packages\django\template\loader.py", line 62, in render_to_string
    return template.render(context, request)
           ^^^^^^^^^^^^^^^^^^^^^^^^^^^^^^^^^
  File "C:\Users\rikes\ecommerce\venv\Lib\site-packages\django\template\backends\django.py", line 107, in render
    return self.template.render(context)
           ^^^^^^^^^^^^^^^^^^^^^^^^^^^^^
  File "C:\Users\rikes\ecommerce\venv\Lib\site-packages\django\template\base.py", line 171, in render
    return self._render(context)
           ^^^^^^^^^^^^^^^^^^^^^
  File "C:\Users\rikes\ecommerce\venv\Lib\site-packages\django\template\base.py", line 163, in _render
    return self.nodelist.render(context)
           ^^^^^^^^^^^^^^^^^^^^^^^^^^^^^
  File "C:\Users\rikes\ecommerce\venv\Lib\site-packages\django\template\base.py", line 1008, in render
    return SafeString("".join([node.render_annotated(context) for node in self]))
                               ^^^^^^^^^^^^^^^^^^^^^^^^^^^^^^
  File "C:\Users\rikes\ecommerce\venv\Lib\site-packages\django\template\base.py", line 969, in render_annotated
    return self.render(context)
           ^^^^^^^^^^^^^^^^^^^^
  File "C:\Users\rikes\ecommerce\venv\Lib\site-packages\django\template\loader_tags.py", line 159, in render
    return compiled_parent._render(context)
           ^^^^^^^^^^^^^^^^^^^^^^^^^^^^^^^^
  File "C:\Users\rikes\ecommerce\venv\Lib\site-packages\django\template\base.py", line 163, in _render
    return self.nodelist.render(context)
           ^^^^^^^^^^^^^^^^^^^^^^^^^^^^^
  File "C:\Users\rikes\ecommerce\venv\Lib\site-packages\django\template\base.py", line 1008, in render
    return SafeString("".join([node.render_annotated(context) for node in self]))
                               ^^^^^^^^^^^^^^^^^^^^^^^^^^^^^^
  File "C:\Users\rikes\ecommerce\venv\Lib\site-packages\django\template\base.py", line 969, in render_annotated
    return self.render(context)
           ^^^^^^^^^^^^^^^^^^^^
  File "C:\Users\rikes\ecommerce\venv\Lib\site-packages\django\template\defaulttags.py", line 480, in render
    url = reverse(view_name, args=args, kwargs=kwargs, current_app=current_app)
          ^^^^^^^^^^^^^^^^^^^^^^^^^^^^^^^^^^^^^^^^^^^^^^^^^^^^^^^^^^^^^^^^^^^^^
  File "C:\Users\rikes\ecommerce\venv\Lib\site-packages\django\urls\base.py", line 88, in reverse
    return resolver._reverse_with_prefix(view, prefix, *args, **kwargs)
           ^^^^^^^^^^^^^^^^^^^^^^^^^^^^^^^^^^^^^^^^^^^^^^^^^^^^^^^^^^^^
  File "C:\Users\rikes\ecommerce\venv\Lib\site-packages\django\urls\resolvers.py", line 831, in _reverse_with_prefix
    raise NoReverseMatch(msg)
django.urls.exceptions.NoReverseMatch: Reverse for 'about' not found. 'about' is not a valid view function or pattern name.
ERROR 2025-07-08 13:37:48,544 basehttp 32944 36820 "GET / HTTP/1.1" 500 191562
ERROR 2025-07-08 13:39:13,076 log 32944 35652 Internal Server Error: /
Traceback (most recent call last):
  File "C:\Users\rikes\ecommerce\venv\Lib\site-packages\django\core\handlers\exception.py", line 55, in inner
    response = get_response(request)
               ^^^^^^^^^^^^^^^^^^^^^
  File "C:\Users\rikes\ecommerce\venv\Lib\site-packages\django\core\handlers\base.py", line 197, in _get_response
    response = wrapped_callback(request, *callback_args, **callback_kwargs)
               ^^^^^^^^^^^^^^^^^^^^^^^^^^^^^^^^^^^^^^^^^^^^^^^^^^^^^^^^^^^^
  File "C:\Users\rikes\ecommerce\venv\Lib\site-packages\django\utils\decorators.py", line 188, in _view_wrapper
    result = _process_exception(request, e)
             ^^^^^^^^^^^^^^^^^^^^^^^^^^^^^^
  File "C:\Users\rikes\ecommerce\venv\Lib\site-packages\django\utils\decorators.py", line 186, in _view_wrapper
    response = view_func(request, *args, **kwargs)
               ^^^^^^^^^^^^^^^^^^^^^^^^^^^^^^^^^^^
  File "C:\Users\rikes\ecommerce\products\views.py", line 80, in home
    return render(request, 'products/home.html', context)
           ^^^^^^^^^^^^^^^^^^^^^^^^^^^^^^^^^^^^^^^^^^^^^^
  File "C:\Users\rikes\ecommerce\venv\Lib\site-packages\django\shortcuts.py", line 25, in render
    content = loader.render_to_string(template_name, context, request, using=using)
              ^^^^^^^^^^^^^^^^^^^^^^^^^^^^^^^^^^^^^^^^^^^^^^^^^^^^^^^^^^^^^^^^^^^^^
  File "C:\Users\rikes\ecommerce\venv\Lib\site-packages\django\template\loader.py", line 62, in render_to_string
    return template.render(context, request)
           ^^^^^^^^^^^^^^^^^^^^^^^^^^^^^^^^^
  File "C:\Users\rikes\ecommerce\venv\Lib\site-packages\django\template\backends\django.py", line 107, in render
    return self.template.render(context)
           ^^^^^^^^^^^^^^^^^^^^^^^^^^^^^
  File "C:\Users\rikes\ecommerce\venv\Lib\site-packages\django\template\base.py", line 171, in render
    return self._render(context)
           ^^^^^^^^^^^^^^^^^^^^^
  File "C:\Users\rikes\ecommerce\venv\Lib\site-packages\django\template\base.py", line 163, in _render
    return self.nodelist.render(context)
           ^^^^^^^^^^^^^^^^^^^^^^^^^^^^^
  File "C:\Users\rikes\ecommerce\venv\Lib\site-packages\django\template\base.py", line 1008, in render
    return SafeString("".join([node.render_annotated(context) for node in self]))
                               ^^^^^^^^^^^^^^^^^^^^^^^^^^^^^^
  File "C:\Users\rikes\ecommerce\venv\Lib\site-packages\django\template\base.py", line 969, in render_annotated
    return self.render(context)
           ^^^^^^^^^^^^^^^^^^^^
  File "C:\Users\rikes\ecommerce\venv\Lib\site-packages\django\template\loader_tags.py", line 159, in render
    return compiled_parent._render(context)
           ^^^^^^^^^^^^^^^^^^^^^^^^^^^^^^^^
  File "C:\Users\rikes\ecommerce\venv\Lib\site-packages\django\template\base.py", line 163, in _render
    return self.nodelist.render(context)
           ^^^^^^^^^^^^^^^^^^^^^^^^^^^^^
  File "C:\Users\rikes\ecommerce\venv\Lib\site-packages\django\template\base.py", line 1008, in render
    return SafeString("".join([node.render_annotated(context) for node in self]))
                               ^^^^^^^^^^^^^^^^^^^^^^^^^^^^^^
  File "C:\Users\rikes\ecommerce\venv\Lib\site-packages\django\template\base.py", line 969, in render_annotated
    return self.render(context)
           ^^^^^^^^^^^^^^^^^^^^
  File "C:\Users\rikes\ecommerce\venv\Lib\site-packages\django\template\defaulttags.py", line 480, in render
    url = reverse(view_name, args=args, kwargs=kwargs, current_app=current_app)
          ^^^^^^^^^^^^^^^^^^^^^^^^^^^^^^^^^^^^^^^^^^^^^^^^^^^^^^^^^^^^^^^^^^^^^
  File "C:\Users\rikes\ecommerce\venv\Lib\site-packages\django\urls\base.py", line 88, in reverse
    return resolver._reverse_with_prefix(view, prefix, *args, **kwargs)
           ^^^^^^^^^^^^^^^^^^^^^^^^^^^^^^^^^^^^^^^^^^^^^^^^^^^^^^^^^^^^
  File "C:\Users\rikes\ecommerce\venv\Lib\site-packages\django\urls\resolvers.py", line 831, in _reverse_with_prefix
    raise NoReverseMatch(msg)
django.urls.exceptions.NoReverseMatch: Reverse for 'contact' not found. 'contact' is not a valid view function or pattern name.
ERROR 2025-07-08 13:39:13,080 basehttp 32944 35652 "GET / HTTP/1.1" 500 191248
ERROR 2025-07-08 13:39:14,695 log 32944 35652 Internal Server Error: /
Traceback (most recent call last):
  File "C:\Users\rikes\ecommerce\venv\Lib\site-packages\django\core\handlers\exception.py", line 55, in inner
    response = get_response(request)
               ^^^^^^^^^^^^^^^^^^^^^
  File "C:\Users\rikes\ecommerce\venv\Lib\site-packages\django\core\handlers\base.py", line 197, in _get_response
    response = wrapped_callback(request, *callback_args, **callback_kwargs)
               ^^^^^^^^^^^^^^^^^^^^^^^^^^^^^^^^^^^^^^^^^^^^^^^^^^^^^^^^^^^^
  File "C:\Users\rikes\ecommerce\venv\Lib\site-packages\django\utils\decorators.py", line 188, in _view_wrapper
    result = _process_exception(request, e)
             ^^^^^^^^^^^^^^^^^^^^^^^^^^^^^^
  File "C:\Users\rikes\ecommerce\venv\Lib\site-packages\django\utils\decorators.py", line 186, in _view_wrapper
    response = view_func(request, *args, **kwargs)
               ^^^^^^^^^^^^^^^^^^^^^^^^^^^^^^^^^^^
  File "C:\Users\rikes\ecommerce\products\views.py", line 80, in home
    return render(request, 'products/home.html', context)
           ^^^^^^^^^^^^^^^^^^^^^^^^^^^^^^^^^^^^^^^^^^^^^^
  File "C:\Users\rikes\ecommerce\venv\Lib\site-packages\django\shortcuts.py", line 25, in render
    content = loader.render_to_string(template_name, context, request, using=using)
              ^^^^^^^^^^^^^^^^^^^^^^^^^^^^^^^^^^^^^^^^^^^^^^^^^^^^^^^^^^^^^^^^^^^^^
  File "C:\Users\rikes\ecommerce\venv\Lib\site-packages\django\template\loader.py", line 62, in render_to_string
    return template.render(context, request)
           ^^^^^^^^^^^^^^^^^^^^^^^^^^^^^^^^^
  File "C:\Users\rikes\ecommerce\venv\Lib\site-packages\django\template\backends\django.py", line 107, in render
    return self.template.render(context)
           ^^^^^^^^^^^^^^^^^^^^^^^^^^^^^
  File "C:\Users\rikes\ecommerce\venv\Lib\site-packages\django\template\base.py", line 171, in render
    return self._render(context)
           ^^^^^^^^^^^^^^^^^^^^^
  File "C:\Users\rikes\ecommerce\venv\Lib\site-packages\django\template\base.py", line 163, in _render
    return self.nodelist.render(context)
           ^^^^^^^^^^^^^^^^^^^^^^^^^^^^^
  File "C:\Users\rikes\ecommerce\venv\Lib\site-packages\django\template\base.py", line 1008, in render
    return SafeString("".join([node.render_annotated(context) for node in self]))
                               ^^^^^^^^^^^^^^^^^^^^^^^^^^^^^^
  File "C:\Users\rikes\ecommerce\venv\Lib\site-packages\django\template\base.py", line 969, in render_annotated
    return self.render(context)
           ^^^^^^^^^^^^^^^^^^^^
  File "C:\Users\rikes\ecommerce\venv\Lib\site-packages\django\template\loader_tags.py", line 159, in render
    return compiled_parent._render(context)
           ^^^^^^^^^^^^^^^^^^^^^^^^^^^^^^^^
  File "C:\Users\rikes\ecommerce\venv\Lib\site-packages\django\template\base.py", line 163, in _render
    return self.nodelist.render(context)
           ^^^^^^^^^^^^^^^^^^^^^^^^^^^^^
  File "C:\Users\rikes\ecommerce\venv\Lib\site-packages\django\template\base.py", line 1008, in render
    return SafeString("".join([node.render_annotated(context) for node in self]))
                               ^^^^^^^^^^^^^^^^^^^^^^^^^^^^^^
  File "C:\Users\rikes\ecommerce\venv\Lib\site-packages\django\template\base.py", line 969, in render_annotated
    return self.render(context)
           ^^^^^^^^^^^^^^^^^^^^
  File "C:\Users\rikes\ecommerce\venv\Lib\site-packages\django\template\defaulttags.py", line 480, in render
    url = reverse(view_name, args=args, kwargs=kwargs, current_app=current_app)
          ^^^^^^^^^^^^^^^^^^^^^^^^^^^^^^^^^^^^^^^^^^^^^^^^^^^^^^^^^^^^^^^^^^^^^
  File "C:\Users\rikes\ecommerce\venv\Lib\site-packages\django\urls\base.py", line 88, in reverse
    return resolver._reverse_with_prefix(view, prefix, *args, **kwargs)
           ^^^^^^^^^^^^^^^^^^^^^^^^^^^^^^^^^^^^^^^^^^^^^^^^^^^^^^^^^^^^
  File "C:\Users\rikes\ecommerce\venv\Lib\site-packages\django\urls\resolvers.py", line 831, in _reverse_with_prefix
    raise NoReverseMatch(msg)
django.urls.exceptions.NoReverseMatch: Reverse for 'contact' not found. 'contact' is not a valid view function or pattern name.
ERROR 2025-07-08 13:39:14,697 basehttp 32944 35652 "GET / HTTP/1.1" 500 191248
ERROR 2025-07-08 13:39:15,464 log 32944 35652 Internal Server Error: /
Traceback (most recent call last):
  File "C:\Users\rikes\ecommerce\venv\Lib\site-packages\django\core\handlers\exception.py", line 55, in inner
    response = get_response(request)
               ^^^^^^^^^^^^^^^^^^^^^
  File "C:\Users\rikes\ecommerce\venv\Lib\site-packages\django\core\handlers\base.py", line 197, in _get_response
    response = wrapped_callback(request, *callback_args, **callback_kwargs)
               ^^^^^^^^^^^^^^^^^^^^^^^^^^^^^^^^^^^^^^^^^^^^^^^^^^^^^^^^^^^^
  File "C:\Users\rikes\ecommerce\venv\Lib\site-packages\django\utils\decorators.py", line 188, in _view_wrapper
    result = _process_exception(request, e)
             ^^^^^^^^^^^^^^^^^^^^^^^^^^^^^^
  File "C:\Users\rikes\ecommerce\venv\Lib\site-packages\django\utils\decorators.py", line 186, in _view_wrapper
    response = view_func(request, *args, **kwargs)
               ^^^^^^^^^^^^^^^^^^^^^^^^^^^^^^^^^^^
  File "C:\Users\rikes\ecommerce\products\views.py", line 80, in home
    return render(request, 'products/home.html', context)
           ^^^^^^^^^^^^^^^^^^^^^^^^^^^^^^^^^^^^^^^^^^^^^^
  File "C:\Users\rikes\ecommerce\venv\Lib\site-packages\django\shortcuts.py", line 25, in render
    content = loader.render_to_string(template_name, context, request, using=using)
              ^^^^^^^^^^^^^^^^^^^^^^^^^^^^^^^^^^^^^^^^^^^^^^^^^^^^^^^^^^^^^^^^^^^^^
  File "C:\Users\rikes\ecommerce\venv\Lib\site-packages\django\template\loader.py", line 62, in render_to_string
    return template.render(context, request)
           ^^^^^^^^^^^^^^^^^^^^^^^^^^^^^^^^^
  File "C:\Users\rikes\ecommerce\venv\Lib\site-packages\django\template\backends\django.py", line 107, in render
    return self.template.render(context)
           ^^^^^^^^^^^^^^^^^^^^^^^^^^^^^
  File "C:\Users\rikes\ecommerce\venv\Lib\site-packages\django\template\base.py", line 171, in render
    return self._render(context)
           ^^^^^^^^^^^^^^^^^^^^^
  File "C:\Users\rikes\ecommerce\venv\Lib\site-packages\django\template\base.py", line 163, in _render
    return self.nodelist.render(context)
           ^^^^^^^^^^^^^^^^^^^^^^^^^^^^^
  File "C:\Users\rikes\ecommerce\venv\Lib\site-packages\django\template\base.py", line 1008, in render
    return SafeString("".join([node.render_annotated(context) for node in self]))
                               ^^^^^^^^^^^^^^^^^^^^^^^^^^^^^^
  File "C:\Users\rikes\ecommerce\venv\Lib\site-packages\django\template\base.py", line 969, in render_annotated
    return self.render(context)
           ^^^^^^^^^^^^^^^^^^^^
  File "C:\Users\rikes\ecommerce\venv\Lib\site-packages\django\template\loader_tags.py", line 159, in render
    return compiled_parent._render(context)
           ^^^^^^^^^^^^^^^^^^^^^^^^^^^^^^^^
  File "C:\Users\rikes\ecommerce\venv\Lib\site-packages\django\template\base.py", line 163, in _render
    return self.nodelist.render(context)
           ^^^^^^^^^^^^^^^^^^^^^^^^^^^^^
  File "C:\Users\rikes\ecommerce\venv\Lib\site-packages\django\template\base.py", line 1008, in render
    return SafeString("".join([node.render_annotated(context) for node in self]))
                               ^^^^^^^^^^^^^^^^^^^^^^^^^^^^^^
  File "C:\Users\rikes\ecommerce\venv\Lib\site-packages\django\template\base.py", line 969, in render_annotated
    return self.render(context)
           ^^^^^^^^^^^^^^^^^^^^
  File "C:\Users\rikes\ecommerce\venv\Lib\site-packages\django\template\defaulttags.py", line 480, in render
    url = reverse(view_name, args=args, kwargs=kwargs, current_app=current_app)
          ^^^^^^^^^^^^^^^^^^^^^^^^^^^^^^^^^^^^^^^^^^^^^^^^^^^^^^^^^^^^^^^^^^^^^
  File "C:\Users\rikes\ecommerce\venv\Lib\site-packages\django\urls\base.py", line 88, in reverse
    return resolver._reverse_with_prefix(view, prefix, *args, **kwargs)
           ^^^^^^^^^^^^^^^^^^^^^^^^^^^^^^^^^^^^^^^^^^^^^^^^^^^^^^^^^^^^
  File "C:\Users\rikes\ecommerce\venv\Lib\site-packages\django\urls\resolvers.py", line 831, in _reverse_with_prefix
    raise NoReverseMatch(msg)
django.urls.exceptions.NoReverseMatch: Reverse for 'contact' not found. 'contact' is not a valid view function or pattern name.
ERROR 2025-07-08 13:39:15,466 basehttp 32944 35652 "GET / HTTP/1.1" 500 191248
ERROR 2025-07-08 13:39:16,208 log 32944 35652 Internal Server Error: /
Traceback (most recent call last):
  File "C:\Users\rikes\ecommerce\venv\Lib\site-packages\django\core\handlers\exception.py", line 55, in inner
    response = get_response(request)
               ^^^^^^^^^^^^^^^^^^^^^
  File "C:\Users\rikes\ecommerce\venv\Lib\site-packages\django\core\handlers\base.py", line 197, in _get_response
    response = wrapped_callback(request, *callback_args, **callback_kwargs)
               ^^^^^^^^^^^^^^^^^^^^^^^^^^^^^^^^^^^^^^^^^^^^^^^^^^^^^^^^^^^^
  File "C:\Users\rikes\ecommerce\venv\Lib\site-packages\django\utils\decorators.py", line 188, in _view_wrapper
    result = _process_exception(request, e)
             ^^^^^^^^^^^^^^^^^^^^^^^^^^^^^^
  File "C:\Users\rikes\ecommerce\venv\Lib\site-packages\django\utils\decorators.py", line 186, in _view_wrapper
    response = view_func(request, *args, **kwargs)
               ^^^^^^^^^^^^^^^^^^^^^^^^^^^^^^^^^^^
  File "C:\Users\rikes\ecommerce\products\views.py", line 80, in home
    return render(request, 'products/home.html', context)
           ^^^^^^^^^^^^^^^^^^^^^^^^^^^^^^^^^^^^^^^^^^^^^^
  File "C:\Users\rikes\ecommerce\venv\Lib\site-packages\django\shortcuts.py", line 25, in render
    content = loader.render_to_string(template_name, context, request, using=using)
              ^^^^^^^^^^^^^^^^^^^^^^^^^^^^^^^^^^^^^^^^^^^^^^^^^^^^^^^^^^^^^^^^^^^^^
  File "C:\Users\rikes\ecommerce\venv\Lib\site-packages\django\template\loader.py", line 62, in render_to_string
    return template.render(context, request)
           ^^^^^^^^^^^^^^^^^^^^^^^^^^^^^^^^^
  File "C:\Users\rikes\ecommerce\venv\Lib\site-packages\django\template\backends\django.py", line 107, in render
    return self.template.render(context)
           ^^^^^^^^^^^^^^^^^^^^^^^^^^^^^
  File "C:\Users\rikes\ecommerce\venv\Lib\site-packages\django\template\base.py", line 171, in render
    return self._render(context)
           ^^^^^^^^^^^^^^^^^^^^^
  File "C:\Users\rikes\ecommerce\venv\Lib\site-packages\django\template\base.py", line 163, in _render
    return self.nodelist.render(context)
           ^^^^^^^^^^^^^^^^^^^^^^^^^^^^^
  File "C:\Users\rikes\ecommerce\venv\Lib\site-packages\django\template\base.py", line 1008, in render
    return SafeString("".join([node.render_annotated(context) for node in self]))
                               ^^^^^^^^^^^^^^^^^^^^^^^^^^^^^^
  File "C:\Users\rikes\ecommerce\venv\Lib\site-packages\django\template\base.py", line 969, in render_annotated
    return self.render(context)
           ^^^^^^^^^^^^^^^^^^^^
  File "C:\Users\rikes\ecommerce\venv\Lib\site-packages\django\template\loader_tags.py", line 159, in render
    return compiled_parent._render(context)
           ^^^^^^^^^^^^^^^^^^^^^^^^^^^^^^^^
  File "C:\Users\rikes\ecommerce\venv\Lib\site-packages\django\template\base.py", line 163, in _render
    return self.nodelist.render(context)
           ^^^^^^^^^^^^^^^^^^^^^^^^^^^^^
  File "C:\Users\rikes\ecommerce\venv\Lib\site-packages\django\template\base.py", line 1008, in render
    return SafeString("".join([node.render_annotated(context) for node in self]))
                               ^^^^^^^^^^^^^^^^^^^^^^^^^^^^^^
  File "C:\Users\rikes\ecommerce\venv\Lib\site-packages\django\template\base.py", line 969, in render_annotated
    return self.render(context)
           ^^^^^^^^^^^^^^^^^^^^
  File "C:\Users\rikes\ecommerce\venv\Lib\site-packages\django\template\defaulttags.py", line 480, in render
    url = reverse(view_name, args=args, kwargs=kwargs, current_app=current_app)
          ^^^^^^^^^^^^^^^^^^^^^^^^^^^^^^^^^^^^^^^^^^^^^^^^^^^^^^^^^^^^^^^^^^^^^
  File "C:\Users\rikes\ecommerce\venv\Lib\site-packages\django\urls\base.py", line 88, in reverse
    return resolver._reverse_with_prefix(view, prefix, *args, **kwargs)
           ^^^^^^^^^^^^^^^^^^^^^^^^^^^^^^^^^^^^^^^^^^^^^^^^^^^^^^^^^^^^
  File "C:\Users\rikes\ecommerce\venv\Lib\site-packages\django\urls\resolvers.py", line 831, in _reverse_with_prefix
    raise NoReverseMatch(msg)
django.urls.exceptions.NoReverseMatch: Reverse for 'contact' not found. 'contact' is not a valid view function or pattern name.
ERROR 2025-07-08 13:39:16,212 basehttp 32944 35652 "GET / HTTP/1.1" 500 191248
ERROR 2025-07-08 13:41:11,840 log 32944 35652 Internal Server Error: /
Traceback (most recent call last):
  File "C:\Users\rikes\ecommerce\venv\Lib\site-packages\django\core\handlers\exception.py", line 55, in inner
    response = get_response(request)
               ^^^^^^^^^^^^^^^^^^^^^
  File "C:\Users\rikes\ecommerce\venv\Lib\site-packages\django\core\handlers\base.py", line 197, in _get_response
    response = wrapped_callback(request, *callback_args, **callback_kwargs)
               ^^^^^^^^^^^^^^^^^^^^^^^^^^^^^^^^^^^^^^^^^^^^^^^^^^^^^^^^^^^^
  File "C:\Users\rikes\ecommerce\venv\Lib\site-packages\django\utils\decorators.py", line 188, in _view_wrapper
    result = _process_exception(request, e)
             ^^^^^^^^^^^^^^^^^^^^^^^^^^^^^^
  File "C:\Users\rikes\ecommerce\venv\Lib\site-packages\django\utils\decorators.py", line 186, in _view_wrapper
    response = view_func(request, *args, **kwargs)
               ^^^^^^^^^^^^^^^^^^^^^^^^^^^^^^^^^^^
  File "C:\Users\rikes\ecommerce\products\views.py", line 80, in home
    return render(request, 'products/home.html', context)
           ^^^^^^^^^^^^^^^^^^^^^^^^^^^^^^^^^^^^^^^^^^^^^^
  File "C:\Users\rikes\ecommerce\venv\Lib\site-packages\django\shortcuts.py", line 25, in render
    content = loader.render_to_string(template_name, context, request, using=using)
              ^^^^^^^^^^^^^^^^^^^^^^^^^^^^^^^^^^^^^^^^^^^^^^^^^^^^^^^^^^^^^^^^^^^^^
  File "C:\Users\rikes\ecommerce\venv\Lib\site-packages\django\template\loader.py", line 62, in render_to_string
    return template.render(context, request)
           ^^^^^^^^^^^^^^^^^^^^^^^^^^^^^^^^^
  File "C:\Users\rikes\ecommerce\venv\Lib\site-packages\django\template\backends\django.py", line 107, in render
    return self.template.render(context)
           ^^^^^^^^^^^^^^^^^^^^^^^^^^^^^
  File "C:\Users\rikes\ecommerce\venv\Lib\site-packages\django\template\base.py", line 171, in render
    return self._render(context)
           ^^^^^^^^^^^^^^^^^^^^^
  File "C:\Users\rikes\ecommerce\venv\Lib\site-packages\django\template\base.py", line 163, in _render
    return self.nodelist.render(context)
           ^^^^^^^^^^^^^^^^^^^^^^^^^^^^^
  File "C:\Users\rikes\ecommerce\venv\Lib\site-packages\django\template\base.py", line 1008, in render
    return SafeString("".join([node.render_annotated(context) for node in self]))
                               ^^^^^^^^^^^^^^^^^^^^^^^^^^^^^^
  File "C:\Users\rikes\ecommerce\venv\Lib\site-packages\django\template\base.py", line 969, in render_annotated
    return self.render(context)
           ^^^^^^^^^^^^^^^^^^^^
  File "C:\Users\rikes\ecommerce\venv\Lib\site-packages\django\template\loader_tags.py", line 159, in render
    return compiled_parent._render(context)
           ^^^^^^^^^^^^^^^^^^^^^^^^^^^^^^^^
  File "C:\Users\rikes\ecommerce\venv\Lib\site-packages\django\template\base.py", line 163, in _render
    return self.nodelist.render(context)
           ^^^^^^^^^^^^^^^^^^^^^^^^^^^^^
  File "C:\Users\rikes\ecommerce\venv\Lib\site-packages\django\template\base.py", line 1008, in render
    return SafeString("".join([node.render_annotated(context) for node in self]))
                               ^^^^^^^^^^^^^^^^^^^^^^^^^^^^^^
  File "C:\Users\rikes\ecommerce\venv\Lib\site-packages\django\template\base.py", line 969, in render_annotated
    return self.render(context)
           ^^^^^^^^^^^^^^^^^^^^
  File "C:\Users\rikes\ecommerce\venv\Lib\site-packages\django\template\defaulttags.py", line 480, in render
    url = reverse(view_name, args=args, kwargs=kwargs, current_app=current_app)
          ^^^^^^^^^^^^^^^^^^^^^^^^^^^^^^^^^^^^^^^^^^^^^^^^^^^^^^^^^^^^^^^^^^^^^
  File "C:\Users\rikes\ecommerce\venv\Lib\site-packages\django\urls\base.py", line 88, in reverse
    return resolver._reverse_with_prefix(view, prefix, *args, **kwargs)
           ^^^^^^^^^^^^^^^^^^^^^^^^^^^^^^^^^^^^^^^^^^^^^^^^^^^^^^^^^^^^
  File "C:\Users\rikes\ecommerce\venv\Lib\site-packages\django\urls\resolvers.py", line 831, in _reverse_with_prefix
    raise NoReverseMatch(msg)
django.urls.exceptions.NoReverseMatch: Reverse for 'faq' not found. 'faq' is not a valid view function or pattern name.
ERROR 2025-07-08 13:41:11,842 basehttp 32944 35652 "GET / HTTP/1.1" 500 191108
ERROR 2025-07-08 13:41:13,018 log 32944 46140 Internal Server Error: /
Traceback (most recent call last):
  File "C:\Users\rikes\ecommerce\venv\Lib\site-packages\django\core\handlers\exception.py", line 55, in inner
    response = get_response(request)
               ^^^^^^^^^^^^^^^^^^^^^
  File "C:\Users\rikes\ecommerce\venv\Lib\site-packages\django\core\handlers\base.py", line 197, in _get_response
    response = wrapped_callback(request, *callback_args, **callback_kwargs)
               ^^^^^^^^^^^^^^^^^^^^^^^^^^^^^^^^^^^^^^^^^^^^^^^^^^^^^^^^^^^^
  File "C:\Users\rikes\ecommerce\venv\Lib\site-packages\django\utils\decorators.py", line 188, in _view_wrapper
    result = _process_exception(request, e)
             ^^^^^^^^^^^^^^^^^^^^^^^^^^^^^^
  File "C:\Users\rikes\ecommerce\venv\Lib\site-packages\django\utils\decorators.py", line 186, in _view_wrapper
    response = view_func(request, *args, **kwargs)
               ^^^^^^^^^^^^^^^^^^^^^^^^^^^^^^^^^^^
  File "C:\Users\rikes\ecommerce\products\views.py", line 80, in home
    return render(request, 'products/home.html', context)
           ^^^^^^^^^^^^^^^^^^^^^^^^^^^^^^^^^^^^^^^^^^^^^^
  File "C:\Users\rikes\ecommerce\venv\Lib\site-packages\django\shortcuts.py", line 25, in render
    content = loader.render_to_string(template_name, context, request, using=using)
              ^^^^^^^^^^^^^^^^^^^^^^^^^^^^^^^^^^^^^^^^^^^^^^^^^^^^^^^^^^^^^^^^^^^^^
  File "C:\Users\rikes\ecommerce\venv\Lib\site-packages\django\template\loader.py", line 62, in render_to_string
    return template.render(context, request)
           ^^^^^^^^^^^^^^^^^^^^^^^^^^^^^^^^^
  File "C:\Users\rikes\ecommerce\venv\Lib\site-packages\django\template\backends\django.py", line 107, in render
    return self.template.render(context)
           ^^^^^^^^^^^^^^^^^^^^^^^^^^^^^
  File "C:\Users\rikes\ecommerce\venv\Lib\site-packages\django\template\base.py", line 171, in render
    return self._render(context)
           ^^^^^^^^^^^^^^^^^^^^^
  File "C:\Users\rikes\ecommerce\venv\Lib\site-packages\django\template\base.py", line 163, in _render
    return self.nodelist.render(context)
           ^^^^^^^^^^^^^^^^^^^^^^^^^^^^^
  File "C:\Users\rikes\ecommerce\venv\Lib\site-packages\django\template\base.py", line 1008, in render
    return SafeString("".join([node.render_annotated(context) for node in self]))
                               ^^^^^^^^^^^^^^^^^^^^^^^^^^^^^^
  File "C:\Users\rikes\ecommerce\venv\Lib\site-packages\django\template\base.py", line 969, in render_annotated
    return self.render(context)
           ^^^^^^^^^^^^^^^^^^^^
  File "C:\Users\rikes\ecommerce\venv\Lib\site-packages\django\template\loader_tags.py", line 159, in render
    return compiled_parent._render(context)
           ^^^^^^^^^^^^^^^^^^^^^^^^^^^^^^^^
  File "C:\Users\rikes\ecommerce\venv\Lib\site-packages\django\template\base.py", line 163, in _render
    return self.nodelist.render(context)
           ^^^^^^^^^^^^^^^^^^^^^^^^^^^^^
  File "C:\Users\rikes\ecommerce\venv\Lib\site-packages\django\template\base.py", line 1008, in render
    return SafeString("".join([node.render_annotated(context) for node in self]))
                               ^^^^^^^^^^^^^^^^^^^^^^^^^^^^^^
  File "C:\Users\rikes\ecommerce\venv\Lib\site-packages\django\template\base.py", line 969, in render_annotated
    return self.render(context)
           ^^^^^^^^^^^^^^^^^^^^
  File "C:\Users\rikes\ecommerce\venv\Lib\site-packages\django\template\defaulttags.py", line 480, in render
    url = reverse(view_name, args=args, kwargs=kwargs, current_app=current_app)
          ^^^^^^^^^^^^^^^^^^^^^^^^^^^^^^^^^^^^^^^^^^^^^^^^^^^^^^^^^^^^^^^^^^^^^
  File "C:\Users\rikes\ecommerce\venv\Lib\site-packages\django\urls\base.py", line 88, in reverse
    return resolver._reverse_with_prefix(view, prefix, *args, **kwargs)
           ^^^^^^^^^^^^^^^^^^^^^^^^^^^^^^^^^^^^^^^^^^^^^^^^^^^^^^^^^^^^
  File "C:\Users\rikes\ecommerce\venv\Lib\site-packages\django\urls\resolvers.py", line 831, in _reverse_with_prefix
    raise NoReverseMatch(msg)
django.urls.exceptions.NoReverseMatch: Reverse for 'faq' not found. 'faq' is not a valid view function or pattern name.
ERROR 2025-07-08 13:41:13,020 basehttp 32944 46140 "GET / HTTP/1.1" 500 191108
ERROR 2025-07-08 13:41:13,892 log 32944 46140 Internal Server Error: /
Traceback (most recent call last):
  File "C:\Users\rikes\ecommerce\venv\Lib\site-packages\django\core\handlers\exception.py", line 55, in inner
    response = get_response(request)
               ^^^^^^^^^^^^^^^^^^^^^
  File "C:\Users\rikes\ecommerce\venv\Lib\site-packages\django\core\handlers\base.py", line 197, in _get_response
    response = wrapped_callback(request, *callback_args, **callback_kwargs)
               ^^^^^^^^^^^^^^^^^^^^^^^^^^^^^^^^^^^^^^^^^^^^^^^^^^^^^^^^^^^^
  File "C:\Users\rikes\ecommerce\venv\Lib\site-packages\django\utils\decorators.py", line 188, in _view_wrapper
    result = _process_exception(request, e)
             ^^^^^^^^^^^^^^^^^^^^^^^^^^^^^^
  File "C:\Users\rikes\ecommerce\venv\Lib\site-packages\django\utils\decorators.py", line 186, in _view_wrapper
    response = view_func(request, *args, **kwargs)
               ^^^^^^^^^^^^^^^^^^^^^^^^^^^^^^^^^^^
  File "C:\Users\rikes\ecommerce\products\views.py", line 80, in home
    return render(request, 'products/home.html', context)
           ^^^^^^^^^^^^^^^^^^^^^^^^^^^^^^^^^^^^^^^^^^^^^^
  File "C:\Users\rikes\ecommerce\venv\Lib\site-packages\django\shortcuts.py", line 25, in render
    content = loader.render_to_string(template_name, context, request, using=using)
              ^^^^^^^^^^^^^^^^^^^^^^^^^^^^^^^^^^^^^^^^^^^^^^^^^^^^^^^^^^^^^^^^^^^^^
  File "C:\Users\rikes\ecommerce\venv\Lib\site-packages\django\template\loader.py", line 62, in render_to_string
    return template.render(context, request)
           ^^^^^^^^^^^^^^^^^^^^^^^^^^^^^^^^^
  File "C:\Users\rikes\ecommerce\venv\Lib\site-packages\django\template\backends\django.py", line 107, in render
    return self.template.render(context)
           ^^^^^^^^^^^^^^^^^^^^^^^^^^^^^
  File "C:\Users\rikes\ecommerce\venv\Lib\site-packages\django\template\base.py", line 171, in render
    return self._render(context)
           ^^^^^^^^^^^^^^^^^^^^^
  File "C:\Users\rikes\ecommerce\venv\Lib\site-packages\django\template\base.py", line 163, in _render
    return self.nodelist.render(context)
           ^^^^^^^^^^^^^^^^^^^^^^^^^^^^^
  File "C:\Users\rikes\ecommerce\venv\Lib\site-packages\django\template\base.py", line 1008, in render
    return SafeString("".join([node.render_annotated(context) for node in self]))
                               ^^^^^^^^^^^^^^^^^^^^^^^^^^^^^^
  File "C:\Users\rikes\ecommerce\venv\Lib\site-packages\django\template\base.py", line 969, in render_annotated
    return self.render(context)
           ^^^^^^^^^^^^^^^^^^^^
  File "C:\Users\rikes\ecommerce\venv\Lib\site-packages\django\template\loader_tags.py", line 159, in render
    return compiled_parent._render(context)
           ^^^^^^^^^^^^^^^^^^^^^^^^^^^^^^^^
  File "C:\Users\rikes\ecommerce\venv\Lib\site-packages\django\template\base.py", line 163, in _render
    return self.nodelist.render(context)
           ^^^^^^^^^^^^^^^^^^^^^^^^^^^^^
  File "C:\Users\rikes\ecommerce\venv\Lib\site-packages\django\template\base.py", line 1008, in render
    return SafeString("".join([node.render_annotated(context) for node in self]))
                               ^^^^^^^^^^^^^^^^^^^^^^^^^^^^^^
  File "C:\Users\rikes\ecommerce\venv\Lib\site-packages\django\template\base.py", line 969, in render_annotated
    return self.render(context)
           ^^^^^^^^^^^^^^^^^^^^
  File "C:\Users\rikes\ecommerce\venv\Lib\site-packages\django\template\defaulttags.py", line 480, in render
    url = reverse(view_name, args=args, kwargs=kwargs, current_app=current_app)
          ^^^^^^^^^^^^^^^^^^^^^^^^^^^^^^^^^^^^^^^^^^^^^^^^^^^^^^^^^^^^^^^^^^^^^
  File "C:\Users\rikes\ecommerce\venv\Lib\site-packages\django\urls\base.py", line 88, in reverse
    return resolver._reverse_with_prefix(view, prefix, *args, **kwargs)
           ^^^^^^^^^^^^^^^^^^^^^^^^^^^^^^^^^^^^^^^^^^^^^^^^^^^^^^^^^^^^
  File "C:\Users\rikes\ecommerce\venv\Lib\site-packages\django\urls\resolvers.py", line 831, in _reverse_with_prefix
    raise NoReverseMatch(msg)
django.urls.exceptions.NoReverseMatch: Reverse for 'faq' not found. 'faq' is not a valid view function or pattern name.
ERROR 2025-07-08 13:41:13,893 basehttp 32944 46140 "GET / HTTP/1.1" 500 191108
ERROR 2025-07-08 13:41:14,704 log 32944 46140 Internal Server Error: /
Traceback (most recent call last):
  File "C:\Users\rikes\ecommerce\venv\Lib\site-packages\django\core\handlers\exception.py", line 55, in inner
    response = get_response(request)
               ^^^^^^^^^^^^^^^^^^^^^
  File "C:\Users\rikes\ecommerce\venv\Lib\site-packages\django\core\handlers\base.py", line 197, in _get_response
    response = wrapped_callback(request, *callback_args, **callback_kwargs)
               ^^^^^^^^^^^^^^^^^^^^^^^^^^^^^^^^^^^^^^^^^^^^^^^^^^^^^^^^^^^^
  File "C:\Users\rikes\ecommerce\venv\Lib\site-packages\django\utils\decorators.py", line 188, in _view_wrapper
    result = _process_exception(request, e)
             ^^^^^^^^^^^^^^^^^^^^^^^^^^^^^^
  File "C:\Users\rikes\ecommerce\venv\Lib\site-packages\django\utils\decorators.py", line 186, in _view_wrapper
    response = view_func(request, *args, **kwargs)
               ^^^^^^^^^^^^^^^^^^^^^^^^^^^^^^^^^^^
  File "C:\Users\rikes\ecommerce\products\views.py", line 80, in home
    return render(request, 'products/home.html', context)
           ^^^^^^^^^^^^^^^^^^^^^^^^^^^^^^^^^^^^^^^^^^^^^^
  File "C:\Users\rikes\ecommerce\venv\Lib\site-packages\django\shortcuts.py", line 25, in render
    content = loader.render_to_string(template_name, context, request, using=using)
              ^^^^^^^^^^^^^^^^^^^^^^^^^^^^^^^^^^^^^^^^^^^^^^^^^^^^^^^^^^^^^^^^^^^^^
  File "C:\Users\rikes\ecommerce\venv\Lib\site-packages\django\template\loader.py", line 62, in render_to_string
    return template.render(context, request)
           ^^^^^^^^^^^^^^^^^^^^^^^^^^^^^^^^^
  File "C:\Users\rikes\ecommerce\venv\Lib\site-packages\django\template\backends\django.py", line 107, in render
    return self.template.render(context)
           ^^^^^^^^^^^^^^^^^^^^^^^^^^^^^
  File "C:\Users\rikes\ecommerce\venv\Lib\site-packages\django\template\base.py", line 171, in render
    return self._render(context)
           ^^^^^^^^^^^^^^^^^^^^^
  File "C:\Users\rikes\ecommerce\venv\Lib\site-packages\django\template\base.py", line 163, in _render
    return self.nodelist.render(context)
           ^^^^^^^^^^^^^^^^^^^^^^^^^^^^^
  File "C:\Users\rikes\ecommerce\venv\Lib\site-packages\django\template\base.py", line 1008, in render
    return SafeString("".join([node.render_annotated(context) for node in self]))
                               ^^^^^^^^^^^^^^^^^^^^^^^^^^^^^^
  File "C:\Users\rikes\ecommerce\venv\Lib\site-packages\django\template\base.py", line 969, in render_annotated
    return self.render(context)
           ^^^^^^^^^^^^^^^^^^^^
  File "C:\Users\rikes\ecommerce\venv\Lib\site-packages\django\template\loader_tags.py", line 159, in render
    return compiled_parent._render(context)
           ^^^^^^^^^^^^^^^^^^^^^^^^^^^^^^^^
  File "C:\Users\rikes\ecommerce\venv\Lib\site-packages\django\template\base.py", line 163, in _render
    return self.nodelist.render(context)
           ^^^^^^^^^^^^^^^^^^^^^^^^^^^^^
  File "C:\Users\rikes\ecommerce\venv\Lib\site-packages\django\template\base.py", line 1008, in render
    return SafeString("".join([node.render_annotated(context) for node in self]))
                               ^^^^^^^^^^^^^^^^^^^^^^^^^^^^^^
  File "C:\Users\rikes\ecommerce\venv\Lib\site-packages\django\template\base.py", line 969, in render_annotated
    return self.render(context)
           ^^^^^^^^^^^^^^^^^^^^
  File "C:\Users\rikes\ecommerce\venv\Lib\site-packages\django\template\defaulttags.py", line 480, in render
    url = reverse(view_name, args=args, kwargs=kwargs, current_app=current_app)
          ^^^^^^^^^^^^^^^^^^^^^^^^^^^^^^^^^^^^^^^^^^^^^^^^^^^^^^^^^^^^^^^^^^^^^
  File "C:\Users\rikes\ecommerce\venv\Lib\site-packages\django\urls\base.py", line 88, in reverse
    return resolver._reverse_with_prefix(view, prefix, *args, **kwargs)
           ^^^^^^^^^^^^^^^^^^^^^^^^^^^^^^^^^^^^^^^^^^^^^^^^^^^^^^^^^^^^
  File "C:\Users\rikes\ecommerce\venv\Lib\site-packages\django\urls\resolvers.py", line 831, in _reverse_with_prefix
    raise NoReverseMatch(msg)
django.urls.exceptions.NoReverseMatch: Reverse for 'faq' not found. 'faq' is not a valid view function or pattern name.
ERROR 2025-07-08 13:41:14,708 basehttp 32944 46140 "GET / HTTP/1.1" 500 191108
INFO 2025-08-15 22:09:46,656 autoreload 6 140398943144832 Watching for file changes with StatReloader
INFO 2025-08-15 22:18:38,394 autoreload 7 139659944217472 Watching for file changes with StatReloader
INFO 2025-08-15 22:27:38,744 autoreload 7 140689683229568 Watching for file changes with StatReloader
INFO 2025-08-15 22:30:28,635 autoreload 8 139849976097664 Watching for file changes with StatReloader
INFO 2025-08-15 22:35:11,926 autoreload 7 140239873137536 Watching for file changes with StatReloader
INFO 2025-08-15 22:38:28,232 autoreload 7 139971321899904 Watching for file changes with StatReloader
INFO 2025-08-15 22:48:59,104 autoreload 7 140499287362432 Watching for file changes with StatReloader
INFO 2025-08-15 22:57:02,155 autoreload 7 140095912885120 Watching for file changes with StatReloader
INFO 2025-08-15 23:01:00,197 autoreload 7 140016995576704 Watching for file changes with StatReloader
INFO 2025-08-15 23:08:16,373 autoreload 7 139740139408256 Watching for file changes with StatReloader
ERROR 2025-08-15 23:08:19,002 exception 7 139739960350400 Invalid HTTP_HOST header: 'localhost:8000'. You may need to add 'localhost' to ALLOWED_HOSTS.
Traceback (most recent call last):
  File "/usr/local/lib/python3.12/site-packages/django/core/handlers/exception.py", line 55, in inner
    response = get_response(request)
               ^^^^^^^^^^^^^^^^^^^^^
  File "/usr/local/lib/python3.12/site-packages/django/utils/deprecation.py", line 119, in __call__
    response = self.process_request(request)
               ^^^^^^^^^^^^^^^^^^^^^^^^^^^^^
  File "/usr/local/lib/python3.12/site-packages/django/middleware/security.py", line 28, in process_request
    host = self.redirect_host or request.get_host()
                                 ^^^^^^^^^^^^^^^^^^
  File "/usr/local/lib/python3.12/site-packages/django/http/request.py", line 186, in get_host
    raise DisallowedHost(msg)
django.core.exceptions.DisallowedHost: Invalid HTTP_HOST header: 'localhost:8000'. You may need to add 'localhost' to ALLOWED_HOSTS.
WARNING 2025-08-15 23:08:19,012 log 7 139739960350400 Bad Request: /health/
WARNING 2025-08-15 23:08:19,013 basehttp 7 139739960350400 "GET /health/ HTTP/1.1" 400 143
ERROR 2025-08-15 23:08:49,090 exception 7 139739960350400 Invalid HTTP_HOST header: 'localhost:8000'. You may need to add 'localhost' to ALLOWED_HOSTS.
Traceback (most recent call last):
  File "/usr/local/lib/python3.12/site-packages/django/core/handlers/exception.py", line 55, in inner
    response = get_response(request)
               ^^^^^^^^^^^^^^^^^^^^^
  File "/usr/local/lib/python3.12/site-packages/django/utils/deprecation.py", line 119, in __call__
    response = self.process_request(request)
               ^^^^^^^^^^^^^^^^^^^^^^^^^^^^^
  File "/usr/local/lib/python3.12/site-packages/django/middleware/security.py", line 28, in process_request
    host = self.redirect_host or request.get_host()
                                 ^^^^^^^^^^^^^^^^^^
  File "/usr/local/lib/python3.12/site-packages/django/http/request.py", line 186, in get_host
    raise DisallowedHost(msg)
django.core.exceptions.DisallowedHost: Invalid HTTP_HOST header: 'localhost:8000'. You may need to add 'localhost' to ALLOWED_HOSTS.
WARNING 2025-08-15 23:08:49,094 log 7 139739960350400 Bad Request: /health/
WARNING 2025-08-15 23:08:49,095 basehttp 7 139739960350400 "GET /health/ HTTP/1.1" 400 143
ERROR 2025-08-15 23:09:19,178 exception 7 139739960350400 Invalid HTTP_HOST header: 'localhost:8000'. You may need to add 'localhost' to ALLOWED_HOSTS.
Traceback (most recent call last):
  File "/usr/local/lib/python3.12/site-packages/django/core/handlers/exception.py", line 55, in inner
    response = get_response(request)
               ^^^^^^^^^^^^^^^^^^^^^
  File "/usr/local/lib/python3.12/site-packages/django/utils/deprecation.py", line 119, in __call__
    response = self.process_request(request)
               ^^^^^^^^^^^^^^^^^^^^^^^^^^^^^
  File "/usr/local/lib/python3.12/site-packages/django/middleware/security.py", line 28, in process_request
    host = self.redirect_host or request.get_host()
                                 ^^^^^^^^^^^^^^^^^^
  File "/usr/local/lib/python3.12/site-packages/django/http/request.py", line 186, in get_host
    raise DisallowedHost(msg)
django.core.exceptions.DisallowedHost: Invalid HTTP_HOST header: 'localhost:8000'. You may need to add 'localhost' to ALLOWED_HOSTS.
WARNING 2025-08-15 23:09:19,180 log 7 139739960350400 Bad Request: /health/
WARNING 2025-08-15 23:09:19,183 basehttp 7 139739960350400 "GET /health/ HTTP/1.1" 400 143
ERROR 2025-08-15 23:09:49,324 exception 7 139739960350400 Invalid HTTP_HOST header: 'localhost:8000'. You may need to add 'localhost' to ALLOWED_HOSTS.
Traceback (most recent call last):
  File "/usr/local/lib/python3.12/site-packages/django/core/handlers/exception.py", line 55, in inner
    response = get_response(request)
               ^^^^^^^^^^^^^^^^^^^^^
  File "/usr/local/lib/python3.12/site-packages/django/utils/deprecation.py", line 119, in __call__
    response = self.process_request(request)
               ^^^^^^^^^^^^^^^^^^^^^^^^^^^^^
  File "/usr/local/lib/python3.12/site-packages/django/middleware/security.py", line 28, in process_request
    host = self.redirect_host or request.get_host()
                                 ^^^^^^^^^^^^^^^^^^
  File "/usr/local/lib/python3.12/site-packages/django/http/request.py", line 186, in get_host
    raise DisallowedHost(msg)
django.core.exceptions.DisallowedHost: Invalid HTTP_HOST header: 'localhost:8000'. You may need to add 'localhost' to ALLOWED_HOSTS.
WARNING 2025-08-15 23:09:49,327 log 7 139739960350400 Bad Request: /health/
WARNING 2025-08-15 23:09:49,328 basehttp 7 139739960350400 "GET /health/ HTTP/1.1" 400 143
ERROR 2025-08-15 23:10:19,414 exception 7 139739960350400 Invalid HTTP_HOST header: 'localhost:8000'. You may need to add 'localhost' to ALLOWED_HOSTS.
Traceback (most recent call last):
  File "/usr/local/lib/python3.12/site-packages/django/core/handlers/exception.py", line 55, in inner
    response = get_response(request)
               ^^^^^^^^^^^^^^^^^^^^^
  File "/usr/local/lib/python3.12/site-packages/django/utils/deprecation.py", line 119, in __call__
    response = self.process_request(request)
               ^^^^^^^^^^^^^^^^^^^^^^^^^^^^^
  File "/usr/local/lib/python3.12/site-packages/django/middleware/security.py", line 28, in process_request
    host = self.redirect_host or request.get_host()
                                 ^^^^^^^^^^^^^^^^^^
  File "/usr/local/lib/python3.12/site-packages/django/http/request.py", line 186, in get_host
    raise DisallowedHost(msg)
django.core.exceptions.DisallowedHost: Invalid HTTP_HOST header: 'localhost:8000'. You may need to add 'localhost' to ALLOWED_HOSTS.
WARNING 2025-08-15 23:10:19,417 log 7 139739960350400 Bad Request: /health/
WARNING 2025-08-15 23:10:19,418 basehttp 7 139739960350400 "GET /health/ HTTP/1.1" 400 143
ERROR 2025-08-15 23:10:49,497 exception 7 139739960350400 Invalid HTTP_HOST header: 'localhost:8000'. You may need to add 'localhost' to ALLOWED_HOSTS.
Traceback (most recent call last):
  File "/usr/local/lib/python3.12/site-packages/django/core/handlers/exception.py", line 55, in inner
    response = get_response(request)
               ^^^^^^^^^^^^^^^^^^^^^
  File "/usr/local/lib/python3.12/site-packages/django/utils/deprecation.py", line 119, in __call__
    response = self.process_request(request)
               ^^^^^^^^^^^^^^^^^^^^^^^^^^^^^
  File "/usr/local/lib/python3.12/site-packages/django/middleware/security.py", line 28, in process_request
    host = self.redirect_host or request.get_host()
                                 ^^^^^^^^^^^^^^^^^^
  File "/usr/local/lib/python3.12/site-packages/django/http/request.py", line 186, in get_host
    raise DisallowedHost(msg)
django.core.exceptions.DisallowedHost: Invalid HTTP_HOST header: 'localhost:8000'. You may need to add 'localhost' to ALLOWED_HOSTS.
WARNING 2025-08-15 23:10:49,499 log 7 139739960350400 Bad Request: /health/
WARNING 2025-08-15 23:10:49,500 basehttp 7 139739960350400 "GET /health/ HTTP/1.1" 400 143
ERROR 2025-08-15 23:11:19,575 exception 7 139739960350400 Invalid HTTP_HOST header: 'localhost:8000'. You may need to add 'localhost' to ALLOWED_HOSTS.
Traceback (most recent call last):
  File "/usr/local/lib/python3.12/site-packages/django/core/handlers/exception.py", line 55, in inner
    response = get_response(request)
               ^^^^^^^^^^^^^^^^^^^^^
  File "/usr/local/lib/python3.12/site-packages/django/utils/deprecation.py", line 119, in __call__
    response = self.process_request(request)
               ^^^^^^^^^^^^^^^^^^^^^^^^^^^^^
  File "/usr/local/lib/python3.12/site-packages/django/middleware/security.py", line 28, in process_request
    host = self.redirect_host or request.get_host()
                                 ^^^^^^^^^^^^^^^^^^
  File "/usr/local/lib/python3.12/site-packages/django/http/request.py", line 186, in get_host
    raise DisallowedHost(msg)
django.core.exceptions.DisallowedHost: Invalid HTTP_HOST header: 'localhost:8000'. You may need to add 'localhost' to ALLOWED_HOSTS.
WARNING 2025-08-15 23:11:19,577 log 7 139739960350400 Bad Request: /health/
WARNING 2025-08-15 23:11:19,578 basehttp 7 139739960350400 "GET /health/ HTTP/1.1" 400 143
ERROR 2025-08-15 23:11:23,882 exception 7 139739960350400 Invalid HTTP_HOST header: 'localhost:8000'. You may need to add 'localhost' to ALLOWED_HOSTS.
Traceback (most recent call last):
  File "/usr/local/lib/python3.12/site-packages/django/core/handlers/exception.py", line 55, in inner
    response = get_response(request)
               ^^^^^^^^^^^^^^^^^^^^^
  File "/usr/local/lib/python3.12/site-packages/django/utils/deprecation.py", line 119, in __call__
    response = self.process_request(request)
               ^^^^^^^^^^^^^^^^^^^^^^^^^^^^^
  File "/usr/local/lib/python3.12/site-packages/django/middleware/security.py", line 28, in process_request
    host = self.redirect_host or request.get_host()
                                 ^^^^^^^^^^^^^^^^^^
  File "/usr/local/lib/python3.12/site-packages/django/http/request.py", line 186, in get_host
    raise DisallowedHost(msg)
django.core.exceptions.DisallowedHost: Invalid HTTP_HOST header: 'localhost:8000'. You may need to add 'localhost' to ALLOWED_HOSTS.
WARNING 2025-08-15 23:11:23,884 log 7 139739960350400 Bad Request: /
WARNING 2025-08-15 23:11:23,885 basehttp 7 139739960350400 "GET / HTTP/1.1" 400 143
ERROR 2025-08-15 23:11:24,297 exception 7 139739960350400 Invalid HTTP_HOST header: 'localhost:8000'. You may need to add 'localhost' to ALLOWED_HOSTS.
Traceback (most recent call last):
  File "/usr/local/lib/python3.12/site-packages/django/core/handlers/exception.py", line 55, in inner
    response = get_response(request)
               ^^^^^^^^^^^^^^^^^^^^^
  File "/usr/local/lib/python3.12/site-packages/django/utils/deprecation.py", line 119, in __call__
    response = self.process_request(request)
               ^^^^^^^^^^^^^^^^^^^^^^^^^^^^^
  File "/usr/local/lib/python3.12/site-packages/django/middleware/security.py", line 28, in process_request
    host = self.redirect_host or request.get_host()
                                 ^^^^^^^^^^^^^^^^^^
  File "/usr/local/lib/python3.12/site-packages/django/http/request.py", line 186, in get_host
    raise DisallowedHost(msg)
django.core.exceptions.DisallowedHost: Invalid HTTP_HOST header: 'localhost:8000'. You may need to add 'localhost' to ALLOWED_HOSTS.
WARNING 2025-08-15 23:11:24,299 log 7 139739960350400 Bad Request: /favicon.ico
WARNING 2025-08-15 23:11:24,300 basehttp 7 139739960350400 "GET /favicon.ico HTTP/1.1" 400 143
ERROR 2025-08-15 23:11:49,673 exception 7 139739960350400 Invalid HTTP_HOST header: 'localhost:8000'. You may need to add 'localhost' to ALLOWED_HOSTS.
Traceback (most recent call last):
  File "/usr/local/lib/python3.12/site-packages/django/core/handlers/exception.py", line 55, in inner
    response = get_response(request)
               ^^^^^^^^^^^^^^^^^^^^^
  File "/usr/local/lib/python3.12/site-packages/django/utils/deprecation.py", line 119, in __call__
    response = self.process_request(request)
               ^^^^^^^^^^^^^^^^^^^^^^^^^^^^^
  File "/usr/local/lib/python3.12/site-packages/django/middleware/security.py", line 28, in process_request
    host = self.redirect_host or request.get_host()
                                 ^^^^^^^^^^^^^^^^^^
  File "/usr/local/lib/python3.12/site-packages/django/http/request.py", line 186, in get_host
    raise DisallowedHost(msg)
django.core.exceptions.DisallowedHost: Invalid HTTP_HOST header: 'localhost:8000'. You may need to add 'localhost' to ALLOWED_HOSTS.
WARNING 2025-08-15 23:11:49,675 log 7 139739960350400 Bad Request: /health/
WARNING 2025-08-15 23:11:49,677 basehttp 7 139739960350400 "GET /health/ HTTP/1.1" 400 143
ERROR 2025-08-15 23:12:19,727 exception 7 139739960350400 Invalid HTTP_HOST header: 'localhost:8000'. You may need to add 'localhost' to ALLOWED_HOSTS.
Traceback (most recent call last):
  File "/usr/local/lib/python3.12/site-packages/django/core/handlers/exception.py", line 55, in inner
    response = get_response(request)
               ^^^^^^^^^^^^^^^^^^^^^
  File "/usr/local/lib/python3.12/site-packages/django/utils/deprecation.py", line 119, in __call__
    response = self.process_request(request)
               ^^^^^^^^^^^^^^^^^^^^^^^^^^^^^
  File "/usr/local/lib/python3.12/site-packages/django/middleware/security.py", line 28, in process_request
    host = self.redirect_host or request.get_host()
                                 ^^^^^^^^^^^^^^^^^^
  File "/usr/local/lib/python3.12/site-packages/django/http/request.py", line 186, in get_host
    raise DisallowedHost(msg)
django.core.exceptions.DisallowedHost: Invalid HTTP_HOST header: 'localhost:8000'. You may need to add 'localhost' to ALLOWED_HOSTS.
WARNING 2025-08-15 23:12:19,732 log 7 139739960350400 Bad Request: /health/
WARNING 2025-08-15 23:12:19,734 basehttp 7 139739960350400 "GET /health/ HTTP/1.1" 400 143
ERROR 2025-08-15 23:12:49,858 exception 7 139739960350400 Invalid HTTP_HOST header: 'localhost:8000'. You may need to add 'localhost' to ALLOWED_HOSTS.
Traceback (most recent call last):
  File "/usr/local/lib/python3.12/site-packages/django/core/handlers/exception.py", line 55, in inner
    response = get_response(request)
               ^^^^^^^^^^^^^^^^^^^^^
  File "/usr/local/lib/python3.12/site-packages/django/utils/deprecation.py", line 119, in __call__
    response = self.process_request(request)
               ^^^^^^^^^^^^^^^^^^^^^^^^^^^^^
  File "/usr/local/lib/python3.12/site-packages/django/middleware/security.py", line 28, in process_request
    host = self.redirect_host or request.get_host()
                                 ^^^^^^^^^^^^^^^^^^
  File "/usr/local/lib/python3.12/site-packages/django/http/request.py", line 186, in get_host
    raise DisallowedHost(msg)
django.core.exceptions.DisallowedHost: Invalid HTTP_HOST header: 'localhost:8000'. You may need to add 'localhost' to ALLOWED_HOSTS.
WARNING 2025-08-15 23:12:49,861 log 7 139739960350400 Bad Request: /health/
WARNING 2025-08-15 23:12:49,862 basehttp 7 139739960350400 "GET /health/ HTTP/1.1" 400 143
ERROR 2025-08-15 23:13:19,976 exception 7 139739960350400 Invalid HTTP_HOST header: 'localhost:8000'. You may need to add 'localhost' to ALLOWED_HOSTS.
Traceback (most recent call last):
  File "/usr/local/lib/python3.12/site-packages/django/core/handlers/exception.py", line 55, in inner
    response = get_response(request)
               ^^^^^^^^^^^^^^^^^^^^^
  File "/usr/local/lib/python3.12/site-packages/django/utils/deprecation.py", line 119, in __call__
    response = self.process_request(request)
               ^^^^^^^^^^^^^^^^^^^^^^^^^^^^^
  File "/usr/local/lib/python3.12/site-packages/django/middleware/security.py", line 28, in process_request
    host = self.redirect_host or request.get_host()
                                 ^^^^^^^^^^^^^^^^^^
  File "/usr/local/lib/python3.12/site-packages/django/http/request.py", line 186, in get_host
    raise DisallowedHost(msg)
django.core.exceptions.DisallowedHost: Invalid HTTP_HOST header: 'localhost:8000'. You may need to add 'localhost' to ALLOWED_HOSTS.
WARNING 2025-08-15 23:13:19,978 log 7 139739960350400 Bad Request: /health/
WARNING 2025-08-15 23:13:19,979 basehttp 7 139739960350400 "GET /health/ HTTP/1.1" 400 143
ERROR 2025-08-15 23:13:47,297 exception 7 139739951957696 Invalid HTTP_HOST header: 'localhost:8000'. You may need to add 'localhost' to ALLOWED_HOSTS.
Traceback (most recent call last):
  File "/usr/local/lib/python3.12/site-packages/django/core/handlers/exception.py", line 55, in inner
    response = get_response(request)
               ^^^^^^^^^^^^^^^^^^^^^
  File "/usr/local/lib/python3.12/site-packages/django/utils/deprecation.py", line 119, in __call__
    response = self.process_request(request)
               ^^^^^^^^^^^^^^^^^^^^^^^^^^^^^
  File "/usr/local/lib/python3.12/site-packages/django/middleware/security.py", line 28, in process_request
    host = self.redirect_host or request.get_host()
                                 ^^^^^^^^^^^^^^^^^^
  File "/usr/local/lib/python3.12/site-packages/django/http/request.py", line 186, in get_host
    raise DisallowedHost(msg)
django.core.exceptions.DisallowedHost: Invalid HTTP_HOST header: 'localhost:8000'. You may need to add 'localhost' to ALLOWED_HOSTS.
WARNING 2025-08-15 23:13:47,299 log 7 139739951957696 Bad Request: /
WARNING 2025-08-15 23:13:47,301 basehttp 7 139739951957696 "GET / HTTP/1.1" 400 143
ERROR 2025-08-15 23:13:47,488 exception 7 139739951957696 Invalid HTTP_HOST header: 'localhost:8000'. You may need to add 'localhost' to ALLOWED_HOSTS.
Traceback (most recent call last):
  File "/usr/local/lib/python3.12/site-packages/django/core/handlers/exception.py", line 55, in inner
    response = get_response(request)
               ^^^^^^^^^^^^^^^^^^^^^
  File "/usr/local/lib/python3.12/site-packages/django/utils/deprecation.py", line 119, in __call__
    response = self.process_request(request)
               ^^^^^^^^^^^^^^^^^^^^^^^^^^^^^
  File "/usr/local/lib/python3.12/site-packages/django/middleware/security.py", line 28, in process_request
    host = self.redirect_host or request.get_host()
                                 ^^^^^^^^^^^^^^^^^^
  File "/usr/local/lib/python3.12/site-packages/django/http/request.py", line 186, in get_host
    raise DisallowedHost(msg)
django.core.exceptions.DisallowedHost: Invalid HTTP_HOST header: 'localhost:8000'. You may need to add 'localhost' to ALLOWED_HOSTS.
WARNING 2025-08-15 23:13:47,490 log 7 139739951957696 Bad Request: /favicon.ico
WARNING 2025-08-15 23:13:47,491 basehttp 7 139739951957696 "GET /favicon.ico HTTP/1.1" 400 143
ERROR 2025-08-15 23:13:50,124 exception 7 139739951957696 Invalid HTTP_HOST header: 'localhost:8000'. You may need to add 'localhost' to ALLOWED_HOSTS.
Traceback (most recent call last):
  File "/usr/local/lib/python3.12/site-packages/django/core/handlers/exception.py", line 55, in inner
    response = get_response(request)
               ^^^^^^^^^^^^^^^^^^^^^
  File "/usr/local/lib/python3.12/site-packages/django/utils/deprecation.py", line 119, in __call__
    response = self.process_request(request)
               ^^^^^^^^^^^^^^^^^^^^^^^^^^^^^
  File "/usr/local/lib/python3.12/site-packages/django/middleware/security.py", line 28, in process_request
    host = self.redirect_host or request.get_host()
                                 ^^^^^^^^^^^^^^^^^^
  File "/usr/local/lib/python3.12/site-packages/django/http/request.py", line 186, in get_host
    raise DisallowedHost(msg)
django.core.exceptions.DisallowedHost: Invalid HTTP_HOST header: 'localhost:8000'. You may need to add 'localhost' to ALLOWED_HOSTS.
WARNING 2025-08-15 23:13:50,127 log 7 139739951957696 Bad Request: /health/
WARNING 2025-08-15 23:13:50,128 basehttp 7 139739951957696 "GET /health/ HTTP/1.1" 400 143
ERROR 2025-08-15 23:14:20,218 exception 7 139739951957696 Invalid HTTP_HOST header: 'localhost:8000'. You may need to add 'localhost' to ALLOWED_HOSTS.
Traceback (most recent call last):
  File "/usr/local/lib/python3.12/site-packages/django/core/handlers/exception.py", line 55, in inner
    response = get_response(request)
               ^^^^^^^^^^^^^^^^^^^^^
  File "/usr/local/lib/python3.12/site-packages/django/utils/deprecation.py", line 119, in __call__
    response = self.process_request(request)
               ^^^^^^^^^^^^^^^^^^^^^^^^^^^^^
  File "/usr/local/lib/python3.12/site-packages/django/middleware/security.py", line 28, in process_request
    host = self.redirect_host or request.get_host()
                                 ^^^^^^^^^^^^^^^^^^
  File "/usr/local/lib/python3.12/site-packages/django/http/request.py", line 186, in get_host
    raise DisallowedHost(msg)
django.core.exceptions.DisallowedHost: Invalid HTTP_HOST header: 'localhost:8000'. You may need to add 'localhost' to ALLOWED_HOSTS.
WARNING 2025-08-15 23:14:20,219 log 7 139739951957696 Bad Request: /health/
WARNING 2025-08-15 23:14:20,220 basehttp 7 139739951957696 "GET /health/ HTTP/1.1" 400 143
ERROR 2025-08-15 23:14:50,321 exception 7 139739951957696 Invalid HTTP_HOST header: 'localhost:8000'. You may need to add 'localhost' to ALLOWED_HOSTS.
Traceback (most recent call last):
  File "/usr/local/lib/python3.12/site-packages/django/core/handlers/exception.py", line 55, in inner
    response = get_response(request)
               ^^^^^^^^^^^^^^^^^^^^^
  File "/usr/local/lib/python3.12/site-packages/django/utils/deprecation.py", line 119, in __call__
    response = self.process_request(request)
               ^^^^^^^^^^^^^^^^^^^^^^^^^^^^^
  File "/usr/local/lib/python3.12/site-packages/django/middleware/security.py", line 28, in process_request
    host = self.redirect_host or request.get_host()
                                 ^^^^^^^^^^^^^^^^^^
  File "/usr/local/lib/python3.12/site-packages/django/http/request.py", line 186, in get_host
    raise DisallowedHost(msg)
django.core.exceptions.DisallowedHost: Invalid HTTP_HOST header: 'localhost:8000'. You may need to add 'localhost' to ALLOWED_HOSTS.
WARNING 2025-08-15 23:14:50,326 log 7 139739951957696 Bad Request: /health/
WARNING 2025-08-15 23:14:50,326 basehttp 7 139739951957696 "GET /health/ HTTP/1.1" 400 143
INFO 2025-08-15 23:15:41,051 autoreload 7 140170094037888 Watching for file changes with StatReloader
ERROR 2025-08-15 23:15:43,832 exception 7 140169983465152 Invalid HTTP_HOST header: 'localhost:8000'. You may need to add 'localhost' to ALLOWED_HOSTS.
Traceback (most recent call last):
  File "/usr/local/lib/python3.12/site-packages/django/core/handlers/exception.py", line 55, in inner
    response = get_response(request)
               ^^^^^^^^^^^^^^^^^^^^^
  File "/usr/local/lib/python3.12/site-packages/django/utils/deprecation.py", line 119, in __call__
    response = self.process_request(request)
               ^^^^^^^^^^^^^^^^^^^^^^^^^^^^^
  File "/usr/local/lib/python3.12/site-packages/django/middleware/security.py", line 28, in process_request
    host = self.redirect_host or request.get_host()
                                 ^^^^^^^^^^^^^^^^^^
  File "/usr/local/lib/python3.12/site-packages/django/http/request.py", line 186, in get_host
    raise DisallowedHost(msg)
django.core.exceptions.DisallowedHost: Invalid HTTP_HOST header: 'localhost:8000'. You may need to add 'localhost' to ALLOWED_HOSTS.
WARNING 2025-08-15 23:15:43,835 log 7 140169983465152 Bad Request: /health/
WARNING 2025-08-15 23:15:43,837 basehttp 7 140169983465152 "GET /health/ HTTP/1.1" 400 143
ERROR 2025-08-15 23:16:13,895 exception 7 140169983465152 Invalid HTTP_HOST header: 'localhost:8000'. You may need to add 'localhost' to ALLOWED_HOSTS.
Traceback (most recent call last):
  File "/usr/local/lib/python3.12/site-packages/django/core/handlers/exception.py", line 55, in inner
    response = get_response(request)
               ^^^^^^^^^^^^^^^^^^^^^
  File "/usr/local/lib/python3.12/site-packages/django/utils/deprecation.py", line 119, in __call__
    response = self.process_request(request)
               ^^^^^^^^^^^^^^^^^^^^^^^^^^^^^
  File "/usr/local/lib/python3.12/site-packages/django/middleware/security.py", line 28, in process_request
    host = self.redirect_host or request.get_host()
                                 ^^^^^^^^^^^^^^^^^^
  File "/usr/local/lib/python3.12/site-packages/django/http/request.py", line 186, in get_host
    raise DisallowedHost(msg)
django.core.exceptions.DisallowedHost: Invalid HTTP_HOST header: 'localhost:8000'. You may need to add 'localhost' to ALLOWED_HOSTS.
WARNING 2025-08-15 23:16:13,897 log 7 140169983465152 Bad Request: /health/
WARNING 2025-08-15 23:16:13,898 basehttp 7 140169983465152 "GET /health/ HTTP/1.1" 400 143
ERROR 2025-08-15 23:16:43,953 exception 7 140169983465152 Invalid HTTP_HOST header: 'localhost:8000'. You may need to add 'localhost' to ALLOWED_HOSTS.
Traceback (most recent call last):
  File "/usr/local/lib/python3.12/site-packages/django/core/handlers/exception.py", line 55, in inner
    response = get_response(request)
               ^^^^^^^^^^^^^^^^^^^^^
  File "/usr/local/lib/python3.12/site-packages/django/utils/deprecation.py", line 119, in __call__
    response = self.process_request(request)
               ^^^^^^^^^^^^^^^^^^^^^^^^^^^^^
  File "/usr/local/lib/python3.12/site-packages/django/middleware/security.py", line 28, in process_request
    host = self.redirect_host or request.get_host()
                                 ^^^^^^^^^^^^^^^^^^
  File "/usr/local/lib/python3.12/site-packages/django/http/request.py", line 186, in get_host
    raise DisallowedHost(msg)
django.core.exceptions.DisallowedHost: Invalid HTTP_HOST header: 'localhost:8000'. You may need to add 'localhost' to ALLOWED_HOSTS.
WARNING 2025-08-15 23:16:43,956 log 7 140169983465152 Bad Request: /health/
WARNING 2025-08-15 23:16:43,958 basehttp 7 140169983465152 "GET /health/ HTTP/1.1" 400 143
ERROR 2025-08-15 23:17:14,036 exception 7 140169983465152 Invalid HTTP_HOST header: 'localhost:8000'. You may need to add 'localhost' to ALLOWED_HOSTS.
Traceback (most recent call last):
  File "/usr/local/lib/python3.12/site-packages/django/core/handlers/exception.py", line 55, in inner
    response = get_response(request)
               ^^^^^^^^^^^^^^^^^^^^^
  File "/usr/local/lib/python3.12/site-packages/django/utils/deprecation.py", line 119, in __call__
    response = self.process_request(request)
               ^^^^^^^^^^^^^^^^^^^^^^^^^^^^^
  File "/usr/local/lib/python3.12/site-packages/django/middleware/security.py", line 28, in process_request
    host = self.redirect_host or request.get_host()
                                 ^^^^^^^^^^^^^^^^^^
  File "/usr/local/lib/python3.12/site-packages/django/http/request.py", line 186, in get_host
    raise DisallowedHost(msg)
django.core.exceptions.DisallowedHost: Invalid HTTP_HOST header: 'localhost:8000'. You may need to add 'localhost' to ALLOWED_HOSTS.
WARNING 2025-08-15 23:17:14,040 log 7 140169983465152 Bad Request: /health/
WARNING 2025-08-15 23:17:14,041 basehttp 7 140169983465152 "GET /health/ HTTP/1.1" 400 143
ERROR 2025-08-15 23:17:44,114 exception 7 140169983465152 Invalid HTTP_HOST header: 'localhost:8000'. You may need to add 'localhost' to ALLOWED_HOSTS.
Traceback (most recent call last):
  File "/usr/local/lib/python3.12/site-packages/django/core/handlers/exception.py", line 55, in inner
    response = get_response(request)
               ^^^^^^^^^^^^^^^^^^^^^
  File "/usr/local/lib/python3.12/site-packages/django/utils/deprecation.py", line 119, in __call__
    response = self.process_request(request)
               ^^^^^^^^^^^^^^^^^^^^^^^^^^^^^
  File "/usr/local/lib/python3.12/site-packages/django/middleware/security.py", line 28, in process_request
    host = self.redirect_host or request.get_host()
                                 ^^^^^^^^^^^^^^^^^^
  File "/usr/local/lib/python3.12/site-packages/django/http/request.py", line 186, in get_host
    raise DisallowedHost(msg)
django.core.exceptions.DisallowedHost: Invalid HTTP_HOST header: 'localhost:8000'. You may need to add 'localhost' to ALLOWED_HOSTS.
WARNING 2025-08-15 23:17:44,116 log 7 140169983465152 Bad Request: /health/
WARNING 2025-08-15 23:17:44,117 basehttp 7 140169983465152 "GET /health/ HTTP/1.1" 400 143
ERROR 2025-08-15 23:18:11,907 exception 7 140169983465152 Invalid HTTP_HOST header: 'localhost:8000'. You may need to add 'localhost' to ALLOWED_HOSTS.
Traceback (most recent call last):
  File "/usr/local/lib/python3.12/site-packages/django/core/handlers/exception.py", line 55, in inner
    response = get_response(request)
               ^^^^^^^^^^^^^^^^^^^^^
  File "/usr/local/lib/python3.12/site-packages/django/utils/deprecation.py", line 119, in __call__
    response = self.process_request(request)
               ^^^^^^^^^^^^^^^^^^^^^^^^^^^^^
  File "/usr/local/lib/python3.12/site-packages/django/middleware/security.py", line 28, in process_request
    host = self.redirect_host or request.get_host()
                                 ^^^^^^^^^^^^^^^^^^
  File "/usr/local/lib/python3.12/site-packages/django/http/request.py", line 186, in get_host
    raise DisallowedHost(msg)
django.core.exceptions.DisallowedHost: Invalid HTTP_HOST header: 'localhost:8000'. You may need to add 'localhost' to ALLOWED_HOSTS.
WARNING 2025-08-15 23:18:11,909 log 7 140169983465152 Bad Request: /
WARNING 2025-08-15 23:18:11,910 basehttp 7 140169983465152 "GET / HTTP/1.1" 400 143
ERROR 2025-08-15 23:18:12,096 exception 7 140169983465152 Invalid HTTP_HOST header: 'localhost:8000'. You may need to add 'localhost' to ALLOWED_HOSTS.
Traceback (most recent call last):
  File "/usr/local/lib/python3.12/site-packages/django/core/handlers/exception.py", line 55, in inner
    response = get_response(request)
               ^^^^^^^^^^^^^^^^^^^^^
  File "/usr/local/lib/python3.12/site-packages/django/utils/deprecation.py", line 119, in __call__
    response = self.process_request(request)
               ^^^^^^^^^^^^^^^^^^^^^^^^^^^^^
  File "/usr/local/lib/python3.12/site-packages/django/middleware/security.py", line 28, in process_request
    host = self.redirect_host or request.get_host()
                                 ^^^^^^^^^^^^^^^^^^
  File "/usr/local/lib/python3.12/site-packages/django/http/request.py", line 186, in get_host
    raise DisallowedHost(msg)
django.core.exceptions.DisallowedHost: Invalid HTTP_HOST header: 'localhost:8000'. You may need to add 'localhost' to ALLOWED_HOSTS.
WARNING 2025-08-15 23:18:12,098 log 7 140169983465152 Bad Request: /favicon.ico
WARNING 2025-08-15 23:18:12,099 basehttp 7 140169983465152 "GET /favicon.ico HTTP/1.1" 400 143
ERROR 2025-08-15 23:18:14,179 exception 7 140169983465152 Invalid HTTP_HOST header: 'localhost:8000'. You may need to add 'localhost' to ALLOWED_HOSTS.
Traceback (most recent call last):
  File "/usr/local/lib/python3.12/site-packages/django/core/handlers/exception.py", line 55, in inner
    response = get_response(request)
               ^^^^^^^^^^^^^^^^^^^^^
  File "/usr/local/lib/python3.12/site-packages/django/utils/deprecation.py", line 119, in __call__
    response = self.process_request(request)
               ^^^^^^^^^^^^^^^^^^^^^^^^^^^^^
  File "/usr/local/lib/python3.12/site-packages/django/middleware/security.py", line 28, in process_request
    host = self.redirect_host or request.get_host()
                                 ^^^^^^^^^^^^^^^^^^
  File "/usr/local/lib/python3.12/site-packages/django/http/request.py", line 186, in get_host
    raise DisallowedHost(msg)
django.core.exceptions.DisallowedHost: Invalid HTTP_HOST header: 'localhost:8000'. You may need to add 'localhost' to ALLOWED_HOSTS.
WARNING 2025-08-15 23:18:14,182 log 7 140169983465152 Bad Request: /health/
WARNING 2025-08-15 23:18:14,183 basehttp 7 140169983465152 "GET /health/ HTTP/1.1" 400 143
ERROR 2025-08-15 23:18:15,550 exception 7 140169975072448 Invalid HTTP_HOST header: 'localhost:8000'. You may need to add 'localhost' to ALLOWED_HOSTS.
Traceback (most recent call last):
  File "/usr/local/lib/python3.12/site-packages/django/core/handlers/exception.py", line 55, in inner
    response = get_response(request)
               ^^^^^^^^^^^^^^^^^^^^^
  File "/usr/local/lib/python3.12/site-packages/django/utils/deprecation.py", line 119, in __call__
    response = self.process_request(request)
               ^^^^^^^^^^^^^^^^^^^^^^^^^^^^^
  File "/usr/local/lib/python3.12/site-packages/django/middleware/security.py", line 28, in process_request
    host = self.redirect_host or request.get_host()
                                 ^^^^^^^^^^^^^^^^^^
  File "/usr/local/lib/python3.12/site-packages/django/http/request.py", line 186, in get_host
    raise DisallowedHost(msg)
django.core.exceptions.DisallowedHost: Invalid HTTP_HOST header: 'localhost:8000'. You may need to add 'localhost' to ALLOWED_HOSTS.
WARNING 2025-08-15 23:18:15,554 log 7 140169975072448 Bad Request: /
WARNING 2025-08-15 23:18:15,555 basehttp 7 140169975072448 "GET / HTTP/1.1" 400 143
ERROR 2025-08-15 23:18:15,595 exception 7 140169975072448 Invalid HTTP_HOST header: 'localhost:8000'. You may need to add 'localhost' to ALLOWED_HOSTS.
Traceback (most recent call last):
  File "/usr/local/lib/python3.12/site-packages/django/core/handlers/exception.py", line 55, in inner
    response = get_response(request)
               ^^^^^^^^^^^^^^^^^^^^^
  File "/usr/local/lib/python3.12/site-packages/django/utils/deprecation.py", line 119, in __call__
    response = self.process_request(request)
               ^^^^^^^^^^^^^^^^^^^^^^^^^^^^^
  File "/usr/local/lib/python3.12/site-packages/django/middleware/security.py", line 28, in process_request
    host = self.redirect_host or request.get_host()
                                 ^^^^^^^^^^^^^^^^^^
  File "/usr/local/lib/python3.12/site-packages/django/http/request.py", line 186, in get_host
    raise DisallowedHost(msg)
django.core.exceptions.DisallowedHost: Invalid HTTP_HOST header: 'localhost:8000'. You may need to add 'localhost' to ALLOWED_HOSTS.
WARNING 2025-08-15 23:18:15,597 log 7 140169975072448 Bad Request: /favicon.ico
WARNING 2025-08-15 23:18:15,599 basehttp 7 140169975072448 "GET /favicon.ico HTTP/1.1" 400 143
ERROR 2025-08-15 23:18:44,243 exception 7 140169975072448 Invalid HTTP_HOST header: 'localhost:8000'. You may need to add 'localhost' to ALLOWED_HOSTS.
Traceback (most recent call last):
  File "/usr/local/lib/python3.12/site-packages/django/core/handlers/exception.py", line 55, in inner
    response = get_response(request)
               ^^^^^^^^^^^^^^^^^^^^^
  File "/usr/local/lib/python3.12/site-packages/django/utils/deprecation.py", line 119, in __call__
    response = self.process_request(request)
               ^^^^^^^^^^^^^^^^^^^^^^^^^^^^^
  File "/usr/local/lib/python3.12/site-packages/django/middleware/security.py", line 28, in process_request
    host = self.redirect_host or request.get_host()
                                 ^^^^^^^^^^^^^^^^^^
  File "/usr/local/lib/python3.12/site-packages/django/http/request.py", line 186, in get_host
    raise DisallowedHost(msg)
django.core.exceptions.DisallowedHost: Invalid HTTP_HOST header: 'localhost:8000'. You may need to add 'localhost' to ALLOWED_HOSTS.
WARNING 2025-08-15 23:18:44,246 log 7 140169975072448 Bad Request: /health/
WARNING 2025-08-15 23:18:44,246 basehttp 7 140169975072448 "GET /health/ HTTP/1.1" 400 143
ERROR 2025-08-15 23:18:48,927 exception 7 140169975072448 Invalid HTTP_HOST header: 'localhost:8000'. You may need to add 'localhost' to ALLOWED_HOSTS.
Traceback (most recent call last):
  File "/usr/local/lib/python3.12/site-packages/django/core/handlers/exception.py", line 55, in inner
    response = get_response(request)
               ^^^^^^^^^^^^^^^^^^^^^
  File "/usr/local/lib/python3.12/site-packages/django/utils/deprecation.py", line 119, in __call__
    response = self.process_request(request)
               ^^^^^^^^^^^^^^^^^^^^^^^^^^^^^
  File "/usr/local/lib/python3.12/site-packages/django/middleware/security.py", line 28, in process_request
    host = self.redirect_host or request.get_host()
                                 ^^^^^^^^^^^^^^^^^^
  File "/usr/local/lib/python3.12/site-packages/django/http/request.py", line 186, in get_host
    raise DisallowedHost(msg)
django.core.exceptions.DisallowedHost: Invalid HTTP_HOST header: 'localhost:8000'. You may need to add 'localhost' to ALLOWED_HOSTS.
WARNING 2025-08-15 23:18:48,932 log 7 140169975072448 Bad Request: /
WARNING 2025-08-15 23:18:48,933 basehttp 7 140169975072448 "GET / HTTP/1.1" 400 143
ERROR 2025-08-15 23:18:49,084 exception 7 140169975072448 Invalid HTTP_HOST header: 'localhost:8000'. You may need to add 'localhost' to ALLOWED_HOSTS.
Traceback (most recent call last):
  File "/usr/local/lib/python3.12/site-packages/django/core/handlers/exception.py", line 55, in inner
    response = get_response(request)
               ^^^^^^^^^^^^^^^^^^^^^
  File "/usr/local/lib/python3.12/site-packages/django/utils/deprecation.py", line 119, in __call__
    response = self.process_request(request)
               ^^^^^^^^^^^^^^^^^^^^^^^^^^^^^
  File "/usr/local/lib/python3.12/site-packages/django/middleware/security.py", line 28, in process_request
    host = self.redirect_host or request.get_host()
                                 ^^^^^^^^^^^^^^^^^^
  File "/usr/local/lib/python3.12/site-packages/django/http/request.py", line 186, in get_host
    raise DisallowedHost(msg)
django.core.exceptions.DisallowedHost: Invalid HTTP_HOST header: 'localhost:8000'. You may need to add 'localhost' to ALLOWED_HOSTS.
WARNING 2025-08-15 23:18:49,090 log 7 140169975072448 Bad Request: /favicon.ico
WARNING 2025-08-15 23:18:49,092 basehttp 7 140169975072448 "GET /favicon.ico HTTP/1.1" 400 143
ERROR 2025-08-15 23:19:14,336 exception 7 140169975072448 Invalid HTTP_HOST header: 'localhost:8000'. You may need to add 'localhost' to ALLOWED_HOSTS.
Traceback (most recent call last):
  File "/usr/local/lib/python3.12/site-packages/django/core/handlers/exception.py", line 55, in inner
    response = get_response(request)
               ^^^^^^^^^^^^^^^^^^^^^
  File "/usr/local/lib/python3.12/site-packages/django/utils/deprecation.py", line 119, in __call__
    response = self.process_request(request)
               ^^^^^^^^^^^^^^^^^^^^^^^^^^^^^
  File "/usr/local/lib/python3.12/site-packages/django/middleware/security.py", line 28, in process_request
    host = self.redirect_host or request.get_host()
                                 ^^^^^^^^^^^^^^^^^^
  File "/usr/local/lib/python3.12/site-packages/django/http/request.py", line 186, in get_host
    raise DisallowedHost(msg)
django.core.exceptions.DisallowedHost: Invalid HTTP_HOST header: 'localhost:8000'. You may need to add 'localhost' to ALLOWED_HOSTS.
WARNING 2025-08-15 23:19:14,338 log 7 140169975072448 Bad Request: /health/
WARNING 2025-08-15 23:19:14,338 basehttp 7 140169975072448 "GET /health/ HTTP/1.1" 400 143
ERROR 2025-08-15 23:19:44,427 exception 7 140169975072448 Invalid HTTP_HOST header: 'localhost:8000'. You may need to add 'localhost' to ALLOWED_HOSTS.
Traceback (most recent call last):
  File "/usr/local/lib/python3.12/site-packages/django/core/handlers/exception.py", line 55, in inner
    response = get_response(request)
               ^^^^^^^^^^^^^^^^^^^^^
  File "/usr/local/lib/python3.12/site-packages/django/utils/deprecation.py", line 119, in __call__
    response = self.process_request(request)
               ^^^^^^^^^^^^^^^^^^^^^^^^^^^^^
  File "/usr/local/lib/python3.12/site-packages/django/middleware/security.py", line 28, in process_request
    host = self.redirect_host or request.get_host()
                                 ^^^^^^^^^^^^^^^^^^
  File "/usr/local/lib/python3.12/site-packages/django/http/request.py", line 186, in get_host
    raise DisallowedHost(msg)
django.core.exceptions.DisallowedHost: Invalid HTTP_HOST header: 'localhost:8000'. You may need to add 'localhost' to ALLOWED_HOSTS.
WARNING 2025-08-15 23:19:44,431 log 7 140169975072448 Bad Request: /health/
WARNING 2025-08-15 23:19:44,433 basehttp 7 140169975072448 "GET /health/ HTTP/1.1" 400 143
ERROR 2025-08-15 23:20:14,486 exception 7 140169975072448 Invalid HTTP_HOST header: 'localhost:8000'. You may need to add 'localhost' to ALLOWED_HOSTS.
Traceback (most recent call last):
  File "/usr/local/lib/python3.12/site-packages/django/core/handlers/exception.py", line 55, in inner
    response = get_response(request)
               ^^^^^^^^^^^^^^^^^^^^^
  File "/usr/local/lib/python3.12/site-packages/django/utils/deprecation.py", line 119, in __call__
    response = self.process_request(request)
               ^^^^^^^^^^^^^^^^^^^^^^^^^^^^^
  File "/usr/local/lib/python3.12/site-packages/django/middleware/security.py", line 28, in process_request
    host = self.redirect_host or request.get_host()
                                 ^^^^^^^^^^^^^^^^^^
  File "/usr/local/lib/python3.12/site-packages/django/http/request.py", line 186, in get_host
    raise DisallowedHost(msg)
django.core.exceptions.DisallowedHost: Invalid HTTP_HOST header: 'localhost:8000'. You may need to add 'localhost' to ALLOWED_HOSTS.
WARNING 2025-08-15 23:20:14,489 log 7 140169975072448 Bad Request: /health/
WARNING 2025-08-15 23:20:14,490 basehttp 7 140169975072448 "GET /health/ HTTP/1.1" 400 143
ERROR 2025-08-15 23:20:44,574 exception 7 140169975072448 Invalid HTTP_HOST header: 'localhost:8000'. You may need to add 'localhost' to ALLOWED_HOSTS.
Traceback (most recent call last):
  File "/usr/local/lib/python3.12/site-packages/django/core/handlers/exception.py", line 55, in inner
    response = get_response(request)
               ^^^^^^^^^^^^^^^^^^^^^
  File "/usr/local/lib/python3.12/site-packages/django/utils/deprecation.py", line 119, in __call__
    response = self.process_request(request)
               ^^^^^^^^^^^^^^^^^^^^^^^^^^^^^
  File "/usr/local/lib/python3.12/site-packages/django/middleware/security.py", line 28, in process_request
    host = self.redirect_host or request.get_host()
                                 ^^^^^^^^^^^^^^^^^^
  File "/usr/local/lib/python3.12/site-packages/django/http/request.py", line 186, in get_host
    raise DisallowedHost(msg)
django.core.exceptions.DisallowedHost: Invalid HTTP_HOST header: 'localhost:8000'. You may need to add 'localhost' to ALLOWED_HOSTS.
WARNING 2025-08-15 23:20:44,576 log 7 140169975072448 Bad Request: /health/
WARNING 2025-08-15 23:20:44,577 basehttp 7 140169975072448 "GET /health/ HTTP/1.1" 400 143
ERROR 2025-08-15 23:21:14,667 exception 7 140169975072448 Invalid HTTP_HOST header: 'localhost:8000'. You may need to add 'localhost' to ALLOWED_HOSTS.
Traceback (most recent call last):
  File "/usr/local/lib/python3.12/site-packages/django/core/handlers/exception.py", line 55, in inner
    response = get_response(request)
               ^^^^^^^^^^^^^^^^^^^^^
  File "/usr/local/lib/python3.12/site-packages/django/utils/deprecation.py", line 119, in __call__
    response = self.process_request(request)
               ^^^^^^^^^^^^^^^^^^^^^^^^^^^^^
  File "/usr/local/lib/python3.12/site-packages/django/middleware/security.py", line 28, in process_request
    host = self.redirect_host or request.get_host()
                                 ^^^^^^^^^^^^^^^^^^
  File "/usr/local/lib/python3.12/site-packages/django/http/request.py", line 186, in get_host
    raise DisallowedHost(msg)
django.core.exceptions.DisallowedHost: Invalid HTTP_HOST header: 'localhost:8000'. You may need to add 'localhost' to ALLOWED_HOSTS.
WARNING 2025-08-15 23:21:14,670 log 7 140169975072448 Bad Request: /health/
WARNING 2025-08-15 23:21:14,671 basehttp 7 140169975072448 "GET /health/ HTTP/1.1" 400 143
INFO 2025-08-15 23:21:33,984 autoreload 7 140581638650752 Watching for file changes with StatReloader
ERROR 2025-08-15 23:21:36,963 exception 7 140581460244160 Invalid HTTP_HOST header: 'localhost:8000'. You may need to add 'localhost' to ALLOWED_HOSTS.
Traceback (most recent call last):
  File "/usr/local/lib/python3.12/site-packages/django/core/handlers/exception.py", line 55, in inner
    response = get_response(request)
               ^^^^^^^^^^^^^^^^^^^^^
  File "/usr/local/lib/python3.12/site-packages/django/utils/deprecation.py", line 119, in __call__
    response = self.process_request(request)
               ^^^^^^^^^^^^^^^^^^^^^^^^^^^^^
  File "/usr/local/lib/python3.12/site-packages/django/middleware/security.py", line 28, in process_request
    host = self.redirect_host or request.get_host()
                                 ^^^^^^^^^^^^^^^^^^
  File "/usr/local/lib/python3.12/site-packages/django/http/request.py", line 186, in get_host
    raise DisallowedHost(msg)
django.core.exceptions.DisallowedHost: Invalid HTTP_HOST header: 'localhost:8000'. You may need to add 'localhost' to ALLOWED_HOSTS.
WARNING 2025-08-15 23:21:36,969 log 7 140581460244160 Bad Request: /health/
WARNING 2025-08-15 23:21:36,970 basehttp 7 140581460244160 "GET /health/ HTTP/1.1" 400 143
ERROR 2025-08-15 23:21:47,173 exception 7 140581460244160 Invalid HTTP_HOST header: 'localhost:8000'. You may need to add 'localhost' to ALLOWED_HOSTS.
Traceback (most recent call last):
  File "/usr/local/lib/python3.12/site-packages/django/core/handlers/exception.py", line 55, in inner
    response = get_response(request)
               ^^^^^^^^^^^^^^^^^^^^^
  File "/usr/local/lib/python3.12/site-packages/django/utils/deprecation.py", line 119, in __call__
    response = self.process_request(request)
               ^^^^^^^^^^^^^^^^^^^^^^^^^^^^^
  File "/usr/local/lib/python3.12/site-packages/django/middleware/security.py", line 28, in process_request
    host = self.redirect_host or request.get_host()
                                 ^^^^^^^^^^^^^^^^^^
  File "/usr/local/lib/python3.12/site-packages/django/http/request.py", line 186, in get_host
    raise DisallowedHost(msg)
django.core.exceptions.DisallowedHost: Invalid HTTP_HOST header: 'localhost:8000'. You may need to add 'localhost' to ALLOWED_HOSTS.
WARNING 2025-08-15 23:21:47,176 log 7 140581460244160 Bad Request: /
WARNING 2025-08-15 23:21:47,177 basehttp 7 140581460244160 "GET / HTTP/1.1" 400 143
ERROR 2025-08-15 23:21:47,224 exception 7 140581451851456 Invalid HTTP_HOST header: 'localhost:8000'. You may need to add 'localhost' to ALLOWED_HOSTS.
Traceback (most recent call last):
  File "/usr/local/lib/python3.12/site-packages/django/core/handlers/exception.py", line 55, in inner
    response = get_response(request)
               ^^^^^^^^^^^^^^^^^^^^^
  File "/usr/local/lib/python3.12/site-packages/django/utils/deprecation.py", line 119, in __call__
    response = self.process_request(request)
               ^^^^^^^^^^^^^^^^^^^^^^^^^^^^^
  File "/usr/local/lib/python3.12/site-packages/django/middleware/security.py", line 28, in process_request
    host = self.redirect_host or request.get_host()
                                 ^^^^^^^^^^^^^^^^^^
  File "/usr/local/lib/python3.12/site-packages/django/http/request.py", line 186, in get_host
    raise DisallowedHost(msg)
django.core.exceptions.DisallowedHost: Invalid HTTP_HOST header: 'localhost:8000'. You may need to add 'localhost' to ALLOWED_HOSTS.
WARNING 2025-08-15 23:21:47,226 log 7 140581451851456 Bad Request: /favicon.ico
WARNING 2025-08-15 23:21:47,227 basehttp 7 140581451851456 "GET /favicon.ico HTTP/1.1" 400 143
ERROR 2025-08-15 23:21:48,370 exception 7 140581451851456 Invalid HTTP_HOST header: 'localhost:8000'. You may need to add 'localhost' to ALLOWED_HOSTS.
Traceback (most recent call last):
  File "/usr/local/lib/python3.12/site-packages/django/core/handlers/exception.py", line 55, in inner
    response = get_response(request)
               ^^^^^^^^^^^^^^^^^^^^^
  File "/usr/local/lib/python3.12/site-packages/django/utils/deprecation.py", line 119, in __call__
    response = self.process_request(request)
               ^^^^^^^^^^^^^^^^^^^^^^^^^^^^^
  File "/usr/local/lib/python3.12/site-packages/django/middleware/security.py", line 28, in process_request
    host = self.redirect_host or request.get_host()
                                 ^^^^^^^^^^^^^^^^^^
  File "/usr/local/lib/python3.12/site-packages/django/http/request.py", line 186, in get_host
    raise DisallowedHost(msg)
django.core.exceptions.DisallowedHost: Invalid HTTP_HOST header: 'localhost:8000'. You may need to add 'localhost' to ALLOWED_HOSTS.
WARNING 2025-08-15 23:21:48,373 log 7 140581451851456 Bad Request: /
WARNING 2025-08-15 23:21:48,375 basehttp 7 140581451851456 "GET / HTTP/1.1" 400 143
ERROR 2025-08-15 23:21:48,411 exception 7 140581460244160 Invalid HTTP_HOST header: 'localhost:8000'. You may need to add 'localhost' to ALLOWED_HOSTS.
Traceback (most recent call last):
  File "/usr/local/lib/python3.12/site-packages/django/core/handlers/exception.py", line 55, in inner
    response = get_response(request)
               ^^^^^^^^^^^^^^^^^^^^^
  File "/usr/local/lib/python3.12/site-packages/django/utils/deprecation.py", line 119, in __call__
    response = self.process_request(request)
               ^^^^^^^^^^^^^^^^^^^^^^^^^^^^^
  File "/usr/local/lib/python3.12/site-packages/django/middleware/security.py", line 28, in process_request
    host = self.redirect_host or request.get_host()
                                 ^^^^^^^^^^^^^^^^^^
  File "/usr/local/lib/python3.12/site-packages/django/http/request.py", line 186, in get_host
    raise DisallowedHost(msg)
django.core.exceptions.DisallowedHost: Invalid HTTP_HOST header: 'localhost:8000'. You may need to add 'localhost' to ALLOWED_HOSTS.
WARNING 2025-08-15 23:21:48,414 log 7 140581460244160 Bad Request: /favicon.ico
WARNING 2025-08-15 23:21:48,416 basehttp 7 140581460244160 "GET /favicon.ico HTTP/1.1" 400 143
ERROR 2025-08-15 23:21:48,988 exception 7 140581460244160 Invalid HTTP_HOST header: 'localhost:8000'. You may need to add 'localhost' to ALLOWED_HOSTS.
Traceback (most recent call last):
  File "/usr/local/lib/python3.12/site-packages/django/core/handlers/exception.py", line 55, in inner
    response = get_response(request)
               ^^^^^^^^^^^^^^^^^^^^^
  File "/usr/local/lib/python3.12/site-packages/django/utils/deprecation.py", line 119, in __call__
    response = self.process_request(request)
               ^^^^^^^^^^^^^^^^^^^^^^^^^^^^^
  File "/usr/local/lib/python3.12/site-packages/django/middleware/security.py", line 28, in process_request
    host = self.redirect_host or request.get_host()
                                 ^^^^^^^^^^^^^^^^^^
  File "/usr/local/lib/python3.12/site-packages/django/http/request.py", line 186, in get_host
    raise DisallowedHost(msg)
django.core.exceptions.DisallowedHost: Invalid HTTP_HOST header: 'localhost:8000'. You may need to add 'localhost' to ALLOWED_HOSTS.
WARNING 2025-08-15 23:21:48,992 log 7 140581460244160 Bad Request: /
WARNING 2025-08-15 23:21:48,996 basehttp 7 140581460244160 "GET / HTTP/1.1" 400 143
ERROR 2025-08-15 23:21:49,047 exception 7 140581451851456 Invalid HTTP_HOST header: 'localhost:8000'. You may need to add 'localhost' to ALLOWED_HOSTS.
Traceback (most recent call last):
  File "/usr/local/lib/python3.12/site-packages/django/core/handlers/exception.py", line 55, in inner
    response = get_response(request)
               ^^^^^^^^^^^^^^^^^^^^^
  File "/usr/local/lib/python3.12/site-packages/django/utils/deprecation.py", line 119, in __call__
    response = self.process_request(request)
               ^^^^^^^^^^^^^^^^^^^^^^^^^^^^^
  File "/usr/local/lib/python3.12/site-packages/django/middleware/security.py", line 28, in process_request
    host = self.redirect_host or request.get_host()
                                 ^^^^^^^^^^^^^^^^^^
  File "/usr/local/lib/python3.12/site-packages/django/http/request.py", line 186, in get_host
    raise DisallowedHost(msg)
django.core.exceptions.DisallowedHost: Invalid HTTP_HOST header: 'localhost:8000'. You may need to add 'localhost' to ALLOWED_HOSTS.
WARNING 2025-08-15 23:21:49,050 log 7 140581451851456 Bad Request: /favicon.ico
WARNING 2025-08-15 23:21:49,052 basehttp 7 140581451851456 "GET /favicon.ico HTTP/1.1" 400 143
ERROR 2025-08-15 23:21:49,278 exception 7 140581451851456 Invalid HTTP_HOST header: 'localhost:8000'. You may need to add 'localhost' to ALLOWED_HOSTS.
Traceback (most recent call last):
  File "/usr/local/lib/python3.12/site-packages/django/core/handlers/exception.py", line 55, in inner
    response = get_response(request)
               ^^^^^^^^^^^^^^^^^^^^^
  File "/usr/local/lib/python3.12/site-packages/django/utils/deprecation.py", line 119, in __call__
    response = self.process_request(request)
               ^^^^^^^^^^^^^^^^^^^^^^^^^^^^^
  File "/usr/local/lib/python3.12/site-packages/django/middleware/security.py", line 28, in process_request
    host = self.redirect_host or request.get_host()
                                 ^^^^^^^^^^^^^^^^^^
  File "/usr/local/lib/python3.12/site-packages/django/http/request.py", line 186, in get_host
    raise DisallowedHost(msg)
django.core.exceptions.DisallowedHost: Invalid HTTP_HOST header: 'localhost:8000'. You may need to add 'localhost' to ALLOWED_HOSTS.
WARNING 2025-08-15 23:21:49,283 log 7 140581451851456 Bad Request: /
WARNING 2025-08-15 23:21:49,284 basehttp 7 140581451851456 "GET / HTTP/1.1" 400 143
ERROR 2025-08-15 23:21:49,310 exception 7 140581451851456 Invalid HTTP_HOST header: 'localhost:8000'. You may need to add 'localhost' to ALLOWED_HOSTS.
Traceback (most recent call last):
  File "/usr/local/lib/python3.12/site-packages/django/core/handlers/exception.py", line 55, in inner
    response = get_response(request)
               ^^^^^^^^^^^^^^^^^^^^^
  File "/usr/local/lib/python3.12/site-packages/django/utils/deprecation.py", line 119, in __call__
    response = self.process_request(request)
               ^^^^^^^^^^^^^^^^^^^^^^^^^^^^^
  File "/usr/local/lib/python3.12/site-packages/django/middleware/security.py", line 28, in process_request
    host = self.redirect_host or request.get_host()
                                 ^^^^^^^^^^^^^^^^^^
  File "/usr/local/lib/python3.12/site-packages/django/http/request.py", line 186, in get_host
    raise DisallowedHost(msg)
django.core.exceptions.DisallowedHost: Invalid HTTP_HOST header: 'localhost:8000'. You may need to add 'localhost' to ALLOWED_HOSTS.
WARNING 2025-08-15 23:21:49,312 log 7 140581451851456 Bad Request: /favicon.ico
WARNING 2025-08-15 23:21:49,314 basehttp 7 140581451851456 "GET /favicon.ico HTTP/1.1" 400 143
ERROR 2025-08-15 23:21:49,491 exception 7 140581451851456 Invalid HTTP_HOST header: 'localhost:8000'. You may need to add 'localhost' to ALLOWED_HOSTS.
Traceback (most recent call last):
  File "/usr/local/lib/python3.12/site-packages/django/core/handlers/exception.py", line 55, in inner
    response = get_response(request)
               ^^^^^^^^^^^^^^^^^^^^^
  File "/usr/local/lib/python3.12/site-packages/django/utils/deprecation.py", line 119, in __call__
    response = self.process_request(request)
               ^^^^^^^^^^^^^^^^^^^^^^^^^^^^^
  File "/usr/local/lib/python3.12/site-packages/django/middleware/security.py", line 28, in process_request
    host = self.redirect_host or request.get_host()
                                 ^^^^^^^^^^^^^^^^^^
  File "/usr/local/lib/python3.12/site-packages/django/http/request.py", line 186, in get_host
    raise DisallowedHost(msg)
django.core.exceptions.DisallowedHost: Invalid HTTP_HOST header: 'localhost:8000'. You may need to add 'localhost' to ALLOWED_HOSTS.
WARNING 2025-08-15 23:21:49,495 log 7 140581451851456 Bad Request: /
WARNING 2025-08-15 23:21:49,496 basehttp 7 140581451851456 "GET / HTTP/1.1" 400 143
ERROR 2025-08-15 23:21:49,535 exception 7 140581460244160 Invalid HTTP_HOST header: 'localhost:8000'. You may need to add 'localhost' to ALLOWED_HOSTS.
Traceback (most recent call last):
  File "/usr/local/lib/python3.12/site-packages/django/core/handlers/exception.py", line 55, in inner
    response = get_response(request)
               ^^^^^^^^^^^^^^^^^^^^^
  File "/usr/local/lib/python3.12/site-packages/django/utils/deprecation.py", line 119, in __call__
    response = self.process_request(request)
               ^^^^^^^^^^^^^^^^^^^^^^^^^^^^^
  File "/usr/local/lib/python3.12/site-packages/django/middleware/security.py", line 28, in process_request
    host = self.redirect_host or request.get_host()
                                 ^^^^^^^^^^^^^^^^^^
  File "/usr/local/lib/python3.12/site-packages/django/http/request.py", line 186, in get_host
    raise DisallowedHost(msg)
django.core.exceptions.DisallowedHost: Invalid HTTP_HOST header: 'localhost:8000'. You may need to add 'localhost' to ALLOWED_HOSTS.
WARNING 2025-08-15 23:21:49,537 log 7 140581460244160 Bad Request: /favicon.ico
WARNING 2025-08-15 23:21:49,538 basehttp 7 140581460244160 "GET /favicon.ico HTTP/1.1" 400 143
ERROR 2025-08-15 23:21:49,716 exception 7 140581460244160 Invalid HTTP_HOST header: 'localhost:8000'. You may need to add 'localhost' to ALLOWED_HOSTS.
Traceback (most recent call last):
  File "/usr/local/lib/python3.12/site-packages/django/core/handlers/exception.py", line 55, in inner
    response = get_response(request)
               ^^^^^^^^^^^^^^^^^^^^^
  File "/usr/local/lib/python3.12/site-packages/django/utils/deprecation.py", line 119, in __call__
    response = self.process_request(request)
               ^^^^^^^^^^^^^^^^^^^^^^^^^^^^^
  File "/usr/local/lib/python3.12/site-packages/django/middleware/security.py", line 28, in process_request
    host = self.redirect_host or request.get_host()
                                 ^^^^^^^^^^^^^^^^^^
  File "/usr/local/lib/python3.12/site-packages/django/http/request.py", line 186, in get_host
    raise DisallowedHost(msg)
django.core.exceptions.DisallowedHost: Invalid HTTP_HOST header: 'localhost:8000'. You may need to add 'localhost' to ALLOWED_HOSTS.
WARNING 2025-08-15 23:21:49,719 log 7 140581460244160 Bad Request: /
WARNING 2025-08-15 23:21:49,720 basehttp 7 140581460244160 "GET / HTTP/1.1" 400 143
ERROR 2025-08-15 23:21:49,742 exception 7 140581451851456 Invalid HTTP_HOST header: 'localhost:8000'. You may need to add 'localhost' to ALLOWED_HOSTS.
Traceback (most recent call last):
  File "/usr/local/lib/python3.12/site-packages/django/core/handlers/exception.py", line 55, in inner
    response = get_response(request)
               ^^^^^^^^^^^^^^^^^^^^^
  File "/usr/local/lib/python3.12/site-packages/django/utils/deprecation.py", line 119, in __call__
    response = self.process_request(request)
               ^^^^^^^^^^^^^^^^^^^^^^^^^^^^^
  File "/usr/local/lib/python3.12/site-packages/django/middleware/security.py", line 28, in process_request
    host = self.redirect_host or request.get_host()
                                 ^^^^^^^^^^^^^^^^^^
  File "/usr/local/lib/python3.12/site-packages/django/http/request.py", line 186, in get_host
    raise DisallowedHost(msg)
django.core.exceptions.DisallowedHost: Invalid HTTP_HOST header: 'localhost:8000'. You may need to add 'localhost' to ALLOWED_HOSTS.
WARNING 2025-08-15 23:21:49,745 log 7 140581451851456 Bad Request: /favicon.ico
WARNING 2025-08-15 23:21:49,745 basehttp 7 140581451851456 "GET /favicon.ico HTTP/1.1" 400 143
ERROR 2025-08-15 23:21:49,900 exception 7 140581451851456 Invalid HTTP_HOST header: 'localhost:8000'. You may need to add 'localhost' to ALLOWED_HOSTS.
Traceback (most recent call last):
  File "/usr/local/lib/python3.12/site-packages/django/core/handlers/exception.py", line 55, in inner
    response = get_response(request)
               ^^^^^^^^^^^^^^^^^^^^^
  File "/usr/local/lib/python3.12/site-packages/django/utils/deprecation.py", line 119, in __call__
    response = self.process_request(request)
               ^^^^^^^^^^^^^^^^^^^^^^^^^^^^^
  File "/usr/local/lib/python3.12/site-packages/django/middleware/security.py", line 28, in process_request
    host = self.redirect_host or request.get_host()
                                 ^^^^^^^^^^^^^^^^^^
  File "/usr/local/lib/python3.12/site-packages/django/http/request.py", line 186, in get_host
    raise DisallowedHost(msg)
django.core.exceptions.DisallowedHost: Invalid HTTP_HOST header: 'localhost:8000'. You may need to add 'localhost' to ALLOWED_HOSTS.
WARNING 2025-08-15 23:21:49,903 log 7 140581451851456 Bad Request: /
WARNING 2025-08-15 23:21:49,904 basehttp 7 140581451851456 "GET / HTTP/1.1" 400 143
ERROR 2025-08-15 23:21:49,935 exception 7 140581460244160 Invalid HTTP_HOST header: 'localhost:8000'. You may need to add 'localhost' to ALLOWED_HOSTS.
Traceback (most recent call last):
  File "/usr/local/lib/python3.12/site-packages/django/core/handlers/exception.py", line 55, in inner
    response = get_response(request)
               ^^^^^^^^^^^^^^^^^^^^^
  File "/usr/local/lib/python3.12/site-packages/django/utils/deprecation.py", line 119, in __call__
    response = self.process_request(request)
               ^^^^^^^^^^^^^^^^^^^^^^^^^^^^^
  File "/usr/local/lib/python3.12/site-packages/django/middleware/security.py", line 28, in process_request
    host = self.redirect_host or request.get_host()
                                 ^^^^^^^^^^^^^^^^^^
  File "/usr/local/lib/python3.12/site-packages/django/http/request.py", line 186, in get_host
    raise DisallowedHost(msg)
django.core.exceptions.DisallowedHost: Invalid HTTP_HOST header: 'localhost:8000'. You may need to add 'localhost' to ALLOWED_HOSTS.
WARNING 2025-08-15 23:21:49,937 log 7 140581460244160 Bad Request: /favicon.ico
WARNING 2025-08-15 23:21:49,938 basehttp 7 140581460244160 "GET /favicon.ico HTTP/1.1" 400 143
ERROR 2025-08-15 23:21:50,095 exception 7 140581460244160 Invalid HTTP_HOST header: 'localhost:8000'. You may need to add 'localhost' to ALLOWED_HOSTS.
Traceback (most recent call last):
  File "/usr/local/lib/python3.12/site-packages/django/core/handlers/exception.py", line 55, in inner
    response = get_response(request)
               ^^^^^^^^^^^^^^^^^^^^^
  File "/usr/local/lib/python3.12/site-packages/django/utils/deprecation.py", line 119, in __call__
    response = self.process_request(request)
               ^^^^^^^^^^^^^^^^^^^^^^^^^^^^^
  File "/usr/local/lib/python3.12/site-packages/django/middleware/security.py", line 28, in process_request
    host = self.redirect_host or request.get_host()
                                 ^^^^^^^^^^^^^^^^^^
  File "/usr/local/lib/python3.12/site-packages/django/http/request.py", line 186, in get_host
    raise DisallowedHost(msg)
django.core.exceptions.DisallowedHost: Invalid HTTP_HOST header: 'localhost:8000'. You may need to add 'localhost' to ALLOWED_HOSTS.
WARNING 2025-08-15 23:21:50,100 log 7 140581460244160 Bad Request: /
WARNING 2025-08-15 23:21:50,102 basehttp 7 140581460244160 "GET / HTTP/1.1" 400 143
ERROR 2025-08-15 23:21:50,130 exception 7 140581451851456 Invalid HTTP_HOST header: 'localhost:8000'. You may need to add 'localhost' to ALLOWED_HOSTS.
Traceback (most recent call last):
  File "/usr/local/lib/python3.12/site-packages/django/core/handlers/exception.py", line 55, in inner
    response = get_response(request)
               ^^^^^^^^^^^^^^^^^^^^^
  File "/usr/local/lib/python3.12/site-packages/django/utils/deprecation.py", line 119, in __call__
    response = self.process_request(request)
               ^^^^^^^^^^^^^^^^^^^^^^^^^^^^^
  File "/usr/local/lib/python3.12/site-packages/django/middleware/security.py", line 28, in process_request
    host = self.redirect_host or request.get_host()
                                 ^^^^^^^^^^^^^^^^^^
  File "/usr/local/lib/python3.12/site-packages/django/http/request.py", line 186, in get_host
    raise DisallowedHost(msg)
django.core.exceptions.DisallowedHost: Invalid HTTP_HOST header: 'localhost:8000'. You may need to add 'localhost' to ALLOWED_HOSTS.
WARNING 2025-08-15 23:21:50,132 log 7 140581451851456 Bad Request: /favicon.ico
WARNING 2025-08-15 23:21:50,133 basehttp 7 140581451851456 "GET /favicon.ico HTTP/1.1" 400 143
ERROR 2025-08-15 23:21:50,301 exception 7 140581451851456 Invalid HTTP_HOST header: 'localhost:8000'. You may need to add 'localhost' to ALLOWED_HOSTS.
Traceback (most recent call last):
  File "/usr/local/lib/python3.12/site-packages/django/core/handlers/exception.py", line 55, in inner
    response = get_response(request)
               ^^^^^^^^^^^^^^^^^^^^^
  File "/usr/local/lib/python3.12/site-packages/django/utils/deprecation.py", line 119, in __call__
    response = self.process_request(request)
               ^^^^^^^^^^^^^^^^^^^^^^^^^^^^^
  File "/usr/local/lib/python3.12/site-packages/django/middleware/security.py", line 28, in process_request
    host = self.redirect_host or request.get_host()
                                 ^^^^^^^^^^^^^^^^^^
  File "/usr/local/lib/python3.12/site-packages/django/http/request.py", line 186, in get_host
    raise DisallowedHost(msg)
django.core.exceptions.DisallowedHost: Invalid HTTP_HOST header: 'localhost:8000'. You may need to add 'localhost' to ALLOWED_HOSTS.
WARNING 2025-08-15 23:21:50,303 log 7 140581451851456 Bad Request: /
WARNING 2025-08-15 23:21:50,304 basehttp 7 140581451851456 "GET / HTTP/1.1" 400 143
ERROR 2025-08-15 23:21:50,327 exception 7 140581451851456 Invalid HTTP_HOST header: 'localhost:8000'. You may need to add 'localhost' to ALLOWED_HOSTS.
Traceback (most recent call last):
  File "/usr/local/lib/python3.12/site-packages/django/core/handlers/exception.py", line 55, in inner
    response = get_response(request)
               ^^^^^^^^^^^^^^^^^^^^^
  File "/usr/local/lib/python3.12/site-packages/django/utils/deprecation.py", line 119, in __call__
    response = self.process_request(request)
               ^^^^^^^^^^^^^^^^^^^^^^^^^^^^^
  File "/usr/local/lib/python3.12/site-packages/django/middleware/security.py", line 28, in process_request
    host = self.redirect_host or request.get_host()
                                 ^^^^^^^^^^^^^^^^^^
  File "/usr/local/lib/python3.12/site-packages/django/http/request.py", line 186, in get_host
    raise DisallowedHost(msg)
django.core.exceptions.DisallowedHost: Invalid HTTP_HOST header: 'localhost:8000'. You may need to add 'localhost' to ALLOWED_HOSTS.
WARNING 2025-08-15 23:21:50,329 log 7 140581451851456 Bad Request: /favicon.ico
WARNING 2025-08-15 23:21:50,330 basehttp 7 140581451851456 "GET /favicon.ico HTTP/1.1" 400 143
ERROR 2025-08-15 23:21:50,496 exception 7 140581451851456 Invalid HTTP_HOST header: 'localhost:8000'. You may need to add 'localhost' to ALLOWED_HOSTS.
Traceback (most recent call last):
  File "/usr/local/lib/python3.12/site-packages/django/core/handlers/exception.py", line 55, in inner
    response = get_response(request)
               ^^^^^^^^^^^^^^^^^^^^^
  File "/usr/local/lib/python3.12/site-packages/django/utils/deprecation.py", line 119, in __call__
    response = self.process_request(request)
               ^^^^^^^^^^^^^^^^^^^^^^^^^^^^^
  File "/usr/local/lib/python3.12/site-packages/django/middleware/security.py", line 28, in process_request
    host = self.redirect_host or request.get_host()
                                 ^^^^^^^^^^^^^^^^^^
  File "/usr/local/lib/python3.12/site-packages/django/http/request.py", line 186, in get_host
    raise DisallowedHost(msg)
django.core.exceptions.DisallowedHost: Invalid HTTP_HOST header: 'localhost:8000'. You may need to add 'localhost' to ALLOWED_HOSTS.
WARNING 2025-08-15 23:21:50,500 log 7 140581451851456 Bad Request: /
WARNING 2025-08-15 23:21:50,503 basehttp 7 140581451851456 "GET / HTTP/1.1" 400 143
ERROR 2025-08-15 23:21:50,541 exception 7 140581460244160 Invalid HTTP_HOST header: 'localhost:8000'. You may need to add 'localhost' to ALLOWED_HOSTS.
Traceback (most recent call last):
  File "/usr/local/lib/python3.12/site-packages/django/core/handlers/exception.py", line 55, in inner
    response = get_response(request)
               ^^^^^^^^^^^^^^^^^^^^^
  File "/usr/local/lib/python3.12/site-packages/django/utils/deprecation.py", line 119, in __call__
    response = self.process_request(request)
               ^^^^^^^^^^^^^^^^^^^^^^^^^^^^^
  File "/usr/local/lib/python3.12/site-packages/django/middleware/security.py", line 28, in process_request
    host = self.redirect_host or request.get_host()
                                 ^^^^^^^^^^^^^^^^^^
  File "/usr/local/lib/python3.12/site-packages/django/http/request.py", line 186, in get_host
    raise DisallowedHost(msg)
django.core.exceptions.DisallowedHost: Invalid HTTP_HOST header: 'localhost:8000'. You may need to add 'localhost' to ALLOWED_HOSTS.
WARNING 2025-08-15 23:21:50,543 log 7 140581460244160 Bad Request: /favicon.ico
WARNING 2025-08-15 23:21:50,544 basehttp 7 140581460244160 "GET /favicon.ico HTTP/1.1" 400 143
ERROR 2025-08-15 23:21:50,709 exception 7 140581460244160 Invalid HTTP_HOST header: 'localhost:8000'. You may need to add 'localhost' to ALLOWED_HOSTS.
Traceback (most recent call last):
  File "/usr/local/lib/python3.12/site-packages/django/core/handlers/exception.py", line 55, in inner
    response = get_response(request)
               ^^^^^^^^^^^^^^^^^^^^^
  File "/usr/local/lib/python3.12/site-packages/django/utils/deprecation.py", line 119, in __call__
    response = self.process_request(request)
               ^^^^^^^^^^^^^^^^^^^^^^^^^^^^^
  File "/usr/local/lib/python3.12/site-packages/django/middleware/security.py", line 28, in process_request
    host = self.redirect_host or request.get_host()
                                 ^^^^^^^^^^^^^^^^^^
  File "/usr/local/lib/python3.12/site-packages/django/http/request.py", line 186, in get_host
    raise DisallowedHost(msg)
django.core.exceptions.DisallowedHost: Invalid HTTP_HOST header: 'localhost:8000'. You may need to add 'localhost' to ALLOWED_HOSTS.
WARNING 2025-08-15 23:21:50,714 log 7 140581460244160 Bad Request: /
WARNING 2025-08-15 23:21:50,719 basehttp 7 140581460244160 "GET / HTTP/1.1" 400 143
ERROR 2025-08-15 23:21:50,764 exception 7 140581451851456 Invalid HTTP_HOST header: 'localhost:8000'. You may need to add 'localhost' to ALLOWED_HOSTS.
Traceback (most recent call last):
  File "/usr/local/lib/python3.12/site-packages/django/core/handlers/exception.py", line 55, in inner
    response = get_response(request)
               ^^^^^^^^^^^^^^^^^^^^^
  File "/usr/local/lib/python3.12/site-packages/django/utils/deprecation.py", line 119, in __call__
    response = self.process_request(request)
               ^^^^^^^^^^^^^^^^^^^^^^^^^^^^^
  File "/usr/local/lib/python3.12/site-packages/django/middleware/security.py", line 28, in process_request
    host = self.redirect_host or request.get_host()
                                 ^^^^^^^^^^^^^^^^^^
  File "/usr/local/lib/python3.12/site-packages/django/http/request.py", line 186, in get_host
    raise DisallowedHost(msg)
django.core.exceptions.DisallowedHost: Invalid HTTP_HOST header: 'localhost:8000'. You may need to add 'localhost' to ALLOWED_HOSTS.
WARNING 2025-08-15 23:21:50,766 log 7 140581451851456 Bad Request: /favicon.ico
WARNING 2025-08-15 23:21:50,767 basehttp 7 140581451851456 "GET /favicon.ico HTTP/1.1" 400 143
ERROR 2025-08-15 23:21:55,375 exception 7 140581451851456 Invalid HTTP_HOST header: 'localhost:8000'. You may need to add 'localhost' to ALLOWED_HOSTS.
Traceback (most recent call last):
  File "/usr/local/lib/python3.12/site-packages/django/core/handlers/exception.py", line 55, in inner
    response = get_response(request)
               ^^^^^^^^^^^^^^^^^^^^^
  File "/usr/local/lib/python3.12/site-packages/django/utils/deprecation.py", line 119, in __call__
    response = self.process_request(request)
               ^^^^^^^^^^^^^^^^^^^^^^^^^^^^^
  File "/usr/local/lib/python3.12/site-packages/django/middleware/security.py", line 28, in process_request
    host = self.redirect_host or request.get_host()
                                 ^^^^^^^^^^^^^^^^^^
  File "/usr/local/lib/python3.12/site-packages/django/http/request.py", line 186, in get_host
    raise DisallowedHost(msg)
django.core.exceptions.DisallowedHost: Invalid HTTP_HOST header: 'localhost:8000'. You may need to add 'localhost' to ALLOWED_HOSTS.
WARNING 2025-08-15 23:21:55,379 log 7 140581451851456 Bad Request: /
WARNING 2025-08-15 23:21:55,380 basehttp 7 140581451851456 "GET / HTTP/1.1" 400 143
ERROR 2025-08-15 23:21:55,443 exception 7 140581451851456 Invalid HTTP_HOST header: 'localhost:8000'. You may need to add 'localhost' to ALLOWED_HOSTS.
Traceback (most recent call last):
  File "/usr/local/lib/python3.12/site-packages/django/core/handlers/exception.py", line 55, in inner
    response = get_response(request)
               ^^^^^^^^^^^^^^^^^^^^^
  File "/usr/local/lib/python3.12/site-packages/django/utils/deprecation.py", line 119, in __call__
    response = self.process_request(request)
               ^^^^^^^^^^^^^^^^^^^^^^^^^^^^^
  File "/usr/local/lib/python3.12/site-packages/django/middleware/security.py", line 28, in process_request
    host = self.redirect_host or request.get_host()
                                 ^^^^^^^^^^^^^^^^^^
  File "/usr/local/lib/python3.12/site-packages/django/http/request.py", line 186, in get_host
    raise DisallowedHost(msg)
django.core.exceptions.DisallowedHost: Invalid HTTP_HOST header: 'localhost:8000'. You may need to add 'localhost' to ALLOWED_HOSTS.
WARNING 2025-08-15 23:21:55,445 log 7 140581451851456 Bad Request: /favicon.ico
WARNING 2025-08-15 23:21:55,446 basehttp 7 140581451851456 "GET /favicon.ico HTTP/1.1" 400 143
ERROR 2025-08-15 23:22:07,072 exception 7 140581451851456 Invalid HTTP_HOST header: 'localhost:8000'. You may need to add 'localhost' to ALLOWED_HOSTS.
Traceback (most recent call last):
  File "/usr/local/lib/python3.12/site-packages/django/core/handlers/exception.py", line 55, in inner
    response = get_response(request)
               ^^^^^^^^^^^^^^^^^^^^^
  File "/usr/local/lib/python3.12/site-packages/django/utils/deprecation.py", line 119, in __call__
    response = self.process_request(request)
               ^^^^^^^^^^^^^^^^^^^^^^^^^^^^^
  File "/usr/local/lib/python3.12/site-packages/django/middleware/security.py", line 28, in process_request
    host = self.redirect_host or request.get_host()
                                 ^^^^^^^^^^^^^^^^^^
  File "/usr/local/lib/python3.12/site-packages/django/http/request.py", line 186, in get_host
    raise DisallowedHost(msg)
django.core.exceptions.DisallowedHost: Invalid HTTP_HOST header: 'localhost:8000'. You may need to add 'localhost' to ALLOWED_HOSTS.
WARNING 2025-08-15 23:22:07,074 log 7 140581451851456 Bad Request: /health/
WARNING 2025-08-15 23:22:07,075 basehttp 7 140581451851456 "GET /health/ HTTP/1.1" 400 143
ERROR 2025-08-15 23:22:25,203 exception 7 140581460244160 Invalid HTTP_HOST header: 'localhost:8000'. You may need to add 'localhost' to ALLOWED_HOSTS.
Traceback (most recent call last):
  File "/usr/local/lib/python3.12/site-packages/django/core/handlers/exception.py", line 55, in inner
    response = get_response(request)
               ^^^^^^^^^^^^^^^^^^^^^
  File "/usr/local/lib/python3.12/site-packages/django/utils/deprecation.py", line 119, in __call__
    response = self.process_request(request)
               ^^^^^^^^^^^^^^^^^^^^^^^^^^^^^
  File "/usr/local/lib/python3.12/site-packages/django/middleware/security.py", line 28, in process_request
    host = self.redirect_host or request.get_host()
                                 ^^^^^^^^^^^^^^^^^^
  File "/usr/local/lib/python3.12/site-packages/django/http/request.py", line 186, in get_host
    raise DisallowedHost(msg)
django.core.exceptions.DisallowedHost: Invalid HTTP_HOST header: 'localhost:8000'. You may need to add 'localhost' to ALLOWED_HOSTS.
WARNING 2025-08-15 23:22:25,206 log 7 140581460244160 Bad Request: /
WARNING 2025-08-15 23:22:25,207 basehttp 7 140581460244160 "GET / HTTP/1.1" 400 143
ERROR 2025-08-15 23:22:25,381 exception 7 140581460244160 Invalid HTTP_HOST header: 'localhost:8000'. You may need to add 'localhost' to ALLOWED_HOSTS.
Traceback (most recent call last):
  File "/usr/local/lib/python3.12/site-packages/django/core/handlers/exception.py", line 55, in inner
    response = get_response(request)
               ^^^^^^^^^^^^^^^^^^^^^
  File "/usr/local/lib/python3.12/site-packages/django/utils/deprecation.py", line 119, in __call__
    response = self.process_request(request)
               ^^^^^^^^^^^^^^^^^^^^^^^^^^^^^
  File "/usr/local/lib/python3.12/site-packages/django/middleware/security.py", line 28, in process_request
    host = self.redirect_host or request.get_host()
                                 ^^^^^^^^^^^^^^^^^^
  File "/usr/local/lib/python3.12/site-packages/django/http/request.py", line 186, in get_host
    raise DisallowedHost(msg)
django.core.exceptions.DisallowedHost: Invalid HTTP_HOST header: 'localhost:8000'. You may need to add 'localhost' to ALLOWED_HOSTS.
WARNING 2025-08-15 23:22:25,383 log 7 140581460244160 Bad Request: /favicon.ico
WARNING 2025-08-15 23:22:25,384 basehttp 7 140581460244160 "GET /favicon.ico HTTP/1.1" 400 143
ERROR 2025-08-15 23:22:30,742 exception 7 140581460244160 Invalid HTTP_HOST header: '127.0.0.1:8000'. You may need to add '127.0.0.1' to ALLOWED_HOSTS.
Traceback (most recent call last):
  File "/usr/local/lib/python3.12/site-packages/django/core/handlers/exception.py", line 55, in inner
    response = get_response(request)
               ^^^^^^^^^^^^^^^^^^^^^
  File "/usr/local/lib/python3.12/site-packages/django/utils/deprecation.py", line 119, in __call__
    response = self.process_request(request)
               ^^^^^^^^^^^^^^^^^^^^^^^^^^^^^
  File "/usr/local/lib/python3.12/site-packages/django/middleware/security.py", line 28, in process_request
    host = self.redirect_host or request.get_host()
                                 ^^^^^^^^^^^^^^^^^^
  File "/usr/local/lib/python3.12/site-packages/django/http/request.py", line 186, in get_host
    raise DisallowedHost(msg)
django.core.exceptions.DisallowedHost: Invalid HTTP_HOST header: '127.0.0.1:8000'. You may need to add '127.0.0.1' to ALLOWED_HOSTS.
WARNING 2025-08-15 23:22:30,744 log 7 140581460244160 Bad Request: /
WARNING 2025-08-15 23:22:30,745 basehttp 7 140581460244160 "GET / HTTP/1.1" 400 143
ERROR 2025-08-15 23:22:30,895 exception 7 140581460244160 Invalid HTTP_HOST header: '127.0.0.1:8000'. You may need to add '127.0.0.1' to ALLOWED_HOSTS.
Traceback (most recent call last):
  File "/usr/local/lib/python3.12/site-packages/django/core/handlers/exception.py", line 55, in inner
    response = get_response(request)
               ^^^^^^^^^^^^^^^^^^^^^
  File "/usr/local/lib/python3.12/site-packages/django/utils/deprecation.py", line 119, in __call__
    response = self.process_request(request)
               ^^^^^^^^^^^^^^^^^^^^^^^^^^^^^
  File "/usr/local/lib/python3.12/site-packages/django/middleware/security.py", line 28, in process_request
    host = self.redirect_host or request.get_host()
                                 ^^^^^^^^^^^^^^^^^^
  File "/usr/local/lib/python3.12/site-packages/django/http/request.py", line 186, in get_host
    raise DisallowedHost(msg)
django.core.exceptions.DisallowedHost: Invalid HTTP_HOST header: '127.0.0.1:8000'. You may need to add '127.0.0.1' to ALLOWED_HOSTS.
WARNING 2025-08-15 23:22:30,897 log 7 140581460244160 Bad Request: /favicon.ico
WARNING 2025-08-15 23:22:30,898 basehttp 7 140581460244160 "GET /favicon.ico HTTP/1.1" 400 143
ERROR 2025-08-15 23:22:37,124 exception 7 140581460244160 Invalid HTTP_HOST header: 'localhost:8000'. You may need to add 'localhost' to ALLOWED_HOSTS.
Traceback (most recent call last):
  File "/usr/local/lib/python3.12/site-packages/django/core/handlers/exception.py", line 55, in inner
    response = get_response(request)
               ^^^^^^^^^^^^^^^^^^^^^
  File "/usr/local/lib/python3.12/site-packages/django/utils/deprecation.py", line 119, in __call__
    response = self.process_request(request)
               ^^^^^^^^^^^^^^^^^^^^^^^^^^^^^
  File "/usr/local/lib/python3.12/site-packages/django/middleware/security.py", line 28, in process_request
    host = self.redirect_host or request.get_host()
                                 ^^^^^^^^^^^^^^^^^^
  File "/usr/local/lib/python3.12/site-packages/django/http/request.py", line 186, in get_host
    raise DisallowedHost(msg)
django.core.exceptions.DisallowedHost: Invalid HTTP_HOST header: 'localhost:8000'. You may need to add 'localhost' to ALLOWED_HOSTS.
WARNING 2025-08-15 23:22:37,126 log 7 140581460244160 Bad Request: /health/
WARNING 2025-08-15 23:22:37,127 basehttp 7 140581460244160 "GET /health/ HTTP/1.1" 400 143
ERROR 2025-08-15 23:23:07,170 exception 7 140581460244160 Invalid HTTP_HOST header: 'localhost:8000'. You may need to add 'localhost' to ALLOWED_HOSTS.
Traceback (most recent call last):
  File "/usr/local/lib/python3.12/site-packages/django/core/handlers/exception.py", line 55, in inner
    response = get_response(request)
               ^^^^^^^^^^^^^^^^^^^^^
  File "/usr/local/lib/python3.12/site-packages/django/utils/deprecation.py", line 119, in __call__
    response = self.process_request(request)
               ^^^^^^^^^^^^^^^^^^^^^^^^^^^^^
  File "/usr/local/lib/python3.12/site-packages/django/middleware/security.py", line 28, in process_request
    host = self.redirect_host or request.get_host()
                                 ^^^^^^^^^^^^^^^^^^
  File "/usr/local/lib/python3.12/site-packages/django/http/request.py", line 186, in get_host
    raise DisallowedHost(msg)
django.core.exceptions.DisallowedHost: Invalid HTTP_HOST header: 'localhost:8000'. You may need to add 'localhost' to ALLOWED_HOSTS.
WARNING 2025-08-15 23:23:07,172 log 7 140581460244160 Bad Request: /health/
WARNING 2025-08-15 23:23:07,172 basehttp 7 140581460244160 "GET /health/ HTTP/1.1" 400 143
ERROR 2025-08-15 23:23:37,256 exception 7 140581460244160 Invalid HTTP_HOST header: 'localhost:8000'. You may need to add 'localhost' to ALLOWED_HOSTS.
Traceback (most recent call last):
  File "/usr/local/lib/python3.12/site-packages/django/core/handlers/exception.py", line 55, in inner
    response = get_response(request)
               ^^^^^^^^^^^^^^^^^^^^^
  File "/usr/local/lib/python3.12/site-packages/django/utils/deprecation.py", line 119, in __call__
    response = self.process_request(request)
               ^^^^^^^^^^^^^^^^^^^^^^^^^^^^^
  File "/usr/local/lib/python3.12/site-packages/django/middleware/security.py", line 28, in process_request
    host = self.redirect_host or request.get_host()
                                 ^^^^^^^^^^^^^^^^^^
  File "/usr/local/lib/python3.12/site-packages/django/http/request.py", line 186, in get_host
    raise DisallowedHost(msg)
django.core.exceptions.DisallowedHost: Invalid HTTP_HOST header: 'localhost:8000'. You may need to add 'localhost' to ALLOWED_HOSTS.
WARNING 2025-08-15 23:23:37,259 log 7 140581460244160 Bad Request: /health/
WARNING 2025-08-15 23:23:37,260 basehttp 7 140581460244160 "GET /health/ HTTP/1.1" 400 143
ERROR 2025-08-15 23:24:07,342 exception 7 140581460244160 Invalid HTTP_HOST header: 'localhost:8000'. You may need to add 'localhost' to ALLOWED_HOSTS.
Traceback (most recent call last):
  File "/usr/local/lib/python3.12/site-packages/django/core/handlers/exception.py", line 55, in inner
    response = get_response(request)
               ^^^^^^^^^^^^^^^^^^^^^
  File "/usr/local/lib/python3.12/site-packages/django/utils/deprecation.py", line 119, in __call__
    response = self.process_request(request)
               ^^^^^^^^^^^^^^^^^^^^^^^^^^^^^
  File "/usr/local/lib/python3.12/site-packages/django/middleware/security.py", line 28, in process_request
    host = self.redirect_host or request.get_host()
                                 ^^^^^^^^^^^^^^^^^^
  File "/usr/local/lib/python3.12/site-packages/django/http/request.py", line 186, in get_host
    raise DisallowedHost(msg)
django.core.exceptions.DisallowedHost: Invalid HTTP_HOST header: 'localhost:8000'. You may need to add 'localhost' to ALLOWED_HOSTS.
WARNING 2025-08-15 23:24:07,345 log 7 140581460244160 Bad Request: /health/
WARNING 2025-08-15 23:24:07,346 basehttp 7 140581460244160 "GET /health/ HTTP/1.1" 400 143
ERROR 2025-08-15 23:24:37,384 exception 7 140581460244160 Invalid HTTP_HOST header: 'localhost:8000'. You may need to add 'localhost' to ALLOWED_HOSTS.
Traceback (most recent call last):
  File "/usr/local/lib/python3.12/site-packages/django/core/handlers/exception.py", line 55, in inner
    response = get_response(request)
               ^^^^^^^^^^^^^^^^^^^^^
  File "/usr/local/lib/python3.12/site-packages/django/utils/deprecation.py", line 119, in __call__
    response = self.process_request(request)
               ^^^^^^^^^^^^^^^^^^^^^^^^^^^^^
  File "/usr/local/lib/python3.12/site-packages/django/middleware/security.py", line 28, in process_request
    host = self.redirect_host or request.get_host()
                                 ^^^^^^^^^^^^^^^^^^
  File "/usr/local/lib/python3.12/site-packages/django/http/request.py", line 186, in get_host
    raise DisallowedHost(msg)
django.core.exceptions.DisallowedHost: Invalid HTTP_HOST header: 'localhost:8000'. You may need to add 'localhost' to ALLOWED_HOSTS.
WARNING 2025-08-15 23:24:37,386 log 7 140581460244160 Bad Request: /health/
WARNING 2025-08-15 23:24:37,387 basehttp 7 140581460244160 "GET /health/ HTTP/1.1" 400 143
INFO 2025-08-15 23:25:20,430 autoreload 8 140598883756928 Watching for file changes with StatReloader
ERROR 2025-08-15 23:25:23,293 exception 8 140598705297088 Invalid HTTP_HOST header: 'localhost:8000'. You may need to add 'localhost' to ALLOWED_HOSTS.
Traceback (most recent call last):
  File "/usr/local/lib/python3.12/site-packages/django/core/handlers/exception.py", line 55, in inner
    response = get_response(request)
               ^^^^^^^^^^^^^^^^^^^^^
  File "/usr/local/lib/python3.12/site-packages/django/utils/deprecation.py", line 119, in __call__
    response = self.process_request(request)
               ^^^^^^^^^^^^^^^^^^^^^^^^^^^^^
  File "/usr/local/lib/python3.12/site-packages/django/middleware/security.py", line 28, in process_request
    host = self.redirect_host or request.get_host()
                                 ^^^^^^^^^^^^^^^^^^
  File "/usr/local/lib/python3.12/site-packages/django/http/request.py", line 186, in get_host
    raise DisallowedHost(msg)
django.core.exceptions.DisallowedHost: Invalid HTTP_HOST header: 'localhost:8000'. You may need to add 'localhost' to ALLOWED_HOSTS.
WARNING 2025-08-15 23:25:23,297 log 8 140598705297088 Bad Request: /health/
WARNING 2025-08-15 23:25:23,297 basehttp 8 140598705297088 "GET /health/ HTTP/1.1" 400 143
ERROR 2025-08-15 23:25:53,400 exception 8 140598705297088 Invalid HTTP_HOST header: 'localhost:8000'. You may need to add 'localhost' to ALLOWED_HOSTS.
Traceback (most recent call last):
  File "/usr/local/lib/python3.12/site-packages/django/core/handlers/exception.py", line 55, in inner
    response = get_response(request)
               ^^^^^^^^^^^^^^^^^^^^^
  File "/usr/local/lib/python3.12/site-packages/django/utils/deprecation.py", line 119, in __call__
    response = self.process_request(request)
               ^^^^^^^^^^^^^^^^^^^^^^^^^^^^^
  File "/usr/local/lib/python3.12/site-packages/django/middleware/security.py", line 28, in process_request
    host = self.redirect_host or request.get_host()
                                 ^^^^^^^^^^^^^^^^^^
  File "/usr/local/lib/python3.12/site-packages/django/http/request.py", line 186, in get_host
    raise DisallowedHost(msg)
django.core.exceptions.DisallowedHost: Invalid HTTP_HOST header: 'localhost:8000'. You may need to add 'localhost' to ALLOWED_HOSTS.
WARNING 2025-08-15 23:25:53,402 log 8 140598705297088 Bad Request: /health/
WARNING 2025-08-15 23:25:53,403 basehttp 8 140598705297088 "GET /health/ HTTP/1.1" 400 143
ERROR 2025-08-15 23:26:23,449 exception 8 140598705297088 Invalid HTTP_HOST header: 'localhost:8000'. You may need to add 'localhost' to ALLOWED_HOSTS.
Traceback (most recent call last):
  File "/usr/local/lib/python3.12/site-packages/django/core/handlers/exception.py", line 55, in inner
    response = get_response(request)
               ^^^^^^^^^^^^^^^^^^^^^
  File "/usr/local/lib/python3.12/site-packages/django/utils/deprecation.py", line 119, in __call__
    response = self.process_request(request)
               ^^^^^^^^^^^^^^^^^^^^^^^^^^^^^
  File "/usr/local/lib/python3.12/site-packages/django/middleware/security.py", line 28, in process_request
    host = self.redirect_host or request.get_host()
                                 ^^^^^^^^^^^^^^^^^^
  File "/usr/local/lib/python3.12/site-packages/django/http/request.py", line 186, in get_host
    raise DisallowedHost(msg)
django.core.exceptions.DisallowedHost: Invalid HTTP_HOST header: 'localhost:8000'. You may need to add 'localhost' to ALLOWED_HOSTS.
WARNING 2025-08-15 23:26:23,452 log 8 140598705297088 Bad Request: /health/
WARNING 2025-08-15 23:26:23,453 basehttp 8 140598705297088 "GET /health/ HTTP/1.1" 400 143
ERROR 2025-08-15 23:26:48,800 exception 8 140598705297088 Invalid HTTP_HOST header: 'localhost:8000'. You may need to add 'localhost' to ALLOWED_HOSTS.
Traceback (most recent call last):
  File "/usr/local/lib/python3.12/site-packages/django/core/handlers/exception.py", line 55, in inner
    response = get_response(request)
               ^^^^^^^^^^^^^^^^^^^^^
  File "/usr/local/lib/python3.12/site-packages/django/utils/deprecation.py", line 119, in __call__
    response = self.process_request(request)
               ^^^^^^^^^^^^^^^^^^^^^^^^^^^^^
  File "/usr/local/lib/python3.12/site-packages/django/middleware/security.py", line 28, in process_request
    host = self.redirect_host or request.get_host()
                                 ^^^^^^^^^^^^^^^^^^
  File "/usr/local/lib/python3.12/site-packages/django/http/request.py", line 186, in get_host
    raise DisallowedHost(msg)
django.core.exceptions.DisallowedHost: Invalid HTTP_HOST header: 'localhost:8000'. You may need to add 'localhost' to ALLOWED_HOSTS.
WARNING 2025-08-15 23:26:48,802 log 8 140598705297088 Bad Request: /
WARNING 2025-08-15 23:26:48,803 basehttp 8 140598705297088 "GET / HTTP/1.1" 400 143
ERROR 2025-08-15 23:26:48,991 exception 8 140598705297088 Invalid HTTP_HOST header: 'localhost:8000'. You may need to add 'localhost' to ALLOWED_HOSTS.
Traceback (most recent call last):
  File "/usr/local/lib/python3.12/site-packages/django/core/handlers/exception.py", line 55, in inner
    response = get_response(request)
               ^^^^^^^^^^^^^^^^^^^^^
  File "/usr/local/lib/python3.12/site-packages/django/utils/deprecation.py", line 119, in __call__
    response = self.process_request(request)
               ^^^^^^^^^^^^^^^^^^^^^^^^^^^^^
  File "/usr/local/lib/python3.12/site-packages/django/middleware/security.py", line 28, in process_request
    host = self.redirect_host or request.get_host()
                                 ^^^^^^^^^^^^^^^^^^
  File "/usr/local/lib/python3.12/site-packages/django/http/request.py", line 186, in get_host
    raise DisallowedHost(msg)
django.core.exceptions.DisallowedHost: Invalid HTTP_HOST header: 'localhost:8000'. You may need to add 'localhost' to ALLOWED_HOSTS.
WARNING 2025-08-15 23:26:48,993 log 8 140598705297088 Bad Request: /favicon.ico
WARNING 2025-08-15 23:26:48,995 basehttp 8 140598705297088 "GET /favicon.ico HTTP/1.1" 400 143
ERROR 2025-08-15 23:26:53,563 exception 8 140598705297088 Invalid HTTP_HOST header: 'localhost:8000'. You may need to add 'localhost' to ALLOWED_HOSTS.
Traceback (most recent call last):
  File "/usr/local/lib/python3.12/site-packages/django/core/handlers/exception.py", line 55, in inner
    response = get_response(request)
               ^^^^^^^^^^^^^^^^^^^^^
  File "/usr/local/lib/python3.12/site-packages/django/utils/deprecation.py", line 119, in __call__
    response = self.process_request(request)
               ^^^^^^^^^^^^^^^^^^^^^^^^^^^^^
  File "/usr/local/lib/python3.12/site-packages/django/middleware/security.py", line 28, in process_request
    host = self.redirect_host or request.get_host()
                                 ^^^^^^^^^^^^^^^^^^
  File "/usr/local/lib/python3.12/site-packages/django/http/request.py", line 186, in get_host
    raise DisallowedHost(msg)
django.core.exceptions.DisallowedHost: Invalid HTTP_HOST header: 'localhost:8000'. You may need to add 'localhost' to ALLOWED_HOSTS.
WARNING 2025-08-15 23:26:53,565 log 8 140598705297088 Bad Request: /health/
WARNING 2025-08-15 23:26:53,566 basehttp 8 140598705297088 "GET /health/ HTTP/1.1" 400 143
ERROR 2025-08-15 23:27:03,293 exception 8 140598705297088 Invalid HTTP_HOST header: '127.0.0.1:8000'. You may need to add '127.0.0.1' to ALLOWED_HOSTS.
Traceback (most recent call last):
  File "/usr/local/lib/python3.12/site-packages/django/core/handlers/exception.py", line 55, in inner
    response = get_response(request)
               ^^^^^^^^^^^^^^^^^^^^^
  File "/usr/local/lib/python3.12/site-packages/django/utils/deprecation.py", line 119, in __call__
    response = self.process_request(request)
               ^^^^^^^^^^^^^^^^^^^^^^^^^^^^^
  File "/usr/local/lib/python3.12/site-packages/django/middleware/security.py", line 28, in process_request
    host = self.redirect_host or request.get_host()
                                 ^^^^^^^^^^^^^^^^^^
  File "/usr/local/lib/python3.12/site-packages/django/http/request.py", line 186, in get_host
    raise DisallowedHost(msg)
django.core.exceptions.DisallowedHost: Invalid HTTP_HOST header: '127.0.0.1:8000'. You may need to add '127.0.0.1' to ALLOWED_HOSTS.
WARNING 2025-08-15 23:27:03,295 log 8 140598705297088 Bad Request: /
WARNING 2025-08-15 23:27:03,296 basehttp 8 140598705297088 "GET / HTTP/1.1" 400 143
ERROR 2025-08-15 23:27:03,444 exception 8 140598705297088 Invalid HTTP_HOST header: '127.0.0.1:8000'. You may need to add '127.0.0.1' to ALLOWED_HOSTS.
Traceback (most recent call last):
  File "/usr/local/lib/python3.12/site-packages/django/core/handlers/exception.py", line 55, in inner
    response = get_response(request)
               ^^^^^^^^^^^^^^^^^^^^^
  File "/usr/local/lib/python3.12/site-packages/django/utils/deprecation.py", line 119, in __call__
    response = self.process_request(request)
               ^^^^^^^^^^^^^^^^^^^^^^^^^^^^^
  File "/usr/local/lib/python3.12/site-packages/django/middleware/security.py", line 28, in process_request
    host = self.redirect_host or request.get_host()
                                 ^^^^^^^^^^^^^^^^^^
  File "/usr/local/lib/python3.12/site-packages/django/http/request.py", line 186, in get_host
    raise DisallowedHost(msg)
django.core.exceptions.DisallowedHost: Invalid HTTP_HOST header: '127.0.0.1:8000'. You may need to add '127.0.0.1' to ALLOWED_HOSTS.
WARNING 2025-08-15 23:27:03,446 log 8 140598705297088 Bad Request: /favicon.ico
WARNING 2025-08-15 23:27:03,447 basehttp 8 140598705297088 "GET /favicon.ico HTTP/1.1" 400 143
ERROR 2025-08-15 23:27:23,635 exception 8 140598705297088 Invalid HTTP_HOST header: 'localhost:8000'. You may need to add 'localhost' to ALLOWED_HOSTS.
Traceback (most recent call last):
  File "/usr/local/lib/python3.12/site-packages/django/core/handlers/exception.py", line 55, in inner
    response = get_response(request)
               ^^^^^^^^^^^^^^^^^^^^^
  File "/usr/local/lib/python3.12/site-packages/django/utils/deprecation.py", line 119, in __call__
    response = self.process_request(request)
               ^^^^^^^^^^^^^^^^^^^^^^^^^^^^^
  File "/usr/local/lib/python3.12/site-packages/django/middleware/security.py", line 28, in process_request
    host = self.redirect_host or request.get_host()
                                 ^^^^^^^^^^^^^^^^^^
  File "/usr/local/lib/python3.12/site-packages/django/http/request.py", line 186, in get_host
    raise DisallowedHost(msg)
django.core.exceptions.DisallowedHost: Invalid HTTP_HOST header: 'localhost:8000'. You may need to add 'localhost' to ALLOWED_HOSTS.
WARNING 2025-08-15 23:27:23,638 log 8 140598705297088 Bad Request: /health/
WARNING 2025-08-15 23:27:23,639 basehttp 8 140598705297088 "GET /health/ HTTP/1.1" 400 143
ERROR 2025-08-15 23:27:45,942 exception 8 140598705297088 Invalid HTTP_HOST header: 'localhost'. You may need to add 'localhost' to ALLOWED_HOSTS.
Traceback (most recent call last):
  File "/usr/local/lib/python3.12/site-packages/django/core/handlers/exception.py", line 55, in inner
    response = get_response(request)
               ^^^^^^^^^^^^^^^^^^^^^
  File "/usr/local/lib/python3.12/site-packages/django/utils/deprecation.py", line 119, in __call__
    response = self.process_request(request)
               ^^^^^^^^^^^^^^^^^^^^^^^^^^^^^
  File "/usr/local/lib/python3.12/site-packages/django/middleware/security.py", line 28, in process_request
    host = self.redirect_host or request.get_host()
                                 ^^^^^^^^^^^^^^^^^^
  File "/usr/local/lib/python3.12/site-packages/django/http/request.py", line 186, in get_host
    raise DisallowedHost(msg)
django.core.exceptions.DisallowedHost: Invalid HTTP_HOST header: 'localhost'. You may need to add 'localhost' to ALLOWED_HOSTS.
WARNING 2025-08-15 23:27:45,945 log 8 140598705297088 Bad Request: /
WARNING 2025-08-15 23:27:45,947 basehttp 8 140598705297088 "GET / HTTP/1.0" 400 143
ERROR 2025-08-15 23:27:46,168 exception 8 140598705297088 Invalid HTTP_HOST header: 'localhost'. You may need to add 'localhost' to ALLOWED_HOSTS.
Traceback (most recent call last):
  File "/usr/local/lib/python3.12/site-packages/django/core/handlers/exception.py", line 55, in inner
    response = get_response(request)
               ^^^^^^^^^^^^^^^^^^^^^
  File "/usr/local/lib/python3.12/site-packages/django/utils/deprecation.py", line 119, in __call__
    response = self.process_request(request)
               ^^^^^^^^^^^^^^^^^^^^^^^^^^^^^
  File "/usr/local/lib/python3.12/site-packages/django/middleware/security.py", line 28, in process_request
    host = self.redirect_host or request.get_host()
                                 ^^^^^^^^^^^^^^^^^^
  File "/usr/local/lib/python3.12/site-packages/django/http/request.py", line 186, in get_host
    raise DisallowedHost(msg)
django.core.exceptions.DisallowedHost: Invalid HTTP_HOST header: 'localhost'. You may need to add 'localhost' to ALLOWED_HOSTS.
WARNING 2025-08-15 23:27:46,171 log 8 140598705297088 Bad Request: /favicon.ico
WARNING 2025-08-15 23:27:46,172 basehttp 8 140598705297088 "GET /favicon.ico HTTP/1.0" 400 143
ERROR 2025-08-15 23:27:53,725 exception 8 140598705297088 Invalid HTTP_HOST header: 'localhost:8000'. You may need to add 'localhost' to ALLOWED_HOSTS.
Traceback (most recent call last):
  File "/usr/local/lib/python3.12/site-packages/django/core/handlers/exception.py", line 55, in inner
    response = get_response(request)
               ^^^^^^^^^^^^^^^^^^^^^
  File "/usr/local/lib/python3.12/site-packages/django/utils/deprecation.py", line 119, in __call__
    response = self.process_request(request)
               ^^^^^^^^^^^^^^^^^^^^^^^^^^^^^
  File "/usr/local/lib/python3.12/site-packages/django/middleware/security.py", line 28, in process_request
    host = self.redirect_host or request.get_host()
                                 ^^^^^^^^^^^^^^^^^^
  File "/usr/local/lib/python3.12/site-packages/django/http/request.py", line 186, in get_host
    raise DisallowedHost(msg)
django.core.exceptions.DisallowedHost: Invalid HTTP_HOST header: 'localhost:8000'. You may need to add 'localhost' to ALLOWED_HOSTS.
WARNING 2025-08-15 23:27:53,728 log 8 140598705297088 Bad Request: /health/
WARNING 2025-08-15 23:27:53,729 basehttp 8 140598705297088 "GET /health/ HTTP/1.1" 400 143
ERROR 2025-08-15 23:28:23,782 exception 8 140598688511680 Invalid HTTP_HOST header: 'localhost:8000'. You may need to add 'localhost' to ALLOWED_HOSTS.
Traceback (most recent call last):
  File "/usr/local/lib/python3.12/site-packages/django/core/handlers/exception.py", line 55, in inner
    response = get_response(request)
               ^^^^^^^^^^^^^^^^^^^^^
  File "/usr/local/lib/python3.12/site-packages/django/utils/deprecation.py", line 119, in __call__
    response = self.process_request(request)
               ^^^^^^^^^^^^^^^^^^^^^^^^^^^^^
  File "/usr/local/lib/python3.12/site-packages/django/middleware/security.py", line 28, in process_request
    host = self.redirect_host or request.get_host()
                                 ^^^^^^^^^^^^^^^^^^
  File "/usr/local/lib/python3.12/site-packages/django/http/request.py", line 186, in get_host
    raise DisallowedHost(msg)
django.core.exceptions.DisallowedHost: Invalid HTTP_HOST header: 'localhost:8000'. You may need to add 'localhost' to ALLOWED_HOSTS.
WARNING 2025-08-15 23:28:23,785 log 8 140598688511680 Bad Request: /health/
WARNING 2025-08-15 23:28:23,786 basehttp 8 140598688511680 "GET /health/ HTTP/1.1" 400 143
ERROR 2025-08-15 23:28:53,884 exception 8 140598688511680 Invalid HTTP_HOST header: 'localhost:8000'. You may need to add 'localhost' to ALLOWED_HOSTS.
Traceback (most recent call last):
  File "/usr/local/lib/python3.12/site-packages/django/core/handlers/exception.py", line 55, in inner
    response = get_response(request)
               ^^^^^^^^^^^^^^^^^^^^^
  File "/usr/local/lib/python3.12/site-packages/django/utils/deprecation.py", line 119, in __call__
    response = self.process_request(request)
               ^^^^^^^^^^^^^^^^^^^^^^^^^^^^^
  File "/usr/local/lib/python3.12/site-packages/django/middleware/security.py", line 28, in process_request
    host = self.redirect_host or request.get_host()
                                 ^^^^^^^^^^^^^^^^^^
  File "/usr/local/lib/python3.12/site-packages/django/http/request.py", line 186, in get_host
    raise DisallowedHost(msg)
django.core.exceptions.DisallowedHost: Invalid HTTP_HOST header: 'localhost:8000'. You may need to add 'localhost' to ALLOWED_HOSTS.
WARNING 2025-08-15 23:28:53,887 log 8 140598688511680 Bad Request: /health/
WARNING 2025-08-15 23:28:53,888 basehttp 8 140598688511680 "GET /health/ HTTP/1.1" 400 143
ERROR 2025-08-15 23:29:23,941 exception 8 140598688511680 Invalid HTTP_HOST header: 'localhost:8000'. You may need to add 'localhost' to ALLOWED_HOSTS.
Traceback (most recent call last):
  File "/usr/local/lib/python3.12/site-packages/django/core/handlers/exception.py", line 55, in inner
    response = get_response(request)
               ^^^^^^^^^^^^^^^^^^^^^
  File "/usr/local/lib/python3.12/site-packages/django/utils/deprecation.py", line 119, in __call__
    response = self.process_request(request)
               ^^^^^^^^^^^^^^^^^^^^^^^^^^^^^
  File "/usr/local/lib/python3.12/site-packages/django/middleware/security.py", line 28, in process_request
    host = self.redirect_host or request.get_host()
                                 ^^^^^^^^^^^^^^^^^^
  File "/usr/local/lib/python3.12/site-packages/django/http/request.py", line 186, in get_host
    raise DisallowedHost(msg)
django.core.exceptions.DisallowedHost: Invalid HTTP_HOST header: 'localhost:8000'. You may need to add 'localhost' to ALLOWED_HOSTS.
WARNING 2025-08-15 23:29:23,943 log 8 140598688511680 Bad Request: /health/
WARNING 2025-08-15 23:29:23,944 basehttp 8 140598688511680 "GET /health/ HTTP/1.1" 400 143
ERROR 2025-08-15 23:29:31,459 exception 8 140598688511680 Invalid HTTP_HOST header: 'localhost'. You may need to add 'localhost' to ALLOWED_HOSTS.
Traceback (most recent call last):
  File "/usr/local/lib/python3.12/site-packages/django/core/handlers/exception.py", line 55, in inner
    response = get_response(request)
               ^^^^^^^^^^^^^^^^^^^^^
  File "/usr/local/lib/python3.12/site-packages/django/utils/deprecation.py", line 119, in __call__
    response = self.process_request(request)
               ^^^^^^^^^^^^^^^^^^^^^^^^^^^^^
  File "/usr/local/lib/python3.12/site-packages/django/middleware/security.py", line 28, in process_request
    host = self.redirect_host or request.get_host()
                                 ^^^^^^^^^^^^^^^^^^
  File "/usr/local/lib/python3.12/site-packages/django/http/request.py", line 186, in get_host
    raise DisallowedHost(msg)
django.core.exceptions.DisallowedHost: Invalid HTTP_HOST header: 'localhost'. You may need to add 'localhost' to ALLOWED_HOSTS.
WARNING 2025-08-15 23:29:31,462 log 8 140598688511680 Bad Request: /
WARNING 2025-08-15 23:29:31,463 basehttp 8 140598688511680 "GET / HTTP/1.0" 400 143
ERROR 2025-08-15 23:29:31,653 exception 8 140598688511680 Invalid HTTP_HOST header: 'localhost'. You may need to add 'localhost' to ALLOWED_HOSTS.
Traceback (most recent call last):
  File "/usr/local/lib/python3.12/site-packages/django/core/handlers/exception.py", line 55, in inner
    response = get_response(request)
               ^^^^^^^^^^^^^^^^^^^^^
  File "/usr/local/lib/python3.12/site-packages/django/utils/deprecation.py", line 119, in __call__
    response = self.process_request(request)
               ^^^^^^^^^^^^^^^^^^^^^^^^^^^^^
  File "/usr/local/lib/python3.12/site-packages/django/middleware/security.py", line 28, in process_request
    host = self.redirect_host or request.get_host()
                                 ^^^^^^^^^^^^^^^^^^
  File "/usr/local/lib/python3.12/site-packages/django/http/request.py", line 186, in get_host
    raise DisallowedHost(msg)
django.core.exceptions.DisallowedHost: Invalid HTTP_HOST header: 'localhost'. You may need to add 'localhost' to ALLOWED_HOSTS.
WARNING 2025-08-15 23:29:31,656 log 8 140598688511680 Bad Request: /favicon.ico
WARNING 2025-08-15 23:29:31,657 basehttp 8 140598688511680 "GET /favicon.ico HTTP/1.0" 400 143
ERROR 2025-08-15 23:29:45,534 exception 8 140598688511680 Invalid HTTP_HOST header: 'localhost:8000'. You may need to add 'localhost' to ALLOWED_HOSTS.
Traceback (most recent call last):
  File "/usr/local/lib/python3.12/site-packages/django/core/handlers/exception.py", line 55, in inner
    response = get_response(request)
               ^^^^^^^^^^^^^^^^^^^^^
  File "/usr/local/lib/python3.12/site-packages/django/utils/deprecation.py", line 119, in __call__
    response = self.process_request(request)
               ^^^^^^^^^^^^^^^^^^^^^^^^^^^^^
  File "/usr/local/lib/python3.12/site-packages/django/middleware/security.py", line 28, in process_request
    host = self.redirect_host or request.get_host()
                                 ^^^^^^^^^^^^^^^^^^
  File "/usr/local/lib/python3.12/site-packages/django/http/request.py", line 186, in get_host
    raise DisallowedHost(msg)
django.core.exceptions.DisallowedHost: Invalid HTTP_HOST header: 'localhost:8000'. You may need to add 'localhost' to ALLOWED_HOSTS.
WARNING 2025-08-15 23:29:45,536 log 8 140598688511680 Bad Request: /
WARNING 2025-08-15 23:29:45,538 basehttp 8 140598688511680 "GET / HTTP/1.1" 400 143
ERROR 2025-08-15 23:29:45,723 exception 8 140598688511680 Invalid HTTP_HOST header: 'localhost:8000'. You may need to add 'localhost' to ALLOWED_HOSTS.
Traceback (most recent call last):
  File "/usr/local/lib/python3.12/site-packages/django/core/handlers/exception.py", line 55, in inner
    response = get_response(request)
               ^^^^^^^^^^^^^^^^^^^^^
  File "/usr/local/lib/python3.12/site-packages/django/utils/deprecation.py", line 119, in __call__
    response = self.process_request(request)
               ^^^^^^^^^^^^^^^^^^^^^^^^^^^^^
  File "/usr/local/lib/python3.12/site-packages/django/middleware/security.py", line 28, in process_request
    host = self.redirect_host or request.get_host()
                                 ^^^^^^^^^^^^^^^^^^
  File "/usr/local/lib/python3.12/site-packages/django/http/request.py", line 186, in get_host
    raise DisallowedHost(msg)
django.core.exceptions.DisallowedHost: Invalid HTTP_HOST header: 'localhost:8000'. You may need to add 'localhost' to ALLOWED_HOSTS.
WARNING 2025-08-15 23:29:45,726 log 8 140598688511680 Bad Request: /favicon.ico
WARNING 2025-08-15 23:29:45,727 basehttp 8 140598688511680 "GET /favicon.ico HTTP/1.1" 400 143
ERROR 2025-08-15 23:29:53,993 exception 8 140598688511680 Invalid HTTP_HOST header: 'localhost:8000'. You may need to add 'localhost' to ALLOWED_HOSTS.
Traceback (most recent call last):
  File "/usr/local/lib/python3.12/site-packages/django/core/handlers/exception.py", line 55, in inner
    response = get_response(request)
               ^^^^^^^^^^^^^^^^^^^^^
  File "/usr/local/lib/python3.12/site-packages/django/utils/deprecation.py", line 119, in __call__
    response = self.process_request(request)
               ^^^^^^^^^^^^^^^^^^^^^^^^^^^^^
  File "/usr/local/lib/python3.12/site-packages/django/middleware/security.py", line 28, in process_request
    host = self.redirect_host or request.get_host()
                                 ^^^^^^^^^^^^^^^^^^
  File "/usr/local/lib/python3.12/site-packages/django/http/request.py", line 186, in get_host
    raise DisallowedHost(msg)
django.core.exceptions.DisallowedHost: Invalid HTTP_HOST header: 'localhost:8000'. You may need to add 'localhost' to ALLOWED_HOSTS.
WARNING 2025-08-15 23:29:53,995 log 8 140598688511680 Bad Request: /health/
WARNING 2025-08-15 23:29:53,997 basehttp 8 140598688511680 "GET /health/ HTTP/1.1" 400 143
ERROR 2025-08-15 23:29:57,351 exception 8 140598688511680 Invalid HTTP_HOST header: 'localhost'. You may need to add 'localhost' to ALLOWED_HOSTS.
Traceback (most recent call last):
  File "/usr/local/lib/python3.12/site-packages/django/core/handlers/exception.py", line 55, in inner
    response = get_response(request)
               ^^^^^^^^^^^^^^^^^^^^^
  File "/usr/local/lib/python3.12/site-packages/django/utils/deprecation.py", line 119, in __call__
    response = self.process_request(request)
               ^^^^^^^^^^^^^^^^^^^^^^^^^^^^^
  File "/usr/local/lib/python3.12/site-packages/django/middleware/security.py", line 28, in process_request
    host = self.redirect_host or request.get_host()
                                 ^^^^^^^^^^^^^^^^^^
  File "/usr/local/lib/python3.12/site-packages/django/http/request.py", line 186, in get_host
    raise DisallowedHost(msg)
django.core.exceptions.DisallowedHost: Invalid HTTP_HOST header: 'localhost'. You may need to add 'localhost' to ALLOWED_HOSTS.
WARNING 2025-08-15 23:29:57,353 log 8 140598688511680 Bad Request: /
WARNING 2025-08-15 23:29:57,354 basehttp 8 140598688511680 "GET / HTTP/1.0" 400 143
ERROR 2025-08-15 23:29:57,505 exception 8 140598688511680 Invalid HTTP_HOST header: 'localhost'. You may need to add 'localhost' to ALLOWED_HOSTS.
Traceback (most recent call last):
  File "/usr/local/lib/python3.12/site-packages/django/core/handlers/exception.py", line 55, in inner
    response = get_response(request)
               ^^^^^^^^^^^^^^^^^^^^^
  File "/usr/local/lib/python3.12/site-packages/django/utils/deprecation.py", line 119, in __call__
    response = self.process_request(request)
               ^^^^^^^^^^^^^^^^^^^^^^^^^^^^^
  File "/usr/local/lib/python3.12/site-packages/django/middleware/security.py", line 28, in process_request
    host = self.redirect_host or request.get_host()
                                 ^^^^^^^^^^^^^^^^^^
  File "/usr/local/lib/python3.12/site-packages/django/http/request.py", line 186, in get_host
    raise DisallowedHost(msg)
django.core.exceptions.DisallowedHost: Invalid HTTP_HOST header: 'localhost'. You may need to add 'localhost' to ALLOWED_HOSTS.
WARNING 2025-08-15 23:29:57,507 log 8 140598688511680 Bad Request: /favicon.ico
WARNING 2025-08-15 23:29:57,508 basehttp 8 140598688511680 "GET /favicon.ico HTTP/1.0" 400 143
ERROR 2025-08-15 23:30:24,049 exception 8 140598688511680 Invalid HTTP_HOST header: 'localhost:8000'. You may need to add 'localhost' to ALLOWED_HOSTS.
Traceback (most recent call last):
  File "/usr/local/lib/python3.12/site-packages/django/core/handlers/exception.py", line 55, in inner
    response = get_response(request)
               ^^^^^^^^^^^^^^^^^^^^^
  File "/usr/local/lib/python3.12/site-packages/django/utils/deprecation.py", line 119, in __call__
    response = self.process_request(request)
               ^^^^^^^^^^^^^^^^^^^^^^^^^^^^^
  File "/usr/local/lib/python3.12/site-packages/django/middleware/security.py", line 28, in process_request
    host = self.redirect_host or request.get_host()
                                 ^^^^^^^^^^^^^^^^^^
  File "/usr/local/lib/python3.12/site-packages/django/http/request.py", line 186, in get_host
    raise DisallowedHost(msg)
django.core.exceptions.DisallowedHost: Invalid HTTP_HOST header: 'localhost:8000'. You may need to add 'localhost' to ALLOWED_HOSTS.
WARNING 2025-08-15 23:30:24,051 log 8 140598688511680 Bad Request: /health/
WARNING 2025-08-15 23:30:24,052 basehttp 8 140598688511680 "GET /health/ HTTP/1.1" 400 143
ERROR 2025-08-15 23:30:54,105 exception 8 140598688511680 Invalid HTTP_HOST header: 'localhost:8000'. You may need to add 'localhost' to ALLOWED_HOSTS.
Traceback (most recent call last):
  File "/usr/local/lib/python3.12/site-packages/django/core/handlers/exception.py", line 55, in inner
    response = get_response(request)
               ^^^^^^^^^^^^^^^^^^^^^
  File "/usr/local/lib/python3.12/site-packages/django/utils/deprecation.py", line 119, in __call__
    response = self.process_request(request)
               ^^^^^^^^^^^^^^^^^^^^^^^^^^^^^
  File "/usr/local/lib/python3.12/site-packages/django/middleware/security.py", line 28, in process_request
    host = self.redirect_host or request.get_host()
                                 ^^^^^^^^^^^^^^^^^^
  File "/usr/local/lib/python3.12/site-packages/django/http/request.py", line 186, in get_host
    raise DisallowedHost(msg)
django.core.exceptions.DisallowedHost: Invalid HTTP_HOST header: 'localhost:8000'. You may need to add 'localhost' to ALLOWED_HOSTS.
WARNING 2025-08-15 23:30:54,107 log 8 140598688511680 Bad Request: /health/
WARNING 2025-08-15 23:30:54,108 basehttp 8 140598688511680 "GET /health/ HTTP/1.1" 400 143
ERROR 2025-08-15 23:31:24,179 exception 8 140598688511680 Invalid HTTP_HOST header: 'localhost:8000'. You may need to add 'localhost' to ALLOWED_HOSTS.
Traceback (most recent call last):
  File "/usr/local/lib/python3.12/site-packages/django/core/handlers/exception.py", line 55, in inner
    response = get_response(request)
               ^^^^^^^^^^^^^^^^^^^^^
  File "/usr/local/lib/python3.12/site-packages/django/utils/deprecation.py", line 119, in __call__
    response = self.process_request(request)
               ^^^^^^^^^^^^^^^^^^^^^^^^^^^^^
  File "/usr/local/lib/python3.12/site-packages/django/middleware/security.py", line 28, in process_request
    host = self.redirect_host or request.get_host()
                                 ^^^^^^^^^^^^^^^^^^
  File "/usr/local/lib/python3.12/site-packages/django/http/request.py", line 186, in get_host
    raise DisallowedHost(msg)
django.core.exceptions.DisallowedHost: Invalid HTTP_HOST header: 'localhost:8000'. You may need to add 'localhost' to ALLOWED_HOSTS.
WARNING 2025-08-15 23:31:24,181 log 8 140598688511680 Bad Request: /health/
WARNING 2025-08-15 23:31:24,182 basehttp 8 140598688511680 "GET /health/ HTTP/1.1" 400 143
ERROR 2025-08-15 23:31:54,237 exception 8 140598688511680 Invalid HTTP_HOST header: 'localhost:8000'. You may need to add 'localhost' to ALLOWED_HOSTS.
Traceback (most recent call last):
  File "/usr/local/lib/python3.12/site-packages/django/core/handlers/exception.py", line 55, in inner
    response = get_response(request)
               ^^^^^^^^^^^^^^^^^^^^^
  File "/usr/local/lib/python3.12/site-packages/django/utils/deprecation.py", line 119, in __call__
    response = self.process_request(request)
               ^^^^^^^^^^^^^^^^^^^^^^^^^^^^^
  File "/usr/local/lib/python3.12/site-packages/django/middleware/security.py", line 28, in process_request
    host = self.redirect_host or request.get_host()
                                 ^^^^^^^^^^^^^^^^^^
  File "/usr/local/lib/python3.12/site-packages/django/http/request.py", line 186, in get_host
    raise DisallowedHost(msg)
django.core.exceptions.DisallowedHost: Invalid HTTP_HOST header: 'localhost:8000'. You may need to add 'localhost' to ALLOWED_HOSTS.
WARNING 2025-08-15 23:31:54,240 log 8 140598688511680 Bad Request: /health/
WARNING 2025-08-15 23:31:54,241 basehttp 8 140598688511680 "GET /health/ HTTP/1.1" 400 143
ERROR 2025-08-15 23:32:24,303 exception 8 140598688511680 Invalid HTTP_HOST header: 'localhost:8000'. You may need to add 'localhost' to ALLOWED_HOSTS.
Traceback (most recent call last):
  File "/usr/local/lib/python3.12/site-packages/django/core/handlers/exception.py", line 55, in inner
    response = get_response(request)
               ^^^^^^^^^^^^^^^^^^^^^
  File "/usr/local/lib/python3.12/site-packages/django/utils/deprecation.py", line 119, in __call__
    response = self.process_request(request)
               ^^^^^^^^^^^^^^^^^^^^^^^^^^^^^
  File "/usr/local/lib/python3.12/site-packages/django/middleware/security.py", line 28, in process_request
    host = self.redirect_host or request.get_host()
                                 ^^^^^^^^^^^^^^^^^^
  File "/usr/local/lib/python3.12/site-packages/django/http/request.py", line 186, in get_host
    raise DisallowedHost(msg)
django.core.exceptions.DisallowedHost: Invalid HTTP_HOST header: 'localhost:8000'. You may need to add 'localhost' to ALLOWED_HOSTS.
WARNING 2025-08-15 23:32:24,306 log 8 140598688511680 Bad Request: /health/
WARNING 2025-08-15 23:32:24,307 basehttp 8 140598688511680 "GET /health/ HTTP/1.1" 400 143
ERROR 2025-08-15 23:32:54,372 exception 8 140598688511680 Invalid HTTP_HOST header: 'localhost:8000'. You may need to add 'localhost' to ALLOWED_HOSTS.
Traceback (most recent call last):
  File "/usr/local/lib/python3.12/site-packages/django/core/handlers/exception.py", line 55, in inner
    response = get_response(request)
               ^^^^^^^^^^^^^^^^^^^^^
  File "/usr/local/lib/python3.12/site-packages/django/utils/deprecation.py", line 119, in __call__
    response = self.process_request(request)
               ^^^^^^^^^^^^^^^^^^^^^^^^^^^^^
  File "/usr/local/lib/python3.12/site-packages/django/middleware/security.py", line 28, in process_request
    host = self.redirect_host or request.get_host()
                                 ^^^^^^^^^^^^^^^^^^
  File "/usr/local/lib/python3.12/site-packages/django/http/request.py", line 186, in get_host
    raise DisallowedHost(msg)
django.core.exceptions.DisallowedHost: Invalid HTTP_HOST header: 'localhost:8000'. You may need to add 'localhost' to ALLOWED_HOSTS.
WARNING 2025-08-15 23:32:54,375 log 8 140598688511680 Bad Request: /health/
WARNING 2025-08-15 23:32:54,377 basehttp 8 140598688511680 "GET /health/ HTTP/1.1" 400 143
ERROR 2025-08-15 23:33:24,459 exception 8 140598696904384 Invalid HTTP_HOST header: 'localhost:8000'. You may need to add 'localhost' to ALLOWED_HOSTS.
Traceback (most recent call last):
  File "/usr/local/lib/python3.12/site-packages/django/core/handlers/exception.py", line 55, in inner
    response = get_response(request)
               ^^^^^^^^^^^^^^^^^^^^^
  File "/usr/local/lib/python3.12/site-packages/django/utils/deprecation.py", line 119, in __call__
    response = self.process_request(request)
               ^^^^^^^^^^^^^^^^^^^^^^^^^^^^^
  File "/usr/local/lib/python3.12/site-packages/django/middleware/security.py", line 28, in process_request
    host = self.redirect_host or request.get_host()
                                 ^^^^^^^^^^^^^^^^^^
  File "/usr/local/lib/python3.12/site-packages/django/http/request.py", line 186, in get_host
    raise DisallowedHost(msg)
django.core.exceptions.DisallowedHost: Invalid HTTP_HOST header: 'localhost:8000'. You may need to add 'localhost' to ALLOWED_HOSTS.
WARNING 2025-08-15 23:33:24,461 log 8 140598696904384 Bad Request: /health/
WARNING 2025-08-15 23:33:24,462 basehttp 8 140598696904384 "GET /health/ HTTP/1.1" 400 143
ERROR 2025-08-15 23:33:54,546 exception 8 140598696904384 Invalid HTTP_HOST header: 'localhost:8000'. You may need to add 'localhost' to ALLOWED_HOSTS.
Traceback (most recent call last):
  File "/usr/local/lib/python3.12/site-packages/django/core/handlers/exception.py", line 55, in inner
    response = get_response(request)
               ^^^^^^^^^^^^^^^^^^^^^
  File "/usr/local/lib/python3.12/site-packages/django/utils/deprecation.py", line 119, in __call__
    response = self.process_request(request)
               ^^^^^^^^^^^^^^^^^^^^^^^^^^^^^
  File "/usr/local/lib/python3.12/site-packages/django/middleware/security.py", line 28, in process_request
    host = self.redirect_host or request.get_host()
                                 ^^^^^^^^^^^^^^^^^^
  File "/usr/local/lib/python3.12/site-packages/django/http/request.py", line 186, in get_host
    raise DisallowedHost(msg)
django.core.exceptions.DisallowedHost: Invalid HTTP_HOST header: 'localhost:8000'. You may need to add 'localhost' to ALLOWED_HOSTS.
WARNING 2025-08-15 23:33:54,548 log 8 140598696904384 Bad Request: /health/
WARNING 2025-08-15 23:33:54,549 basehttp 8 140598696904384 "GET /health/ HTTP/1.1" 400 143
ERROR 2025-08-15 23:34:24,626 exception 8 140598696904384 Invalid HTTP_HOST header: 'localhost:8000'. You may need to add 'localhost' to ALLOWED_HOSTS.
Traceback (most recent call last):
  File "/usr/local/lib/python3.12/site-packages/django/core/handlers/exception.py", line 55, in inner
    response = get_response(request)
               ^^^^^^^^^^^^^^^^^^^^^
  File "/usr/local/lib/python3.12/site-packages/django/utils/deprecation.py", line 119, in __call__
    response = self.process_request(request)
               ^^^^^^^^^^^^^^^^^^^^^^^^^^^^^
  File "/usr/local/lib/python3.12/site-packages/django/middleware/security.py", line 28, in process_request
    host = self.redirect_host or request.get_host()
                                 ^^^^^^^^^^^^^^^^^^
  File "/usr/local/lib/python3.12/site-packages/django/http/request.py", line 186, in get_host
    raise DisallowedHost(msg)
django.core.exceptions.DisallowedHost: Invalid HTTP_HOST header: 'localhost:8000'. You may need to add 'localhost' to ALLOWED_HOSTS.
WARNING 2025-08-15 23:34:24,628 log 8 140598696904384 Bad Request: /health/
WARNING 2025-08-15 23:34:24,630 basehttp 8 140598696904384 "GET /health/ HTTP/1.1" 400 143
ERROR 2025-08-15 23:34:54,707 exception 8 140598696904384 Invalid HTTP_HOST header: 'localhost:8000'. You may need to add 'localhost' to ALLOWED_HOSTS.
Traceback (most recent call last):
  File "/usr/local/lib/python3.12/site-packages/django/core/handlers/exception.py", line 55, in inner
    response = get_response(request)
               ^^^^^^^^^^^^^^^^^^^^^
  File "/usr/local/lib/python3.12/site-packages/django/utils/deprecation.py", line 119, in __call__
    response = self.process_request(request)
               ^^^^^^^^^^^^^^^^^^^^^^^^^^^^^
  File "/usr/local/lib/python3.12/site-packages/django/middleware/security.py", line 28, in process_request
    host = self.redirect_host or request.get_host()
                                 ^^^^^^^^^^^^^^^^^^
  File "/usr/local/lib/python3.12/site-packages/django/http/request.py", line 186, in get_host
    raise DisallowedHost(msg)
django.core.exceptions.DisallowedHost: Invalid HTTP_HOST header: 'localhost:8000'. You may need to add 'localhost' to ALLOWED_HOSTS.
WARNING 2025-08-15 23:34:54,710 log 8 140598696904384 Bad Request: /health/
WARNING 2025-08-15 23:34:54,711 basehttp 8 140598696904384 "GET /health/ HTTP/1.1" 400 143
ERROR 2025-08-15 23:35:24,795 exception 8 140598696904384 Invalid HTTP_HOST header: 'localhost:8000'. You may need to add 'localhost' to ALLOWED_HOSTS.
Traceback (most recent call last):
  File "/usr/local/lib/python3.12/site-packages/django/core/handlers/exception.py", line 55, in inner
    response = get_response(request)
               ^^^^^^^^^^^^^^^^^^^^^
  File "/usr/local/lib/python3.12/site-packages/django/utils/deprecation.py", line 119, in __call__
    response = self.process_request(request)
               ^^^^^^^^^^^^^^^^^^^^^^^^^^^^^
  File "/usr/local/lib/python3.12/site-packages/django/middleware/security.py", line 28, in process_request
    host = self.redirect_host or request.get_host()
                                 ^^^^^^^^^^^^^^^^^^
  File "/usr/local/lib/python3.12/site-packages/django/http/request.py", line 186, in get_host
    raise DisallowedHost(msg)
django.core.exceptions.DisallowedHost: Invalid HTTP_HOST header: 'localhost:8000'. You may need to add 'localhost' to ALLOWED_HOSTS.
WARNING 2025-08-15 23:35:24,796 log 8 140598696904384 Bad Request: /health/
WARNING 2025-08-15 23:35:24,797 basehttp 8 140598696904384 "GET /health/ HTTP/1.1" 400 143
ERROR 2025-08-15 23:35:54,904 exception 8 140598696904384 Invalid HTTP_HOST header: 'localhost:8000'. You may need to add 'localhost' to ALLOWED_HOSTS.
Traceback (most recent call last):
  File "/usr/local/lib/python3.12/site-packages/django/core/handlers/exception.py", line 55, in inner
    response = get_response(request)
               ^^^^^^^^^^^^^^^^^^^^^
  File "/usr/local/lib/python3.12/site-packages/django/utils/deprecation.py", line 119, in __call__
    response = self.process_request(request)
               ^^^^^^^^^^^^^^^^^^^^^^^^^^^^^
  File "/usr/local/lib/python3.12/site-packages/django/middleware/security.py", line 28, in process_request
    host = self.redirect_host or request.get_host()
                                 ^^^^^^^^^^^^^^^^^^
  File "/usr/local/lib/python3.12/site-packages/django/http/request.py", line 186, in get_host
    raise DisallowedHost(msg)
django.core.exceptions.DisallowedHost: Invalid HTTP_HOST header: 'localhost:8000'. You may need to add 'localhost' to ALLOWED_HOSTS.
WARNING 2025-08-15 23:35:54,906 log 8 140598696904384 Bad Request: /health/
WARNING 2025-08-15 23:35:54,907 basehttp 8 140598696904384 "GET /health/ HTTP/1.1" 400 143
ERROR 2025-08-15 23:36:25,037 exception 8 140598696904384 Invalid HTTP_HOST header: 'localhost:8000'. You may need to add 'localhost' to ALLOWED_HOSTS.
Traceback (most recent call last):
  File "/usr/local/lib/python3.12/site-packages/django/core/handlers/exception.py", line 55, in inner
    response = get_response(request)
               ^^^^^^^^^^^^^^^^^^^^^
  File "/usr/local/lib/python3.12/site-packages/django/utils/deprecation.py", line 119, in __call__
    response = self.process_request(request)
               ^^^^^^^^^^^^^^^^^^^^^^^^^^^^^
  File "/usr/local/lib/python3.12/site-packages/django/middleware/security.py", line 28, in process_request
    host = self.redirect_host or request.get_host()
                                 ^^^^^^^^^^^^^^^^^^
  File "/usr/local/lib/python3.12/site-packages/django/http/request.py", line 186, in get_host
    raise DisallowedHost(msg)
django.core.exceptions.DisallowedHost: Invalid HTTP_HOST header: 'localhost:8000'. You may need to add 'localhost' to ALLOWED_HOSTS.
WARNING 2025-08-15 23:36:25,041 log 8 140598696904384 Bad Request: /health/
WARNING 2025-08-15 23:36:25,042 basehttp 8 140598696904384 "GET /health/ HTTP/1.1" 400 143
ERROR 2025-08-15 23:36:55,150 exception 8 140598696904384 Invalid HTTP_HOST header: 'localhost:8000'. You may need to add 'localhost' to ALLOWED_HOSTS.
Traceback (most recent call last):
  File "/usr/local/lib/python3.12/site-packages/django/core/handlers/exception.py", line 55, in inner
    response = get_response(request)
               ^^^^^^^^^^^^^^^^^^^^^
  File "/usr/local/lib/python3.12/site-packages/django/utils/deprecation.py", line 119, in __call__
    response = self.process_request(request)
               ^^^^^^^^^^^^^^^^^^^^^^^^^^^^^
  File "/usr/local/lib/python3.12/site-packages/django/middleware/security.py", line 28, in process_request
    host = self.redirect_host or request.get_host()
                                 ^^^^^^^^^^^^^^^^^^
  File "/usr/local/lib/python3.12/site-packages/django/http/request.py", line 186, in get_host
    raise DisallowedHost(msg)
django.core.exceptions.DisallowedHost: Invalid HTTP_HOST header: 'localhost:8000'. You may need to add 'localhost' to ALLOWED_HOSTS.
WARNING 2025-08-15 23:36:55,154 log 8 140598696904384 Bad Request: /health/
WARNING 2025-08-15 23:36:55,155 basehttp 8 140598696904384 "GET /health/ HTTP/1.1" 400 143
ERROR 2025-08-15 23:37:25,247 exception 8 140598696904384 Invalid HTTP_HOST header: 'localhost:8000'. You may need to add 'localhost' to ALLOWED_HOSTS.
Traceback (most recent call last):
  File "/usr/local/lib/python3.12/site-packages/django/core/handlers/exception.py", line 55, in inner
    response = get_response(request)
               ^^^^^^^^^^^^^^^^^^^^^
  File "/usr/local/lib/python3.12/site-packages/django/utils/deprecation.py", line 119, in __call__
    response = self.process_request(request)
               ^^^^^^^^^^^^^^^^^^^^^^^^^^^^^
  File "/usr/local/lib/python3.12/site-packages/django/middleware/security.py", line 28, in process_request
    host = self.redirect_host or request.get_host()
                                 ^^^^^^^^^^^^^^^^^^
  File "/usr/local/lib/python3.12/site-packages/django/http/request.py", line 186, in get_host
    raise DisallowedHost(msg)
django.core.exceptions.DisallowedHost: Invalid HTTP_HOST header: 'localhost:8000'. You may need to add 'localhost' to ALLOWED_HOSTS.
WARNING 2025-08-15 23:37:25,250 log 8 140598696904384 Bad Request: /health/
WARNING 2025-08-15 23:37:25,252 basehttp 8 140598696904384 "GET /health/ HTTP/1.1" 400 143
ERROR 2025-08-15 23:37:55,403 exception 8 140598696904384 Invalid HTTP_HOST header: 'localhost:8000'. You may need to add 'localhost' to ALLOWED_HOSTS.
Traceback (most recent call last):
  File "/usr/local/lib/python3.12/site-packages/django/core/handlers/exception.py", line 55, in inner
    response = get_response(request)
               ^^^^^^^^^^^^^^^^^^^^^
  File "/usr/local/lib/python3.12/site-packages/django/utils/deprecation.py", line 119, in __call__
    response = self.process_request(request)
               ^^^^^^^^^^^^^^^^^^^^^^^^^^^^^
  File "/usr/local/lib/python3.12/site-packages/django/middleware/security.py", line 28, in process_request
    host = self.redirect_host or request.get_host()
                                 ^^^^^^^^^^^^^^^^^^
  File "/usr/local/lib/python3.12/site-packages/django/http/request.py", line 186, in get_host
    raise DisallowedHost(msg)
django.core.exceptions.DisallowedHost: Invalid HTTP_HOST header: 'localhost:8000'. You may need to add 'localhost' to ALLOWED_HOSTS.
WARNING 2025-08-15 23:37:55,407 log 8 140598696904384 Bad Request: /health/
WARNING 2025-08-15 23:37:55,408 basehttp 8 140598696904384 "GET /health/ HTTP/1.1" 400 143
ERROR 2025-08-15 23:38:25,515 exception 8 140598696904384 Invalid HTTP_HOST header: 'localhost:8000'. You may need to add 'localhost' to ALLOWED_HOSTS.
Traceback (most recent call last):
  File "/usr/local/lib/python3.12/site-packages/django/core/handlers/exception.py", line 55, in inner
    response = get_response(request)
               ^^^^^^^^^^^^^^^^^^^^^
  File "/usr/local/lib/python3.12/site-packages/django/utils/deprecation.py", line 119, in __call__
    response = self.process_request(request)
               ^^^^^^^^^^^^^^^^^^^^^^^^^^^^^
  File "/usr/local/lib/python3.12/site-packages/django/middleware/security.py", line 28, in process_request
    host = self.redirect_host or request.get_host()
                                 ^^^^^^^^^^^^^^^^^^
  File "/usr/local/lib/python3.12/site-packages/django/http/request.py", line 186, in get_host
    raise DisallowedHost(msg)
django.core.exceptions.DisallowedHost: Invalid HTTP_HOST header: 'localhost:8000'. You may need to add 'localhost' to ALLOWED_HOSTS.
WARNING 2025-08-15 23:38:25,518 log 8 140598696904384 Bad Request: /health/
WARNING 2025-08-15 23:38:25,519 basehttp 8 140598696904384 "GET /health/ HTTP/1.1" 400 143
ERROR 2025-08-15 23:38:55,661 exception 8 140598696904384 Invalid HTTP_HOST header: 'localhost:8000'. You may need to add 'localhost' to ALLOWED_HOSTS.
Traceback (most recent call last):
  File "/usr/local/lib/python3.12/site-packages/django/core/handlers/exception.py", line 55, in inner
    response = get_response(request)
               ^^^^^^^^^^^^^^^^^^^^^
  File "/usr/local/lib/python3.12/site-packages/django/utils/deprecation.py", line 119, in __call__
    response = self.process_request(request)
               ^^^^^^^^^^^^^^^^^^^^^^^^^^^^^
  File "/usr/local/lib/python3.12/site-packages/django/middleware/security.py", line 28, in process_request
    host = self.redirect_host or request.get_host()
                                 ^^^^^^^^^^^^^^^^^^
  File "/usr/local/lib/python3.12/site-packages/django/http/request.py", line 186, in get_host
    raise DisallowedHost(msg)
django.core.exceptions.DisallowedHost: Invalid HTTP_HOST header: 'localhost:8000'. You may need to add 'localhost' to ALLOWED_HOSTS.
WARNING 2025-08-15 23:38:55,663 log 8 140598696904384 Bad Request: /health/
WARNING 2025-08-15 23:38:55,664 basehttp 8 140598696904384 "GET /health/ HTTP/1.1" 400 143
INFO 2025-08-15 23:39:31,502 autoreload 8 140633973263232 Watching for file changes with StatReloader
ERROR 2025-08-15 23:40:02,807 exception 8 140633793795776 Invalid HTTP_HOST header: 'localhost:8000'. You may need to add 'localhost' to ALLOWED_HOSTS.
Traceback (most recent call last):
  File "/usr/local/lib/python3.12/site-packages/django/core/handlers/exception.py", line 55, in inner
    response = get_response(request)
               ^^^^^^^^^^^^^^^^^^^^^
  File "/usr/local/lib/python3.12/site-packages/django/utils/deprecation.py", line 119, in __call__
    response = self.process_request(request)
               ^^^^^^^^^^^^^^^^^^^^^^^^^^^^^
  File "/usr/local/lib/python3.12/site-packages/django/middleware/security.py", line 28, in process_request
    host = self.redirect_host or request.get_host()
                                 ^^^^^^^^^^^^^^^^^^
  File "/usr/local/lib/python3.12/site-packages/django/http/request.py", line 186, in get_host
    raise DisallowedHost(msg)
django.core.exceptions.DisallowedHost: Invalid HTTP_HOST header: 'localhost:8000'. You may need to add 'localhost' to ALLOWED_HOSTS.
WARNING 2025-08-15 23:40:02,817 log 8 140633793795776 Bad Request: /health/
WARNING 2025-08-15 23:40:02,819 basehttp 8 140633793795776 "GET /health/ HTTP/1.1" 400 143
ERROR 2025-08-15 23:40:32,929 exception 8 140633793795776 Invalid HTTP_HOST header: 'localhost:8000'. You may need to add 'localhost' to ALLOWED_HOSTS.
Traceback (most recent call last):
  File "/usr/local/lib/python3.12/site-packages/django/core/handlers/exception.py", line 55, in inner
    response = get_response(request)
               ^^^^^^^^^^^^^^^^^^^^^
  File "/usr/local/lib/python3.12/site-packages/django/utils/deprecation.py", line 119, in __call__
    response = self.process_request(request)
               ^^^^^^^^^^^^^^^^^^^^^^^^^^^^^
  File "/usr/local/lib/python3.12/site-packages/django/middleware/security.py", line 28, in process_request
    host = self.redirect_host or request.get_host()
                                 ^^^^^^^^^^^^^^^^^^
  File "/usr/local/lib/python3.12/site-packages/django/http/request.py", line 186, in get_host
    raise DisallowedHost(msg)
django.core.exceptions.DisallowedHost: Invalid HTTP_HOST header: 'localhost:8000'. You may need to add 'localhost' to ALLOWED_HOSTS.
WARNING 2025-08-15 23:40:32,933 log 8 140633793795776 Bad Request: /health/
WARNING 2025-08-15 23:40:32,935 basehttp 8 140633793795776 "GET /health/ HTTP/1.1" 400 143
ERROR 2025-08-15 23:41:03,080 exception 8 140633793795776 Invalid HTTP_HOST header: 'localhost:8000'. You may need to add 'localhost' to ALLOWED_HOSTS.
Traceback (most recent call last):
  File "/usr/local/lib/python3.12/site-packages/django/core/handlers/exception.py", line 55, in inner
    response = get_response(request)
               ^^^^^^^^^^^^^^^^^^^^^
  File "/usr/local/lib/python3.12/site-packages/django/utils/deprecation.py", line 119, in __call__
    response = self.process_request(request)
               ^^^^^^^^^^^^^^^^^^^^^^^^^^^^^
  File "/usr/local/lib/python3.12/site-packages/django/middleware/security.py", line 28, in process_request
    host = self.redirect_host or request.get_host()
                                 ^^^^^^^^^^^^^^^^^^
  File "/usr/local/lib/python3.12/site-packages/django/http/request.py", line 186, in get_host
    raise DisallowedHost(msg)
django.core.exceptions.DisallowedHost: Invalid HTTP_HOST header: 'localhost:8000'. You may need to add 'localhost' to ALLOWED_HOSTS.
WARNING 2025-08-15 23:41:03,084 log 8 140633793795776 Bad Request: /health/
WARNING 2025-08-15 23:41:03,085 basehttp 8 140633793795776 "GET /health/ HTTP/1.1" 400 143
ERROR 2025-08-15 23:41:08,662 exception 8 140633793795776 Invalid HTTP_HOST header: 'localhost'. You may need to add 'localhost' to ALLOWED_HOSTS.
Traceback (most recent call last):
  File "/usr/local/lib/python3.12/site-packages/django/core/handlers/exception.py", line 55, in inner
    response = get_response(request)
               ^^^^^^^^^^^^^^^^^^^^^
  File "/usr/local/lib/python3.12/site-packages/django/utils/deprecation.py", line 119, in __call__
    response = self.process_request(request)
               ^^^^^^^^^^^^^^^^^^^^^^^^^^^^^
  File "/usr/local/lib/python3.12/site-packages/django/middleware/security.py", line 28, in process_request
    host = self.redirect_host or request.get_host()
                                 ^^^^^^^^^^^^^^^^^^
  File "/usr/local/lib/python3.12/site-packages/django/http/request.py", line 186, in get_host
    raise DisallowedHost(msg)
django.core.exceptions.DisallowedHost: Invalid HTTP_HOST header: 'localhost'. You may need to add 'localhost' to ALLOWED_HOSTS.
WARNING 2025-08-15 23:41:08,667 log 8 140633793795776 Bad Request: /
WARNING 2025-08-15 23:41:08,668 basehttp 8 140633793795776 "GET / HTTP/1.0" 400 143
ERROR 2025-08-15 23:41:09,053 exception 8 140633793795776 Invalid HTTP_HOST header: 'localhost'. You may need to add 'localhost' to ALLOWED_HOSTS.
Traceback (most recent call last):
  File "/usr/local/lib/python3.12/site-packages/django/core/handlers/exception.py", line 55, in inner
    response = get_response(request)
               ^^^^^^^^^^^^^^^^^^^^^
  File "/usr/local/lib/python3.12/site-packages/django/utils/deprecation.py", line 119, in __call__
    response = self.process_request(request)
               ^^^^^^^^^^^^^^^^^^^^^^^^^^^^^
  File "/usr/local/lib/python3.12/site-packages/django/middleware/security.py", line 28, in process_request
    host = self.redirect_host or request.get_host()
                                 ^^^^^^^^^^^^^^^^^^
  File "/usr/local/lib/python3.12/site-packages/django/http/request.py", line 186, in get_host
    raise DisallowedHost(msg)
django.core.exceptions.DisallowedHost: Invalid HTTP_HOST header: 'localhost'. You may need to add 'localhost' to ALLOWED_HOSTS.
WARNING 2025-08-15 23:41:09,059 log 8 140633793795776 Bad Request: /favicon.ico
WARNING 2025-08-15 23:41:09,061 basehttp 8 140633793795776 "GET /favicon.ico HTTP/1.0" 400 143
ERROR 2025-08-15 23:41:33,220 exception 8 140633793795776 Invalid HTTP_HOST header: 'localhost:8000'. You may need to add 'localhost' to ALLOWED_HOSTS.
Traceback (most recent call last):
  File "/usr/local/lib/python3.12/site-packages/django/core/handlers/exception.py", line 55, in inner
    response = get_response(request)
               ^^^^^^^^^^^^^^^^^^^^^
  File "/usr/local/lib/python3.12/site-packages/django/utils/deprecation.py", line 119, in __call__
    response = self.process_request(request)
               ^^^^^^^^^^^^^^^^^^^^^^^^^^^^^
  File "/usr/local/lib/python3.12/site-packages/django/middleware/security.py", line 28, in process_request
    host = self.redirect_host or request.get_host()
                                 ^^^^^^^^^^^^^^^^^^
  File "/usr/local/lib/python3.12/site-packages/django/http/request.py", line 186, in get_host
    raise DisallowedHost(msg)
django.core.exceptions.DisallowedHost: Invalid HTTP_HOST header: 'localhost:8000'. You may need to add 'localhost' to ALLOWED_HOSTS.
WARNING 2025-08-15 23:41:33,225 log 8 140633793795776 Bad Request: /health/
WARNING 2025-08-15 23:41:33,227 basehttp 8 140633793795776 "GET /health/ HTTP/1.1" 400 143
ERROR 2025-08-15 23:42:03,355 exception 8 140633793795776 Invalid HTTP_HOST header: 'localhost:8000'. You may need to add 'localhost' to ALLOWED_HOSTS.
Traceback (most recent call last):
  File "/usr/local/lib/python3.12/site-packages/django/core/handlers/exception.py", line 55, in inner
    response = get_response(request)
               ^^^^^^^^^^^^^^^^^^^^^
  File "/usr/local/lib/python3.12/site-packages/django/utils/deprecation.py", line 119, in __call__
    response = self.process_request(request)
               ^^^^^^^^^^^^^^^^^^^^^^^^^^^^^
  File "/usr/local/lib/python3.12/site-packages/django/middleware/security.py", line 28, in process_request
    host = self.redirect_host or request.get_host()
                                 ^^^^^^^^^^^^^^^^^^
  File "/usr/local/lib/python3.12/site-packages/django/http/request.py", line 186, in get_host
    raise DisallowedHost(msg)
django.core.exceptions.DisallowedHost: Invalid HTTP_HOST header: 'localhost:8000'. You may need to add 'localhost' to ALLOWED_HOSTS.
WARNING 2025-08-15 23:42:03,358 log 8 140633793795776 Bad Request: /health/
WARNING 2025-08-15 23:42:03,360 basehttp 8 140633793795776 "GET /health/ HTTP/1.1" 400 143
ERROR 2025-08-15 23:42:33,491 exception 8 140633793795776 Invalid HTTP_HOST header: 'localhost:8000'. You may need to add 'localhost' to ALLOWED_HOSTS.
Traceback (most recent call last):
  File "/usr/local/lib/python3.12/site-packages/django/core/handlers/exception.py", line 55, in inner
    response = get_response(request)
               ^^^^^^^^^^^^^^^^^^^^^
  File "/usr/local/lib/python3.12/site-packages/django/utils/deprecation.py", line 119, in __call__
    response = self.process_request(request)
               ^^^^^^^^^^^^^^^^^^^^^^^^^^^^^
  File "/usr/local/lib/python3.12/site-packages/django/middleware/security.py", line 28, in process_request
    host = self.redirect_host or request.get_host()
                                 ^^^^^^^^^^^^^^^^^^
  File "/usr/local/lib/python3.12/site-packages/django/http/request.py", line 186, in get_host
    raise DisallowedHost(msg)
django.core.exceptions.DisallowedHost: Invalid HTTP_HOST header: 'localhost:8000'. You may need to add 'localhost' to ALLOWED_HOSTS.
WARNING 2025-08-15 23:42:33,494 log 8 140633793795776 Bad Request: /health/
WARNING 2025-08-15 23:42:33,494 basehttp 8 140633793795776 "GET /health/ HTTP/1.1" 400 143
ERROR 2025-08-15 23:43:03,604 exception 8 140633793795776 Invalid HTTP_HOST header: 'localhost:8000'. You may need to add 'localhost' to ALLOWED_HOSTS.
Traceback (most recent call last):
  File "/usr/local/lib/python3.12/site-packages/django/core/handlers/exception.py", line 55, in inner
    response = get_response(request)
               ^^^^^^^^^^^^^^^^^^^^^
  File "/usr/local/lib/python3.12/site-packages/django/utils/deprecation.py", line 119, in __call__
    response = self.process_request(request)
               ^^^^^^^^^^^^^^^^^^^^^^^^^^^^^
  File "/usr/local/lib/python3.12/site-packages/django/middleware/security.py", line 28, in process_request
    host = self.redirect_host or request.get_host()
                                 ^^^^^^^^^^^^^^^^^^
  File "/usr/local/lib/python3.12/site-packages/django/http/request.py", line 186, in get_host
    raise DisallowedHost(msg)
django.core.exceptions.DisallowedHost: Invalid HTTP_HOST header: 'localhost:8000'. You may need to add 'localhost' to ALLOWED_HOSTS.
WARNING 2025-08-15 23:43:03,607 log 8 140633793795776 Bad Request: /health/
WARNING 2025-08-15 23:43:03,608 basehttp 8 140633793795776 "GET /health/ HTTP/1.1" 400 143
INFO 2025-08-15 23:43:44,309 autoreload 7 140292005522304 Watching for file changes with StatReloader
ERROR 2025-08-15 23:44:15,463 exception 7 140291894056640 Invalid HTTP_HOST header: 'localhost:8000'. You may need to add 'localhost' to ALLOWED_HOSTS.
Traceback (most recent call last):
  File "/usr/local/lib/python3.12/site-packages/django/core/handlers/exception.py", line 55, in inner
    response = get_response(request)
               ^^^^^^^^^^^^^^^^^^^^^
  File "/usr/local/lib/python3.12/site-packages/django/utils/deprecation.py", line 119, in __call__
    response = self.process_request(request)
               ^^^^^^^^^^^^^^^^^^^^^^^^^^^^^
  File "/usr/local/lib/python3.12/site-packages/django/middleware/security.py", line 28, in process_request
    host = self.redirect_host or request.get_host()
                                 ^^^^^^^^^^^^^^^^^^
  File "/usr/local/lib/python3.12/site-packages/django/http/request.py", line 186, in get_host
    raise DisallowedHost(msg)
django.core.exceptions.DisallowedHost: Invalid HTTP_HOST header: 'localhost:8000'. You may need to add 'localhost' to ALLOWED_HOSTS.
WARNING 2025-08-15 23:44:15,472 log 7 140291894056640 Bad Request: /health/
WARNING 2025-08-15 23:44:15,474 basehttp 7 140291894056640 "GET /health/ HTTP/1.1" 400 143
ERROR 2025-08-15 23:44:16,040 exception 7 140291894056640 Invalid HTTP_HOST header: 'localhost'. You may need to add 'localhost' to ALLOWED_HOSTS.
Traceback (most recent call last):
  File "/usr/local/lib/python3.12/site-packages/django/core/handlers/exception.py", line 55, in inner
    response = get_response(request)
               ^^^^^^^^^^^^^^^^^^^^^
  File "/usr/local/lib/python3.12/site-packages/django/utils/deprecation.py", line 119, in __call__
    response = self.process_request(request)
               ^^^^^^^^^^^^^^^^^^^^^^^^^^^^^
  File "/usr/local/lib/python3.12/site-packages/django/middleware/security.py", line 28, in process_request
    host = self.redirect_host or request.get_host()
                                 ^^^^^^^^^^^^^^^^^^
  File "/usr/local/lib/python3.12/site-packages/django/http/request.py", line 186, in get_host
    raise DisallowedHost(msg)
django.core.exceptions.DisallowedHost: Invalid HTTP_HOST header: 'localhost'. You may need to add 'localhost' to ALLOWED_HOSTS.
WARNING 2025-08-15 23:44:16,044 log 7 140291894056640 Bad Request: /
WARNING 2025-08-15 23:44:16,046 basehttp 7 140291894056640 "GET / HTTP/1.0" 400 143
ERROR 2025-08-15 23:44:16,400 exception 7 140291894056640 Invalid HTTP_HOST header: 'localhost'. You may need to add 'localhost' to ALLOWED_HOSTS.
Traceback (most recent call last):
  File "/usr/local/lib/python3.12/site-packages/django/core/handlers/exception.py", line 55, in inner
    response = get_response(request)
               ^^^^^^^^^^^^^^^^^^^^^
  File "/usr/local/lib/python3.12/site-packages/django/utils/deprecation.py", line 119, in __call__
    response = self.process_request(request)
               ^^^^^^^^^^^^^^^^^^^^^^^^^^^^^
  File "/usr/local/lib/python3.12/site-packages/django/middleware/security.py", line 28, in process_request
    host = self.redirect_host or request.get_host()
                                 ^^^^^^^^^^^^^^^^^^
  File "/usr/local/lib/python3.12/site-packages/django/http/request.py", line 186, in get_host
    raise DisallowedHost(msg)
django.core.exceptions.DisallowedHost: Invalid HTTP_HOST header: 'localhost'. You may need to add 'localhost' to ALLOWED_HOSTS.
WARNING 2025-08-15 23:44:16,404 log 7 140291894056640 Bad Request: /favicon.ico
WARNING 2025-08-15 23:44:16,405 basehttp 7 140291894056640 "GET /favicon.ico HTTP/1.0" 400 143
ERROR 2025-08-15 23:44:45,598 exception 7 140291894056640 Invalid HTTP_HOST header: 'localhost:8000'. You may need to add 'localhost' to ALLOWED_HOSTS.
Traceback (most recent call last):
  File "/usr/local/lib/python3.12/site-packages/django/core/handlers/exception.py", line 55, in inner
    response = get_response(request)
               ^^^^^^^^^^^^^^^^^^^^^
  File "/usr/local/lib/python3.12/site-packages/django/utils/deprecation.py", line 119, in __call__
    response = self.process_request(request)
               ^^^^^^^^^^^^^^^^^^^^^^^^^^^^^
  File "/usr/local/lib/python3.12/site-packages/django/middleware/security.py", line 28, in process_request
    host = self.redirect_host or request.get_host()
                                 ^^^^^^^^^^^^^^^^^^
  File "/usr/local/lib/python3.12/site-packages/django/http/request.py", line 186, in get_host
    raise DisallowedHost(msg)
django.core.exceptions.DisallowedHost: Invalid HTTP_HOST header: 'localhost:8000'. You may need to add 'localhost' to ALLOWED_HOSTS.
WARNING 2025-08-15 23:44:45,602 log 7 140291894056640 Bad Request: /health/
WARNING 2025-08-15 23:44:45,604 basehttp 7 140291894056640 "GET /health/ HTTP/1.1" 400 143
INFO 2025-08-15 23:49:58,214 autoreload 7 140140761475968 Watching for file changes with StatReloader
ERROR 2025-08-15 23:50:29,483 exception 7 140140650600128 Invalid HTTP_HOST header: 'localhost:8000'. You may need to add 'localhost' to ALLOWED_HOSTS.
Traceback (most recent call last):
  File "/usr/local/lib/python3.12/site-packages/django/core/handlers/exception.py", line 55, in inner
    response = get_response(request)
               ^^^^^^^^^^^^^^^^^^^^^
  File "/usr/local/lib/python3.12/site-packages/django/utils/deprecation.py", line 119, in __call__
    response = self.process_request(request)
               ^^^^^^^^^^^^^^^^^^^^^^^^^^^^^
  File "/usr/local/lib/python3.12/site-packages/django/middleware/security.py", line 28, in process_request
    host = self.redirect_host or request.get_host()
                                 ^^^^^^^^^^^^^^^^^^
  File "/usr/local/lib/python3.12/site-packages/django/http/request.py", line 186, in get_host
    raise DisallowedHost(msg)
django.core.exceptions.DisallowedHost: Invalid HTTP_HOST header: 'localhost:8000'. You may need to add 'localhost' to ALLOWED_HOSTS.
WARNING 2025-08-15 23:50:29,518 log 7 140140650600128 Bad Request: /health/
WARNING 2025-08-15 23:50:29,520 basehttp 7 140140650600128 "GET /health/ HTTP/1.1" 400 143
ERROR 2025-08-15 23:50:48,975 exception 7 140140650600128 Invalid HTTP_HOST header: 'localhost'. You may need to add 'localhost' to ALLOWED_HOSTS.
Traceback (most recent call last):
  File "/usr/local/lib/python3.12/site-packages/django/core/handlers/exception.py", line 55, in inner
    response = get_response(request)
               ^^^^^^^^^^^^^^^^^^^^^
  File "/usr/local/lib/python3.12/site-packages/django/utils/deprecation.py", line 119, in __call__
    response = self.process_request(request)
               ^^^^^^^^^^^^^^^^^^^^^^^^^^^^^
  File "/usr/local/lib/python3.12/site-packages/django/middleware/security.py", line 28, in process_request
    host = self.redirect_host or request.get_host()
                                 ^^^^^^^^^^^^^^^^^^
  File "/usr/local/lib/python3.12/site-packages/django/http/request.py", line 186, in get_host
    raise DisallowedHost(msg)
django.core.exceptions.DisallowedHost: Invalid HTTP_HOST header: 'localhost'. You may need to add 'localhost' to ALLOWED_HOSTS.
WARNING 2025-08-15 23:50:48,980 log 7 140140650600128 Bad Request: /
WARNING 2025-08-15 23:50:48,982 basehttp 7 140140650600128 "GET / HTTP/1.0" 400 143
ERROR 2025-08-15 23:50:49,444 exception 7 140140650600128 Invalid HTTP_HOST header: 'localhost'. You may need to add 'localhost' to ALLOWED_HOSTS.
Traceback (most recent call last):
  File "/usr/local/lib/python3.12/site-packages/django/core/handlers/exception.py", line 55, in inner
    response = get_response(request)
               ^^^^^^^^^^^^^^^^^^^^^
  File "/usr/local/lib/python3.12/site-packages/django/utils/deprecation.py", line 119, in __call__
    response = self.process_request(request)
               ^^^^^^^^^^^^^^^^^^^^^^^^^^^^^
  File "/usr/local/lib/python3.12/site-packages/django/middleware/security.py", line 28, in process_request
    host = self.redirect_host or request.get_host()
                                 ^^^^^^^^^^^^^^^^^^
  File "/usr/local/lib/python3.12/site-packages/django/http/request.py", line 186, in get_host
    raise DisallowedHost(msg)
django.core.exceptions.DisallowedHost: Invalid HTTP_HOST header: 'localhost'. You may need to add 'localhost' to ALLOWED_HOSTS.
WARNING 2025-08-15 23:50:49,447 log 7 140140650600128 Bad Request: /favicon.ico
WARNING 2025-08-15 23:50:49,449 basehttp 7 140140650600128 "GET /favicon.ico HTTP/1.0" 400 143
ERROR 2025-08-15 23:50:59,646 exception 7 140140650600128 Invalid HTTP_HOST header: 'localhost:8000'. You may need to add 'localhost' to ALLOWED_HOSTS.
Traceback (most recent call last):
  File "/usr/local/lib/python3.12/site-packages/django/core/handlers/exception.py", line 55, in inner
    response = get_response(request)
               ^^^^^^^^^^^^^^^^^^^^^
  File "/usr/local/lib/python3.12/site-packages/django/utils/deprecation.py", line 119, in __call__
    response = self.process_request(request)
               ^^^^^^^^^^^^^^^^^^^^^^^^^^^^^
  File "/usr/local/lib/python3.12/site-packages/django/middleware/security.py", line 28, in process_request
    host = self.redirect_host or request.get_host()
                                 ^^^^^^^^^^^^^^^^^^
  File "/usr/local/lib/python3.12/site-packages/django/http/request.py", line 186, in get_host
    raise DisallowedHost(msg)
django.core.exceptions.DisallowedHost: Invalid HTTP_HOST header: 'localhost:8000'. You may need to add 'localhost' to ALLOWED_HOSTS.
WARNING 2025-08-15 23:50:59,650 log 7 140140650600128 Bad Request: /health/
WARNING 2025-08-15 23:50:59,651 basehttp 7 140140650600128 "GET /health/ HTTP/1.1" 400 143
INFO 2025-08-15 23:53:16,710 autoreload 7 140495075584896 Watching for file changes with StatReloader
ERROR 2025-08-15 23:53:48,162 exception 7 140494889809600 Invalid HTTP_HOST header: 'localhost:8000'. You may need to add 'localhost' to ALLOWED_HOSTS.
Traceback (most recent call last):
  File "/usr/local/lib/python3.12/site-packages/django/core/handlers/exception.py", line 55, in inner
    response = get_response(request)
               ^^^^^^^^^^^^^^^^^^^^^
  File "/usr/local/lib/python3.12/site-packages/django/utils/deprecation.py", line 119, in __call__
    response = self.process_request(request)
               ^^^^^^^^^^^^^^^^^^^^^^^^^^^^^
  File "/usr/local/lib/python3.12/site-packages/django/middleware/security.py", line 28, in process_request
    host = self.redirect_host or request.get_host()
                                 ^^^^^^^^^^^^^^^^^^
  File "/usr/local/lib/python3.12/site-packages/django/http/request.py", line 186, in get_host
    raise DisallowedHost(msg)
django.core.exceptions.DisallowedHost: Invalid HTTP_HOST header: 'localhost:8000'. You may need to add 'localhost' to ALLOWED_HOSTS.
WARNING 2025-08-15 23:53:48,170 log 7 140494889809600 Bad Request: /health/
WARNING 2025-08-15 23:53:48,172 basehttp 7 140494889809600 "GET /health/ HTTP/1.1" 400 143
ERROR 2025-08-15 23:54:18,270 exception 7 140494889809600 Invalid HTTP_HOST header: 'localhost:8000'. You may need to add 'localhost' to ALLOWED_HOSTS.
Traceback (most recent call last):
  File "/usr/local/lib/python3.12/site-packages/django/core/handlers/exception.py", line 55, in inner
    response = get_response(request)
               ^^^^^^^^^^^^^^^^^^^^^
  File "/usr/local/lib/python3.12/site-packages/django/utils/deprecation.py", line 119, in __call__
    response = self.process_request(request)
               ^^^^^^^^^^^^^^^^^^^^^^^^^^^^^
  File "/usr/local/lib/python3.12/site-packages/django/middleware/security.py", line 28, in process_request
    host = self.redirect_host or request.get_host()
                                 ^^^^^^^^^^^^^^^^^^
  File "/usr/local/lib/python3.12/site-packages/django/http/request.py", line 186, in get_host
    raise DisallowedHost(msg)
django.core.exceptions.DisallowedHost: Invalid HTTP_HOST header: 'localhost:8000'. You may need to add 'localhost' to ALLOWED_HOSTS.
WARNING 2025-08-15 23:54:18,274 log 7 140494889809600 Bad Request: /health/
WARNING 2025-08-15 23:54:18,276 basehttp 7 140494889809600 "GET /health/ HTTP/1.1" 400 143
ERROR 2025-08-15 23:54:48,402 exception 7 140494889809600 Invalid HTTP_HOST header: 'localhost:8000'. You may need to add 'localhost' to ALLOWED_HOSTS.
Traceback (most recent call last):
  File "/usr/local/lib/python3.12/site-packages/django/core/handlers/exception.py", line 55, in inner
    response = get_response(request)
               ^^^^^^^^^^^^^^^^^^^^^
  File "/usr/local/lib/python3.12/site-packages/django/utils/deprecation.py", line 119, in __call__
    response = self.process_request(request)
               ^^^^^^^^^^^^^^^^^^^^^^^^^^^^^
  File "/usr/local/lib/python3.12/site-packages/django/middleware/security.py", line 28, in process_request
    host = self.redirect_host or request.get_host()
                                 ^^^^^^^^^^^^^^^^^^
  File "/usr/local/lib/python3.12/site-packages/django/http/request.py", line 186, in get_host
    raise DisallowedHost(msg)
django.core.exceptions.DisallowedHost: Invalid HTTP_HOST header: 'localhost:8000'. You may need to add 'localhost' to ALLOWED_HOSTS.
WARNING 2025-08-15 23:54:48,405 log 7 140494889809600 Bad Request: /health/
WARNING 2025-08-15 23:54:48,406 basehttp 7 140494889809600 "GET /health/ HTTP/1.1" 400 143
ERROR 2025-08-15 23:55:18,540 exception 7 140494889809600 Invalid HTTP_HOST header: 'localhost:8000'. You may need to add 'localhost' to ALLOWED_HOSTS.
Traceback (most recent call last):
  File "/usr/local/lib/python3.12/site-packages/django/core/handlers/exception.py", line 55, in inner
    response = get_response(request)
               ^^^^^^^^^^^^^^^^^^^^^
  File "/usr/local/lib/python3.12/site-packages/django/utils/deprecation.py", line 119, in __call__
    response = self.process_request(request)
               ^^^^^^^^^^^^^^^^^^^^^^^^^^^^^
  File "/usr/local/lib/python3.12/site-packages/django/middleware/security.py", line 28, in process_request
    host = self.redirect_host or request.get_host()
                                 ^^^^^^^^^^^^^^^^^^
  File "/usr/local/lib/python3.12/site-packages/django/http/request.py", line 186, in get_host
    raise DisallowedHost(msg)
django.core.exceptions.DisallowedHost: Invalid HTTP_HOST header: 'localhost:8000'. You may need to add 'localhost' to ALLOWED_HOSTS.
WARNING 2025-08-15 23:55:18,544 log 7 140494889809600 Bad Request: /health/
WARNING 2025-08-15 23:55:18,546 basehttp 7 140494889809600 "GET /health/ HTTP/1.1" 400 143
ERROR 2025-08-15 23:55:48,656 exception 7 140494889809600 Invalid HTTP_HOST header: 'localhost:8000'. You may need to add 'localhost' to ALLOWED_HOSTS.
Traceback (most recent call last):
  File "/usr/local/lib/python3.12/site-packages/django/core/handlers/exception.py", line 55, in inner
    response = get_response(request)
               ^^^^^^^^^^^^^^^^^^^^^
  File "/usr/local/lib/python3.12/site-packages/django/utils/deprecation.py", line 119, in __call__
    response = self.process_request(request)
               ^^^^^^^^^^^^^^^^^^^^^^^^^^^^^
  File "/usr/local/lib/python3.12/site-packages/django/middleware/security.py", line 28, in process_request
    host = self.redirect_host or request.get_host()
                                 ^^^^^^^^^^^^^^^^^^
  File "/usr/local/lib/python3.12/site-packages/django/http/request.py", line 186, in get_host
    raise DisallowedHost(msg)
django.core.exceptions.DisallowedHost: Invalid HTTP_HOST header: 'localhost:8000'. You may need to add 'localhost' to ALLOWED_HOSTS.
WARNING 2025-08-15 23:55:48,661 log 7 140494889809600 Bad Request: /health/
WARNING 2025-08-15 23:55:48,662 basehttp 7 140494889809600 "GET /health/ HTTP/1.1" 400 143
ERROR 2025-08-15 23:56:18,774 exception 7 140494889809600 Invalid HTTP_HOST header: 'localhost:8000'. You may need to add 'localhost' to ALLOWED_HOSTS.
Traceback (most recent call last):
  File "/usr/local/lib/python3.12/site-packages/django/core/handlers/exception.py", line 55, in inner
    response = get_response(request)
               ^^^^^^^^^^^^^^^^^^^^^
  File "/usr/local/lib/python3.12/site-packages/django/utils/deprecation.py", line 119, in __call__
    response = self.process_request(request)
               ^^^^^^^^^^^^^^^^^^^^^^^^^^^^^
  File "/usr/local/lib/python3.12/site-packages/django/middleware/security.py", line 28, in process_request
    host = self.redirect_host or request.get_host()
                                 ^^^^^^^^^^^^^^^^^^
  File "/usr/local/lib/python3.12/site-packages/django/http/request.py", line 186, in get_host
    raise DisallowedHost(msg)
django.core.exceptions.DisallowedHost: Invalid HTTP_HOST header: 'localhost:8000'. You may need to add 'localhost' to ALLOWED_HOSTS.
WARNING 2025-08-15 23:56:18,777 log 7 140494889809600 Bad Request: /health/
WARNING 2025-08-15 23:56:18,778 basehttp 7 140494889809600 "GET /health/ HTTP/1.1" 400 143
ERROR 2025-08-15 23:56:48,858 exception 7 140494889809600 Invalid HTTP_HOST header: 'localhost:8000'. You may need to add 'localhost' to ALLOWED_HOSTS.
Traceback (most recent call last):
  File "/usr/local/lib/python3.12/site-packages/django/core/handlers/exception.py", line 55, in inner
    response = get_response(request)
               ^^^^^^^^^^^^^^^^^^^^^
  File "/usr/local/lib/python3.12/site-packages/django/utils/deprecation.py", line 119, in __call__
    response = self.process_request(request)
               ^^^^^^^^^^^^^^^^^^^^^^^^^^^^^
  File "/usr/local/lib/python3.12/site-packages/django/middleware/security.py", line 28, in process_request
    host = self.redirect_host or request.get_host()
                                 ^^^^^^^^^^^^^^^^^^
  File "/usr/local/lib/python3.12/site-packages/django/http/request.py", line 186, in get_host
    raise DisallowedHost(msg)
django.core.exceptions.DisallowedHost: Invalid HTTP_HOST header: 'localhost:8000'. You may need to add 'localhost' to ALLOWED_HOSTS.
WARNING 2025-08-15 23:56:48,861 log 7 140494889809600 Bad Request: /health/
WARNING 2025-08-15 23:56:48,863 basehttp 7 140494889809600 "GET /health/ HTTP/1.1" 400 143
ERROR 2025-08-15 23:57:18,950 exception 7 140494889809600 Invalid HTTP_HOST header: 'localhost:8000'. You may need to add 'localhost' to ALLOWED_HOSTS.
Traceback (most recent call last):
  File "/usr/local/lib/python3.12/site-packages/django/core/handlers/exception.py", line 55, in inner
    response = get_response(request)
               ^^^^^^^^^^^^^^^^^^^^^
  File "/usr/local/lib/python3.12/site-packages/django/utils/deprecation.py", line 119, in __call__
    response = self.process_request(request)
               ^^^^^^^^^^^^^^^^^^^^^^^^^^^^^
  File "/usr/local/lib/python3.12/site-packages/django/middleware/security.py", line 28, in process_request
    host = self.redirect_host or request.get_host()
                                 ^^^^^^^^^^^^^^^^^^
  File "/usr/local/lib/python3.12/site-packages/django/http/request.py", line 186, in get_host
    raise DisallowedHost(msg)
django.core.exceptions.DisallowedHost: Invalid HTTP_HOST header: 'localhost:8000'. You may need to add 'localhost' to ALLOWED_HOSTS.
WARNING 2025-08-15 23:57:18,954 log 7 140494889809600 Bad Request: /health/
WARNING 2025-08-15 23:57:18,956 basehttp 7 140494889809600 "GET /health/ HTTP/1.1" 400 143
INFO 2025-08-15 23:58:02,844 autoreload 7 140077671701376 Watching for file changes with StatReloader
ERROR 2025-08-15 23:58:34,382 exception 7 140077560927936 Invalid HTTP_HOST header: 'localhost:8000'. You may need to add 'localhost' to ALLOWED_HOSTS.
Traceback (most recent call last):
  File "/usr/local/lib/python3.12/site-packages/django/core/handlers/exception.py", line 55, in inner
    response = get_response(request)
               ^^^^^^^^^^^^^^^^^^^^^
  File "/usr/local/lib/python3.12/site-packages/django/utils/deprecation.py", line 119, in __call__
    response = self.process_request(request)
               ^^^^^^^^^^^^^^^^^^^^^^^^^^^^^
  File "/usr/local/lib/python3.12/site-packages/django/middleware/security.py", line 28, in process_request
    host = self.redirect_host or request.get_host()
                                 ^^^^^^^^^^^^^^^^^^
  File "/usr/local/lib/python3.12/site-packages/django/http/request.py", line 186, in get_host
    raise DisallowedHost(msg)
django.core.exceptions.DisallowedHost: Invalid HTTP_HOST header: 'localhost:8000'. You may need to add 'localhost' to ALLOWED_HOSTS.
WARNING 2025-08-15 23:58:34,392 log 7 140077560927936 Bad Request: /health/
WARNING 2025-08-15 23:58:34,394 basehttp 7 140077560927936 "GET /health/ HTTP/1.1" 400 143
ERROR 2025-08-15 23:58:55,351 exception 7 140077560927936 Invalid HTTP_HOST header: 'localhost'. You may need to add 'localhost' to ALLOWED_HOSTS.
Traceback (most recent call last):
  File "/usr/local/lib/python3.12/site-packages/django/core/handlers/exception.py", line 55, in inner
    response = get_response(request)
               ^^^^^^^^^^^^^^^^^^^^^
  File "/usr/local/lib/python3.12/site-packages/django/utils/deprecation.py", line 119, in __call__
    response = self.process_request(request)
               ^^^^^^^^^^^^^^^^^^^^^^^^^^^^^
  File "/usr/local/lib/python3.12/site-packages/django/middleware/security.py", line 28, in process_request
    host = self.redirect_host or request.get_host()
                                 ^^^^^^^^^^^^^^^^^^
  File "/usr/local/lib/python3.12/site-packages/django/http/request.py", line 186, in get_host
    raise DisallowedHost(msg)
django.core.exceptions.DisallowedHost: Invalid HTTP_HOST header: 'localhost'. You may need to add 'localhost' to ALLOWED_HOSTS.
WARNING 2025-08-15 23:58:55,356 log 7 140077560927936 Bad Request: /
WARNING 2025-08-15 23:58:55,357 basehttp 7 140077560927936 "GET / HTTP/1.0" 400 143
ERROR 2025-08-15 23:58:55,798 exception 7 140077560927936 Invalid HTTP_HOST header: 'localhost'. You may need to add 'localhost' to ALLOWED_HOSTS.
Traceback (most recent call last):
  File "/usr/local/lib/python3.12/site-packages/django/core/handlers/exception.py", line 55, in inner
    response = get_response(request)
               ^^^^^^^^^^^^^^^^^^^^^
  File "/usr/local/lib/python3.12/site-packages/django/utils/deprecation.py", line 119, in __call__
    response = self.process_request(request)
               ^^^^^^^^^^^^^^^^^^^^^^^^^^^^^
  File "/usr/local/lib/python3.12/site-packages/django/middleware/security.py", line 28, in process_request
    host = self.redirect_host or request.get_host()
                                 ^^^^^^^^^^^^^^^^^^
  File "/usr/local/lib/python3.12/site-packages/django/http/request.py", line 186, in get_host
    raise DisallowedHost(msg)
django.core.exceptions.DisallowedHost: Invalid HTTP_HOST header: 'localhost'. You may need to add 'localhost' to ALLOWED_HOSTS.
WARNING 2025-08-15 23:58:55,803 log 7 140077560927936 Bad Request: /favicon.ico
WARNING 2025-08-15 23:58:55,805 basehttp 7 140077560927936 "GET /favicon.ico HTTP/1.0" 400 143
ERROR 2025-08-15 23:59:04,494 exception 7 140077560927936 Invalid HTTP_HOST header: 'localhost:8000'. You may need to add 'localhost' to ALLOWED_HOSTS.
Traceback (most recent call last):
  File "/usr/local/lib/python3.12/site-packages/django/core/handlers/exception.py", line 55, in inner
    response = get_response(request)
               ^^^^^^^^^^^^^^^^^^^^^
  File "/usr/local/lib/python3.12/site-packages/django/utils/deprecation.py", line 119, in __call__
    response = self.process_request(request)
               ^^^^^^^^^^^^^^^^^^^^^^^^^^^^^
  File "/usr/local/lib/python3.12/site-packages/django/middleware/security.py", line 28, in process_request
    host = self.redirect_host or request.get_host()
                                 ^^^^^^^^^^^^^^^^^^
  File "/usr/local/lib/python3.12/site-packages/django/http/request.py", line 186, in get_host
    raise DisallowedHost(msg)
django.core.exceptions.DisallowedHost: Invalid HTTP_HOST header: 'localhost:8000'. You may need to add 'localhost' to ALLOWED_HOSTS.
WARNING 2025-08-15 23:59:04,498 log 7 140077560927936 Bad Request: /health/
WARNING 2025-08-15 23:59:04,500 basehttp 7 140077560927936 "GET /health/ HTTP/1.1" 400 143
ERROR 2025-08-15 23:59:34,555 exception 7 140077560927936 Invalid HTTP_HOST header: 'localhost:8000'. You may need to add 'localhost' to ALLOWED_HOSTS.
Traceback (most recent call last):
  File "/usr/local/lib/python3.12/site-packages/django/core/handlers/exception.py", line 55, in inner
    response = get_response(request)
               ^^^^^^^^^^^^^^^^^^^^^
  File "/usr/local/lib/python3.12/site-packages/django/utils/deprecation.py", line 119, in __call__
    response = self.process_request(request)
               ^^^^^^^^^^^^^^^^^^^^^^^^^^^^^
  File "/usr/local/lib/python3.12/site-packages/django/middleware/security.py", line 28, in process_request
    host = self.redirect_host or request.get_host()
                                 ^^^^^^^^^^^^^^^^^^
  File "/usr/local/lib/python3.12/site-packages/django/http/request.py", line 186, in get_host
    raise DisallowedHost(msg)
django.core.exceptions.DisallowedHost: Invalid HTTP_HOST header: 'localhost:8000'. You may need to add 'localhost' to ALLOWED_HOSTS.
WARNING 2025-08-15 23:59:34,559 log 7 140077560927936 Bad Request: /health/
WARNING 2025-08-15 23:59:34,561 basehttp 7 140077560927936 "GET /health/ HTTP/1.1" 400 143
ERROR 2025-08-16 00:00:04,685 exception 7 140077560927936 Invalid HTTP_HOST header: 'localhost:8000'. You may need to add 'localhost' to ALLOWED_HOSTS.
Traceback (most recent call last):
  File "/usr/local/lib/python3.12/site-packages/django/core/handlers/exception.py", line 55, in inner
    response = get_response(request)
               ^^^^^^^^^^^^^^^^^^^^^
  File "/usr/local/lib/python3.12/site-packages/django/utils/deprecation.py", line 119, in __call__
    response = self.process_request(request)
               ^^^^^^^^^^^^^^^^^^^^^^^^^^^^^
  File "/usr/local/lib/python3.12/site-packages/django/middleware/security.py", line 28, in process_request
    host = self.redirect_host or request.get_host()
                                 ^^^^^^^^^^^^^^^^^^
  File "/usr/local/lib/python3.12/site-packages/django/http/request.py", line 186, in get_host
    raise DisallowedHost(msg)
django.core.exceptions.DisallowedHost: Invalid HTTP_HOST header: 'localhost:8000'. You may need to add 'localhost' to ALLOWED_HOSTS.
WARNING 2025-08-16 00:00:04,690 log 7 140077560927936 Bad Request: /health/
WARNING 2025-08-16 00:00:04,692 basehttp 7 140077560927936 "GET /health/ HTTP/1.1" 400 143
ERROR 2025-08-16 00:00:34,809 exception 7 140077560927936 Invalid HTTP_HOST header: 'localhost:8000'. You may need to add 'localhost' to ALLOWED_HOSTS.
Traceback (most recent call last):
  File "/usr/local/lib/python3.12/site-packages/django/core/handlers/exception.py", line 55, in inner
    response = get_response(request)
               ^^^^^^^^^^^^^^^^^^^^^
  File "/usr/local/lib/python3.12/site-packages/django/utils/deprecation.py", line 119, in __call__
    response = self.process_request(request)
               ^^^^^^^^^^^^^^^^^^^^^^^^^^^^^
  File "/usr/local/lib/python3.12/site-packages/django/middleware/security.py", line 28, in process_request
    host = self.redirect_host or request.get_host()
                                 ^^^^^^^^^^^^^^^^^^
  File "/usr/local/lib/python3.12/site-packages/django/http/request.py", line 186, in get_host
    raise DisallowedHost(msg)
django.core.exceptions.DisallowedHost: Invalid HTTP_HOST header: 'localhost:8000'. You may need to add 'localhost' to ALLOWED_HOSTS.
WARNING 2025-08-16 00:00:34,814 log 7 140077560927936 Bad Request: /health/
WARNING 2025-08-16 00:00:34,816 basehttp 7 140077560927936 "GET /health/ HTTP/1.1" 400 143
ERROR 2025-08-16 00:01:04,906 exception 7 140077560927936 Invalid HTTP_HOST header: 'localhost:8000'. You may need to add 'localhost' to ALLOWED_HOSTS.
Traceback (most recent call last):
  File "/usr/local/lib/python3.12/site-packages/django/core/handlers/exception.py", line 55, in inner
    response = get_response(request)
               ^^^^^^^^^^^^^^^^^^^^^
  File "/usr/local/lib/python3.12/site-packages/django/utils/deprecation.py", line 119, in __call__
    response = self.process_request(request)
               ^^^^^^^^^^^^^^^^^^^^^^^^^^^^^
  File "/usr/local/lib/python3.12/site-packages/django/middleware/security.py", line 28, in process_request
    host = self.redirect_host or request.get_host()
                                 ^^^^^^^^^^^^^^^^^^
  File "/usr/local/lib/python3.12/site-packages/django/http/request.py", line 186, in get_host
    raise DisallowedHost(msg)
django.core.exceptions.DisallowedHost: Invalid HTTP_HOST header: 'localhost:8000'. You may need to add 'localhost' to ALLOWED_HOSTS.
WARNING 2025-08-16 00:01:04,910 log 7 140077560927936 Bad Request: /health/
WARNING 2025-08-16 00:01:04,911 basehttp 7 140077560927936 "GET /health/ HTTP/1.1" 400 143
ERROR 2025-08-16 00:01:35,032 exception 7 140077560927936 Invalid HTTP_HOST header: 'localhost:8000'. You may need to add 'localhost' to ALLOWED_HOSTS.
Traceback (most recent call last):
  File "/usr/local/lib/python3.12/site-packages/django/core/handlers/exception.py", line 55, in inner
    response = get_response(request)
               ^^^^^^^^^^^^^^^^^^^^^
  File "/usr/local/lib/python3.12/site-packages/django/utils/deprecation.py", line 119, in __call__
    response = self.process_request(request)
               ^^^^^^^^^^^^^^^^^^^^^^^^^^^^^
  File "/usr/local/lib/python3.12/site-packages/django/middleware/security.py", line 28, in process_request
    host = self.redirect_host or request.get_host()
                                 ^^^^^^^^^^^^^^^^^^
  File "/usr/local/lib/python3.12/site-packages/django/http/request.py", line 186, in get_host
    raise DisallowedHost(msg)
django.core.exceptions.DisallowedHost: Invalid HTTP_HOST header: 'localhost:8000'. You may need to add 'localhost' to ALLOWED_HOSTS.
WARNING 2025-08-16 00:01:35,038 log 7 140077560927936 Bad Request: /health/
WARNING 2025-08-16 00:01:35,040 basehttp 7 140077560927936 "GET /health/ HTTP/1.1" 400 143
ERROR 2025-08-16 00:02:05,142 exception 7 140077560927936 Invalid HTTP_HOST header: 'localhost:8000'. You may need to add 'localhost' to ALLOWED_HOSTS.
Traceback (most recent call last):
  File "/usr/local/lib/python3.12/site-packages/django/core/handlers/exception.py", line 55, in inner
    response = get_response(request)
               ^^^^^^^^^^^^^^^^^^^^^
  File "/usr/local/lib/python3.12/site-packages/django/utils/deprecation.py", line 119, in __call__
    response = self.process_request(request)
               ^^^^^^^^^^^^^^^^^^^^^^^^^^^^^
  File "/usr/local/lib/python3.12/site-packages/django/middleware/security.py", line 28, in process_request
    host = self.redirect_host or request.get_host()
                                 ^^^^^^^^^^^^^^^^^^
  File "/usr/local/lib/python3.12/site-packages/django/http/request.py", line 186, in get_host
    raise DisallowedHost(msg)
django.core.exceptions.DisallowedHost: Invalid HTTP_HOST header: 'localhost:8000'. You may need to add 'localhost' to ALLOWED_HOSTS.
WARNING 2025-08-16 00:02:05,145 log 7 140077560927936 Bad Request: /health/
WARNING 2025-08-16 00:02:05,146 basehttp 7 140077560927936 "GET /health/ HTTP/1.1" 400 143
ERROR 2025-08-16 00:02:35,223 exception 7 140077560927936 Invalid HTTP_HOST header: 'localhost:8000'. You may need to add 'localhost' to ALLOWED_HOSTS.
Traceback (most recent call last):
  File "/usr/local/lib/python3.12/site-packages/django/core/handlers/exception.py", line 55, in inner
    response = get_response(request)
               ^^^^^^^^^^^^^^^^^^^^^
  File "/usr/local/lib/python3.12/site-packages/django/utils/deprecation.py", line 119, in __call__
    response = self.process_request(request)
               ^^^^^^^^^^^^^^^^^^^^^^^^^^^^^
  File "/usr/local/lib/python3.12/site-packages/django/middleware/security.py", line 28, in process_request
    host = self.redirect_host or request.get_host()
                                 ^^^^^^^^^^^^^^^^^^
  File "/usr/local/lib/python3.12/site-packages/django/http/request.py", line 186, in get_host
    raise DisallowedHost(msg)
django.core.exceptions.DisallowedHost: Invalid HTTP_HOST header: 'localhost:8000'. You may need to add 'localhost' to ALLOWED_HOSTS.
WARNING 2025-08-16 00:02:35,226 log 7 140077560927936 Bad Request: /health/
WARNING 2025-08-16 00:02:35,228 basehttp 7 140077560927936 "GET /health/ HTTP/1.1" 400 143
ERROR 2025-08-16 00:03:05,350 exception 7 140077560927936 Invalid HTTP_HOST header: 'localhost:8000'. You may need to add 'localhost' to ALLOWED_HOSTS.
Traceback (most recent call last):
  File "/usr/local/lib/python3.12/site-packages/django/core/handlers/exception.py", line 55, in inner
    response = get_response(request)
               ^^^^^^^^^^^^^^^^^^^^^
  File "/usr/local/lib/python3.12/site-packages/django/utils/deprecation.py", line 119, in __call__
    response = self.process_request(request)
               ^^^^^^^^^^^^^^^^^^^^^^^^^^^^^
  File "/usr/local/lib/python3.12/site-packages/django/middleware/security.py", line 28, in process_request
    host = self.redirect_host or request.get_host()
                                 ^^^^^^^^^^^^^^^^^^
  File "/usr/local/lib/python3.12/site-packages/django/http/request.py", line 186, in get_host
    raise DisallowedHost(msg)
django.core.exceptions.DisallowedHost: Invalid HTTP_HOST header: 'localhost:8000'. You may need to add 'localhost' to ALLOWED_HOSTS.
WARNING 2025-08-16 00:03:05,354 log 7 140077560927936 Bad Request: /health/
WARNING 2025-08-16 00:03:05,356 basehttp 7 140077560927936 "GET /health/ HTTP/1.1" 400 143
ERROR 2025-08-16 00:03:35,451 exception 7 140077560927936 Invalid HTTP_HOST header: 'localhost:8000'. You may need to add 'localhost' to ALLOWED_HOSTS.
Traceback (most recent call last):
  File "/usr/local/lib/python3.12/site-packages/django/core/handlers/exception.py", line 55, in inner
    response = get_response(request)
               ^^^^^^^^^^^^^^^^^^^^^
  File "/usr/local/lib/python3.12/site-packages/django/utils/deprecation.py", line 119, in __call__
    response = self.process_request(request)
               ^^^^^^^^^^^^^^^^^^^^^^^^^^^^^
  File "/usr/local/lib/python3.12/site-packages/django/middleware/security.py", line 28, in process_request
    host = self.redirect_host or request.get_host()
                                 ^^^^^^^^^^^^^^^^^^
  File "/usr/local/lib/python3.12/site-packages/django/http/request.py", line 186, in get_host
    raise DisallowedHost(msg)
django.core.exceptions.DisallowedHost: Invalid HTTP_HOST header: 'localhost:8000'. You may need to add 'localhost' to ALLOWED_HOSTS.
WARNING 2025-08-16 00:03:35,455 log 7 140077560927936 Bad Request: /health/
WARNING 2025-08-16 00:03:35,457 basehttp 7 140077560927936 "GET /health/ HTTP/1.1" 400 143
ERROR 2025-08-16 00:04:05,546 exception 7 140077560927936 Invalid HTTP_HOST header: 'localhost:8000'. You may need to add 'localhost' to ALLOWED_HOSTS.
Traceback (most recent call last):
  File "/usr/local/lib/python3.12/site-packages/django/core/handlers/exception.py", line 55, in inner
    response = get_response(request)
               ^^^^^^^^^^^^^^^^^^^^^
  File "/usr/local/lib/python3.12/site-packages/django/utils/deprecation.py", line 119, in __call__
    response = self.process_request(request)
               ^^^^^^^^^^^^^^^^^^^^^^^^^^^^^
  File "/usr/local/lib/python3.12/site-packages/django/middleware/security.py", line 28, in process_request
    host = self.redirect_host or request.get_host()
                                 ^^^^^^^^^^^^^^^^^^
  File "/usr/local/lib/python3.12/site-packages/django/http/request.py", line 186, in get_host
    raise DisallowedHost(msg)
django.core.exceptions.DisallowedHost: Invalid HTTP_HOST header: 'localhost:8000'. You may need to add 'localhost' to ALLOWED_HOSTS.
WARNING 2025-08-16 00:04:05,549 log 7 140077560927936 Bad Request: /health/
WARNING 2025-08-16 00:04:05,550 basehttp 7 140077560927936 "GET /health/ HTTP/1.1" 400 143
ERROR 2025-08-16 00:04:35,651 exception 7 140077560927936 Invalid HTTP_HOST header: 'localhost:8000'. You may need to add 'localhost' to ALLOWED_HOSTS.
Traceback (most recent call last):
  File "/usr/local/lib/python3.12/site-packages/django/core/handlers/exception.py", line 55, in inner
    response = get_response(request)
               ^^^^^^^^^^^^^^^^^^^^^
  File "/usr/local/lib/python3.12/site-packages/django/utils/deprecation.py", line 119, in __call__
    response = self.process_request(request)
               ^^^^^^^^^^^^^^^^^^^^^^^^^^^^^
  File "/usr/local/lib/python3.12/site-packages/django/middleware/security.py", line 28, in process_request
    host = self.redirect_host or request.get_host()
                                 ^^^^^^^^^^^^^^^^^^
  File "/usr/local/lib/python3.12/site-packages/django/http/request.py", line 186, in get_host
    raise DisallowedHost(msg)
django.core.exceptions.DisallowedHost: Invalid HTTP_HOST header: 'localhost:8000'. You may need to add 'localhost' to ALLOWED_HOSTS.
WARNING 2025-08-16 00:04:35,654 log 7 140077560927936 Bad Request: /health/
WARNING 2025-08-16 00:04:35,656 basehttp 7 140077560927936 "GET /health/ HTTP/1.1" 400 143
ERROR 2025-08-16 00:05:05,714 exception 7 140077560927936 Invalid HTTP_HOST header: 'localhost:8000'. You may need to add 'localhost' to ALLOWED_HOSTS.
Traceback (most recent call last):
  File "/usr/local/lib/python3.12/site-packages/django/core/handlers/exception.py", line 55, in inner
    response = get_response(request)
               ^^^^^^^^^^^^^^^^^^^^^
  File "/usr/local/lib/python3.12/site-packages/django/utils/deprecation.py", line 119, in __call__
    response = self.process_request(request)
               ^^^^^^^^^^^^^^^^^^^^^^^^^^^^^
  File "/usr/local/lib/python3.12/site-packages/django/middleware/security.py", line 28, in process_request
    host = self.redirect_host or request.get_host()
                                 ^^^^^^^^^^^^^^^^^^
  File "/usr/local/lib/python3.12/site-packages/django/http/request.py", line 186, in get_host
    raise DisallowedHost(msg)
django.core.exceptions.DisallowedHost: Invalid HTTP_HOST header: 'localhost:8000'. You may need to add 'localhost' to ALLOWED_HOSTS.
WARNING 2025-08-16 00:05:05,717 log 7 140077560927936 Bad Request: /health/
WARNING 2025-08-16 00:05:05,720 basehttp 7 140077560927936 "GET /health/ HTTP/1.1" 400 143
ERROR 2025-08-16 00:05:35,786 exception 7 140077560927936 Invalid HTTP_HOST header: 'localhost:8000'. You may need to add 'localhost' to ALLOWED_HOSTS.
Traceback (most recent call last):
  File "/usr/local/lib/python3.12/site-packages/django/core/handlers/exception.py", line 55, in inner
    response = get_response(request)
               ^^^^^^^^^^^^^^^^^^^^^
  File "/usr/local/lib/python3.12/site-packages/django/utils/deprecation.py", line 119, in __call__
    response = self.process_request(request)
               ^^^^^^^^^^^^^^^^^^^^^^^^^^^^^
  File "/usr/local/lib/python3.12/site-packages/django/middleware/security.py", line 28, in process_request
    host = self.redirect_host or request.get_host()
                                 ^^^^^^^^^^^^^^^^^^
  File "/usr/local/lib/python3.12/site-packages/django/http/request.py", line 186, in get_host
    raise DisallowedHost(msg)
django.core.exceptions.DisallowedHost: Invalid HTTP_HOST header: 'localhost:8000'. You may need to add 'localhost' to ALLOWED_HOSTS.
WARNING 2025-08-16 00:05:35,789 log 7 140077560927936 Bad Request: /health/
WARNING 2025-08-16 00:05:35,791 basehttp 7 140077560927936 "GET /health/ HTTP/1.1" 400 143
ERROR 2025-08-16 00:06:05,893 exception 7 140077560927936 Invalid HTTP_HOST header: 'localhost:8000'. You may need to add 'localhost' to ALLOWED_HOSTS.
Traceback (most recent call last):
  File "/usr/local/lib/python3.12/site-packages/django/core/handlers/exception.py", line 55, in inner
    response = get_response(request)
               ^^^^^^^^^^^^^^^^^^^^^
  File "/usr/local/lib/python3.12/site-packages/django/utils/deprecation.py", line 119, in __call__
    response = self.process_request(request)
               ^^^^^^^^^^^^^^^^^^^^^^^^^^^^^
  File "/usr/local/lib/python3.12/site-packages/django/middleware/security.py", line 28, in process_request
    host = self.redirect_host or request.get_host()
                                 ^^^^^^^^^^^^^^^^^^
  File "/usr/local/lib/python3.12/site-packages/django/http/request.py", line 186, in get_host
    raise DisallowedHost(msg)
django.core.exceptions.DisallowedHost: Invalid HTTP_HOST header: 'localhost:8000'. You may need to add 'localhost' to ALLOWED_HOSTS.
WARNING 2025-08-16 00:06:05,898 log 7 140077560927936 Bad Request: /health/
WARNING 2025-08-16 00:06:05,899 basehttp 7 140077560927936 "GET /health/ HTTP/1.1" 400 143
ERROR 2025-08-16 00:06:36,002 exception 7 140077560927936 Invalid HTTP_HOST header: 'localhost:8000'. You may need to add 'localhost' to ALLOWED_HOSTS.
Traceback (most recent call last):
  File "/usr/local/lib/python3.12/site-packages/django/core/handlers/exception.py", line 55, in inner
    response = get_response(request)
               ^^^^^^^^^^^^^^^^^^^^^
  File "/usr/local/lib/python3.12/site-packages/django/utils/deprecation.py", line 119, in __call__
    response = self.process_request(request)
               ^^^^^^^^^^^^^^^^^^^^^^^^^^^^^
  File "/usr/local/lib/python3.12/site-packages/django/middleware/security.py", line 28, in process_request
    host = self.redirect_host or request.get_host()
                                 ^^^^^^^^^^^^^^^^^^
  File "/usr/local/lib/python3.12/site-packages/django/http/request.py", line 186, in get_host
    raise DisallowedHost(msg)
django.core.exceptions.DisallowedHost: Invalid HTTP_HOST header: 'localhost:8000'. You may need to add 'localhost' to ALLOWED_HOSTS.
WARNING 2025-08-16 00:06:36,007 log 7 140077560927936 Bad Request: /health/
WARNING 2025-08-16 00:06:36,010 basehttp 7 140077560927936 "GET /health/ HTTP/1.1" 400 143
ERROR 2025-08-16 00:07:06,096 exception 7 140077560927936 Invalid HTTP_HOST header: 'localhost:8000'. You may need to add 'localhost' to ALLOWED_HOSTS.
Traceback (most recent call last):
  File "/usr/local/lib/python3.12/site-packages/django/core/handlers/exception.py", line 55, in inner
    response = get_response(request)
               ^^^^^^^^^^^^^^^^^^^^^
  File "/usr/local/lib/python3.12/site-packages/django/utils/deprecation.py", line 119, in __call__
    response = self.process_request(request)
               ^^^^^^^^^^^^^^^^^^^^^^^^^^^^^
  File "/usr/local/lib/python3.12/site-packages/django/middleware/security.py", line 28, in process_request
    host = self.redirect_host or request.get_host()
                                 ^^^^^^^^^^^^^^^^^^
  File "/usr/local/lib/python3.12/site-packages/django/http/request.py", line 186, in get_host
    raise DisallowedHost(msg)
django.core.exceptions.DisallowedHost: Invalid HTTP_HOST header: 'localhost:8000'. You may need to add 'localhost' to ALLOWED_HOSTS.
WARNING 2025-08-16 00:07:06,100 log 7 140077560927936 Bad Request: /health/
WARNING 2025-08-16 00:07:06,101 basehttp 7 140077560927936 "GET /health/ HTTP/1.1" 400 143
ERROR 2025-08-16 00:07:36,196 exception 7 140077560927936 Invalid HTTP_HOST header: 'localhost:8000'. You may need to add 'localhost' to ALLOWED_HOSTS.
Traceback (most recent call last):
  File "/usr/local/lib/python3.12/site-packages/django/core/handlers/exception.py", line 55, in inner
    response = get_response(request)
               ^^^^^^^^^^^^^^^^^^^^^
  File "/usr/local/lib/python3.12/site-packages/django/utils/deprecation.py", line 119, in __call__
    response = self.process_request(request)
               ^^^^^^^^^^^^^^^^^^^^^^^^^^^^^
  File "/usr/local/lib/python3.12/site-packages/django/middleware/security.py", line 28, in process_request
    host = self.redirect_host or request.get_host()
                                 ^^^^^^^^^^^^^^^^^^
  File "/usr/local/lib/python3.12/site-packages/django/http/request.py", line 186, in get_host
    raise DisallowedHost(msg)
django.core.exceptions.DisallowedHost: Invalid HTTP_HOST header: 'localhost:8000'. You may need to add 'localhost' to ALLOWED_HOSTS.
WARNING 2025-08-16 00:07:36,200 log 7 140077560927936 Bad Request: /health/
WARNING 2025-08-16 00:07:36,202 basehttp 7 140077560927936 "GET /health/ HTTP/1.1" 400 143
ERROR 2025-08-16 00:08:06,283 exception 7 140077560927936 Invalid HTTP_HOST header: 'localhost:8000'. You may need to add 'localhost' to ALLOWED_HOSTS.
Traceback (most recent call last):
  File "/usr/local/lib/python3.12/site-packages/django/core/handlers/exception.py", line 55, in inner
    response = get_response(request)
               ^^^^^^^^^^^^^^^^^^^^^
  File "/usr/local/lib/python3.12/site-packages/django/utils/deprecation.py", line 119, in __call__
    response = self.process_request(request)
               ^^^^^^^^^^^^^^^^^^^^^^^^^^^^^
  File "/usr/local/lib/python3.12/site-packages/django/middleware/security.py", line 28, in process_request
    host = self.redirect_host or request.get_host()
                                 ^^^^^^^^^^^^^^^^^^
  File "/usr/local/lib/python3.12/site-packages/django/http/request.py", line 186, in get_host
    raise DisallowedHost(msg)
django.core.exceptions.DisallowedHost: Invalid HTTP_HOST header: 'localhost:8000'. You may need to add 'localhost' to ALLOWED_HOSTS.
WARNING 2025-08-16 00:08:06,287 log 7 140077560927936 Bad Request: /health/
WARNING 2025-08-16 00:08:06,290 basehttp 7 140077560927936 "GET /health/ HTTP/1.1" 400 143
ERROR 2025-08-16 00:08:36,357 exception 7 140077560927936 Invalid HTTP_HOST header: 'localhost:8000'. You may need to add 'localhost' to ALLOWED_HOSTS.
Traceback (most recent call last):
  File "/usr/local/lib/python3.12/site-packages/django/core/handlers/exception.py", line 55, in inner
    response = get_response(request)
               ^^^^^^^^^^^^^^^^^^^^^
  File "/usr/local/lib/python3.12/site-packages/django/utils/deprecation.py", line 119, in __call__
    response = self.process_request(request)
               ^^^^^^^^^^^^^^^^^^^^^^^^^^^^^
  File "/usr/local/lib/python3.12/site-packages/django/middleware/security.py", line 28, in process_request
    host = self.redirect_host or request.get_host()
                                 ^^^^^^^^^^^^^^^^^^
  File "/usr/local/lib/python3.12/site-packages/django/http/request.py", line 186, in get_host
    raise DisallowedHost(msg)
django.core.exceptions.DisallowedHost: Invalid HTTP_HOST header: 'localhost:8000'. You may need to add 'localhost' to ALLOWED_HOSTS.
WARNING 2025-08-16 00:08:36,360 log 7 140077560927936 Bad Request: /health/
WARNING 2025-08-16 00:08:36,362 basehttp 7 140077560927936 "GET /health/ HTTP/1.1" 400 143
ERROR 2025-08-16 00:09:06,477 exception 7 140077560927936 Invalid HTTP_HOST header: 'localhost:8000'. You may need to add 'localhost' to ALLOWED_HOSTS.
Traceback (most recent call last):
  File "/usr/local/lib/python3.12/site-packages/django/core/handlers/exception.py", line 55, in inner
    response = get_response(request)
               ^^^^^^^^^^^^^^^^^^^^^
  File "/usr/local/lib/python3.12/site-packages/django/utils/deprecation.py", line 119, in __call__
    response = self.process_request(request)
               ^^^^^^^^^^^^^^^^^^^^^^^^^^^^^
  File "/usr/local/lib/python3.12/site-packages/django/middleware/security.py", line 28, in process_request
    host = self.redirect_host or request.get_host()
                                 ^^^^^^^^^^^^^^^^^^
  File "/usr/local/lib/python3.12/site-packages/django/http/request.py", line 186, in get_host
    raise DisallowedHost(msg)
django.core.exceptions.DisallowedHost: Invalid HTTP_HOST header: 'localhost:8000'. You may need to add 'localhost' to ALLOWED_HOSTS.
WARNING 2025-08-16 00:09:06,479 log 7 140077560927936 Bad Request: /health/
WARNING 2025-08-16 00:09:06,480 basehttp 7 140077560927936 "GET /health/ HTTP/1.1" 400 143
ERROR 2025-08-16 00:09:36,595 exception 7 140077560927936 Invalid HTTP_HOST header: 'localhost:8000'. You may need to add 'localhost' to ALLOWED_HOSTS.
Traceback (most recent call last):
  File "/usr/local/lib/python3.12/site-packages/django/core/handlers/exception.py", line 55, in inner
    response = get_response(request)
               ^^^^^^^^^^^^^^^^^^^^^
  File "/usr/local/lib/python3.12/site-packages/django/utils/deprecation.py", line 119, in __call__
    response = self.process_request(request)
               ^^^^^^^^^^^^^^^^^^^^^^^^^^^^^
  File "/usr/local/lib/python3.12/site-packages/django/middleware/security.py", line 28, in process_request
    host = self.redirect_host or request.get_host()
                                 ^^^^^^^^^^^^^^^^^^
  File "/usr/local/lib/python3.12/site-packages/django/http/request.py", line 186, in get_host
    raise DisallowedHost(msg)
django.core.exceptions.DisallowedHost: Invalid HTTP_HOST header: 'localhost:8000'. You may need to add 'localhost' to ALLOWED_HOSTS.
WARNING 2025-08-16 00:09:36,599 log 7 140077560927936 Bad Request: /health/
WARNING 2025-08-16 00:09:36,601 basehttp 7 140077560927936 "GET /health/ HTTP/1.1" 400 143
ERROR 2025-08-16 00:10:06,716 exception 7 140077560927936 Invalid HTTP_HOST header: 'localhost:8000'. You may need to add 'localhost' to ALLOWED_HOSTS.
Traceback (most recent call last):
  File "/usr/local/lib/python3.12/site-packages/django/core/handlers/exception.py", line 55, in inner
    response = get_response(request)
               ^^^^^^^^^^^^^^^^^^^^^
  File "/usr/local/lib/python3.12/site-packages/django/utils/deprecation.py", line 119, in __call__
    response = self.process_request(request)
               ^^^^^^^^^^^^^^^^^^^^^^^^^^^^^
  File "/usr/local/lib/python3.12/site-packages/django/middleware/security.py", line 28, in process_request
    host = self.redirect_host or request.get_host()
                                 ^^^^^^^^^^^^^^^^^^
  File "/usr/local/lib/python3.12/site-packages/django/http/request.py", line 186, in get_host
    raise DisallowedHost(msg)
django.core.exceptions.DisallowedHost: Invalid HTTP_HOST header: 'localhost:8000'. You may need to add 'localhost' to ALLOWED_HOSTS.
WARNING 2025-08-16 00:10:06,720 log 7 140077560927936 Bad Request: /health/
WARNING 2025-08-16 00:10:06,722 basehttp 7 140077560927936 "GET /health/ HTTP/1.1" 400 143
ERROR 2025-08-16 00:10:36,800 exception 7 140077560927936 Invalid HTTP_HOST header: 'localhost:8000'. You may need to add 'localhost' to ALLOWED_HOSTS.
Traceback (most recent call last):
  File "/usr/local/lib/python3.12/site-packages/django/core/handlers/exception.py", line 55, in inner
    response = get_response(request)
               ^^^^^^^^^^^^^^^^^^^^^
  File "/usr/local/lib/python3.12/site-packages/django/utils/deprecation.py", line 119, in __call__
    response = self.process_request(request)
               ^^^^^^^^^^^^^^^^^^^^^^^^^^^^^
  File "/usr/local/lib/python3.12/site-packages/django/middleware/security.py", line 28, in process_request
    host = self.redirect_host or request.get_host()
                                 ^^^^^^^^^^^^^^^^^^
  File "/usr/local/lib/python3.12/site-packages/django/http/request.py", line 186, in get_host
    raise DisallowedHost(msg)
django.core.exceptions.DisallowedHost: Invalid HTTP_HOST header: 'localhost:8000'. You may need to add 'localhost' to ALLOWED_HOSTS.
WARNING 2025-08-16 00:10:36,804 log 7 140077560927936 Bad Request: /health/
WARNING 2025-08-16 00:10:36,806 basehttp 7 140077560927936 "GET /health/ HTTP/1.1" 400 143
ERROR 2025-08-16 00:11:06,895 exception 7 140077560927936 Invalid HTTP_HOST header: 'localhost:8000'. You may need to add 'localhost' to ALLOWED_HOSTS.
Traceback (most recent call last):
  File "/usr/local/lib/python3.12/site-packages/django/core/handlers/exception.py", line 55, in inner
    response = get_response(request)
               ^^^^^^^^^^^^^^^^^^^^^
  File "/usr/local/lib/python3.12/site-packages/django/utils/deprecation.py", line 119, in __call__
    response = self.process_request(request)
               ^^^^^^^^^^^^^^^^^^^^^^^^^^^^^
  File "/usr/local/lib/python3.12/site-packages/django/middleware/security.py", line 28, in process_request
    host = self.redirect_host or request.get_host()
                                 ^^^^^^^^^^^^^^^^^^
  File "/usr/local/lib/python3.12/site-packages/django/http/request.py", line 186, in get_host
    raise DisallowedHost(msg)
django.core.exceptions.DisallowedHost: Invalid HTTP_HOST header: 'localhost:8000'. You may need to add 'localhost' to ALLOWED_HOSTS.
WARNING 2025-08-16 00:11:06,899 log 7 140077560927936 Bad Request: /health/
WARNING 2025-08-16 00:11:06,901 basehttp 7 140077560927936 "GET /health/ HTTP/1.1" 400 143
ERROR 2025-08-16 00:11:37,022 exception 7 140077560927936 Invalid HTTP_HOST header: 'localhost:8000'. You may need to add 'localhost' to ALLOWED_HOSTS.
Traceback (most recent call last):
  File "/usr/local/lib/python3.12/site-packages/django/core/handlers/exception.py", line 55, in inner
    response = get_response(request)
               ^^^^^^^^^^^^^^^^^^^^^
  File "/usr/local/lib/python3.12/site-packages/django/utils/deprecation.py", line 119, in __call__
    response = self.process_request(request)
               ^^^^^^^^^^^^^^^^^^^^^^^^^^^^^
  File "/usr/local/lib/python3.12/site-packages/django/middleware/security.py", line 28, in process_request
    host = self.redirect_host or request.get_host()
                                 ^^^^^^^^^^^^^^^^^^
  File "/usr/local/lib/python3.12/site-packages/django/http/request.py", line 186, in get_host
    raise DisallowedHost(msg)
django.core.exceptions.DisallowedHost: Invalid HTTP_HOST header: 'localhost:8000'. You may need to add 'localhost' to ALLOWED_HOSTS.
WARNING 2025-08-16 00:11:37,026 log 7 140077560927936 Bad Request: /health/
WARNING 2025-08-16 00:11:37,027 basehttp 7 140077560927936 "GET /health/ HTTP/1.1" 400 143
ERROR 2025-08-16 00:12:07,115 exception 7 140077560927936 Invalid HTTP_HOST header: 'localhost:8000'. You may need to add 'localhost' to ALLOWED_HOSTS.
Traceback (most recent call last):
  File "/usr/local/lib/python3.12/site-packages/django/core/handlers/exception.py", line 55, in inner
    response = get_response(request)
               ^^^^^^^^^^^^^^^^^^^^^
  File "/usr/local/lib/python3.12/site-packages/django/utils/deprecation.py", line 119, in __call__
    response = self.process_request(request)
               ^^^^^^^^^^^^^^^^^^^^^^^^^^^^^
  File "/usr/local/lib/python3.12/site-packages/django/middleware/security.py", line 28, in process_request
    host = self.redirect_host or request.get_host()
                                 ^^^^^^^^^^^^^^^^^^
  File "/usr/local/lib/python3.12/site-packages/django/http/request.py", line 186, in get_host
    raise DisallowedHost(msg)
django.core.exceptions.DisallowedHost: Invalid HTTP_HOST header: 'localhost:8000'. You may need to add 'localhost' to ALLOWED_HOSTS.
WARNING 2025-08-16 00:12:07,119 log 7 140077560927936 Bad Request: /health/
WARNING 2025-08-16 00:12:07,122 basehttp 7 140077560927936 "GET /health/ HTTP/1.1" 400 143
ERROR 2025-08-16 00:12:37,208 exception 7 140077560927936 Invalid HTTP_HOST header: 'localhost:8000'. You may need to add 'localhost' to ALLOWED_HOSTS.
Traceback (most recent call last):
  File "/usr/local/lib/python3.12/site-packages/django/core/handlers/exception.py", line 55, in inner
    response = get_response(request)
               ^^^^^^^^^^^^^^^^^^^^^
  File "/usr/local/lib/python3.12/site-packages/django/utils/deprecation.py", line 119, in __call__
    response = self.process_request(request)
               ^^^^^^^^^^^^^^^^^^^^^^^^^^^^^
  File "/usr/local/lib/python3.12/site-packages/django/middleware/security.py", line 28, in process_request
    host = self.redirect_host or request.get_host()
                                 ^^^^^^^^^^^^^^^^^^
  File "/usr/local/lib/python3.12/site-packages/django/http/request.py", line 186, in get_host
    raise DisallowedHost(msg)
django.core.exceptions.DisallowedHost: Invalid HTTP_HOST header: 'localhost:8000'. You may need to add 'localhost' to ALLOWED_HOSTS.
WARNING 2025-08-16 00:12:37,222 log 7 140077560927936 Bad Request: /health/
WARNING 2025-08-16 00:12:37,224 basehttp 7 140077560927936 "GET /health/ HTTP/1.1" 400 143
INFO 2025-08-16 00:13:22,795 autoreload 7 140148009741184 Watching for file changes with StatReloader
ERROR 2025-08-16 00:13:53,952 exception 7 140147898357440 Invalid HTTP_HOST header: 'localhost'. You may need to add 'localhost' to ALLOWED_HOSTS.
Traceback (most recent call last):
  File "/usr/local/lib/python3.12/site-packages/django/core/handlers/exception.py", line 55, in inner
    response = get_response(request)
               ^^^^^^^^^^^^^^^^^^^^^
  File "/usr/local/lib/python3.12/site-packages/django/utils/deprecation.py", line 119, in __call__
    response = self.process_request(request)
               ^^^^^^^^^^^^^^^^^^^^^^^^^^^^^
  File "/usr/local/lib/python3.12/site-packages/django/middleware/security.py", line 28, in process_request
    host = self.redirect_host or request.get_host()
                                 ^^^^^^^^^^^^^^^^^^
  File "/usr/local/lib/python3.12/site-packages/django/http/request.py", line 186, in get_host
    raise DisallowedHost(msg)
django.core.exceptions.DisallowedHost: Invalid HTTP_HOST header: 'localhost'. You may need to add 'localhost' to ALLOWED_HOSTS.
WARNING 2025-08-16 00:13:53,964 log 7 140147898357440 Bad Request: /
WARNING 2025-08-16 00:13:53,966 basehttp 7 140147898357440 "GET / HTTP/1.0" 400 143
ERROR 2025-08-16 00:13:54,238 exception 7 140147898357440 Invalid HTTP_HOST header: 'localhost:8000'. You may need to add 'localhost' to ALLOWED_HOSTS.
Traceback (most recent call last):
  File "/usr/local/lib/python3.12/site-packages/django/core/handlers/exception.py", line 55, in inner
    response = get_response(request)
               ^^^^^^^^^^^^^^^^^^^^^
  File "/usr/local/lib/python3.12/site-packages/django/utils/deprecation.py", line 119, in __call__
    response = self.process_request(request)
               ^^^^^^^^^^^^^^^^^^^^^^^^^^^^^
  File "/usr/local/lib/python3.12/site-packages/django/middleware/security.py", line 28, in process_request
    host = self.redirect_host or request.get_host()
                                 ^^^^^^^^^^^^^^^^^^
  File "/usr/local/lib/python3.12/site-packages/django/http/request.py", line 186, in get_host
    raise DisallowedHost(msg)
django.core.exceptions.DisallowedHost: Invalid HTTP_HOST header: 'localhost:8000'. You may need to add 'localhost' to ALLOWED_HOSTS.
WARNING 2025-08-16 00:13:54,243 log 7 140147898357440 Bad Request: /health/
WARNING 2025-08-16 00:13:54,245 basehttp 7 140147898357440 "GET /health/ HTTP/1.1" 400 143
ERROR 2025-08-16 00:13:54,435 exception 7 140147898357440 Invalid HTTP_HOST header: 'localhost'. You may need to add 'localhost' to ALLOWED_HOSTS.
Traceback (most recent call last):
  File "/usr/local/lib/python3.12/site-packages/django/core/handlers/exception.py", line 55, in inner
    response = get_response(request)
               ^^^^^^^^^^^^^^^^^^^^^
  File "/usr/local/lib/python3.12/site-packages/django/utils/deprecation.py", line 119, in __call__
    response = self.process_request(request)
               ^^^^^^^^^^^^^^^^^^^^^^^^^^^^^
  File "/usr/local/lib/python3.12/site-packages/django/middleware/security.py", line 28, in process_request
    host = self.redirect_host or request.get_host()
                                 ^^^^^^^^^^^^^^^^^^
  File "/usr/local/lib/python3.12/site-packages/django/http/request.py", line 186, in get_host
    raise DisallowedHost(msg)
django.core.exceptions.DisallowedHost: Invalid HTTP_HOST header: 'localhost'. You may need to add 'localhost' to ALLOWED_HOSTS.
WARNING 2025-08-16 00:13:54,440 log 7 140147898357440 Bad Request: /favicon.ico
WARNING 2025-08-16 00:13:54,442 basehttp 7 140147898357440 "GET /favicon.ico HTTP/1.0" 400 143
ERROR 2025-08-16 00:14:24,464 exception 7 140147898357440 Invalid HTTP_HOST header: 'localhost:8000'. You may need to add 'localhost' to ALLOWED_HOSTS.
Traceback (most recent call last):
  File "/usr/local/lib/python3.12/site-packages/django/core/handlers/exception.py", line 55, in inner
    response = get_response(request)
               ^^^^^^^^^^^^^^^^^^^^^
  File "/usr/local/lib/python3.12/site-packages/django/utils/deprecation.py", line 119, in __call__
    response = self.process_request(request)
               ^^^^^^^^^^^^^^^^^^^^^^^^^^^^^
  File "/usr/local/lib/python3.12/site-packages/django/middleware/security.py", line 28, in process_request
    host = self.redirect_host or request.get_host()
                                 ^^^^^^^^^^^^^^^^^^
  File "/usr/local/lib/python3.12/site-packages/django/http/request.py", line 186, in get_host
    raise DisallowedHost(msg)
django.core.exceptions.DisallowedHost: Invalid HTTP_HOST header: 'localhost:8000'. You may need to add 'localhost' to ALLOWED_HOSTS.
WARNING 2025-08-16 00:14:24,470 log 7 140147898357440 Bad Request: /health/
WARNING 2025-08-16 00:14:24,471 basehttp 7 140147898357440 "GET /health/ HTTP/1.1" 400 143
ERROR 2025-08-16 00:14:54,546 exception 7 140147898357440 Invalid HTTP_HOST header: 'localhost:8000'. You may need to add 'localhost' to ALLOWED_HOSTS.
Traceback (most recent call last):
  File "/usr/local/lib/python3.12/site-packages/django/core/handlers/exception.py", line 55, in inner
    response = get_response(request)
               ^^^^^^^^^^^^^^^^^^^^^
  File "/usr/local/lib/python3.12/site-packages/django/utils/deprecation.py", line 119, in __call__
    response = self.process_request(request)
               ^^^^^^^^^^^^^^^^^^^^^^^^^^^^^
  File "/usr/local/lib/python3.12/site-packages/django/middleware/security.py", line 28, in process_request
    host = self.redirect_host or request.get_host()
                                 ^^^^^^^^^^^^^^^^^^
  File "/usr/local/lib/python3.12/site-packages/django/http/request.py", line 186, in get_host
    raise DisallowedHost(msg)
django.core.exceptions.DisallowedHost: Invalid HTTP_HOST header: 'localhost:8000'. You may need to add 'localhost' to ALLOWED_HOSTS.
WARNING 2025-08-16 00:14:54,551 log 7 140147898357440 Bad Request: /health/
WARNING 2025-08-16 00:14:54,553 basehttp 7 140147898357440 "GET /health/ HTTP/1.1" 400 143
ERROR 2025-08-16 00:15:24,626 exception 7 140147898357440 Invalid HTTP_HOST header: 'localhost:8000'. You may need to add 'localhost' to ALLOWED_HOSTS.
Traceback (most recent call last):
  File "/usr/local/lib/python3.12/site-packages/django/core/handlers/exception.py", line 55, in inner
    response = get_response(request)
               ^^^^^^^^^^^^^^^^^^^^^
  File "/usr/local/lib/python3.12/site-packages/django/utils/deprecation.py", line 119, in __call__
    response = self.process_request(request)
               ^^^^^^^^^^^^^^^^^^^^^^^^^^^^^
  File "/usr/local/lib/python3.12/site-packages/django/middleware/security.py", line 28, in process_request
    host = self.redirect_host or request.get_host()
                                 ^^^^^^^^^^^^^^^^^^
  File "/usr/local/lib/python3.12/site-packages/django/http/request.py", line 186, in get_host
    raise DisallowedHost(msg)
django.core.exceptions.DisallowedHost: Invalid HTTP_HOST header: 'localhost:8000'. You may need to add 'localhost' to ALLOWED_HOSTS.
WARNING 2025-08-16 00:15:24,629 log 7 140147898357440 Bad Request: /health/
WARNING 2025-08-16 00:15:24,630 basehttp 7 140147898357440 "GET /health/ HTTP/1.1" 400 143
ERROR 2025-08-16 00:15:54,744 exception 7 140147898357440 Invalid HTTP_HOST header: 'localhost:8000'. You may need to add 'localhost' to ALLOWED_HOSTS.
Traceback (most recent call last):
  File "/usr/local/lib/python3.12/site-packages/django/core/handlers/exception.py", line 55, in inner
    response = get_response(request)
               ^^^^^^^^^^^^^^^^^^^^^
  File "/usr/local/lib/python3.12/site-packages/django/utils/deprecation.py", line 119, in __call__
    response = self.process_request(request)
               ^^^^^^^^^^^^^^^^^^^^^^^^^^^^^
  File "/usr/local/lib/python3.12/site-packages/django/middleware/security.py", line 28, in process_request
    host = self.redirect_host or request.get_host()
                                 ^^^^^^^^^^^^^^^^^^
  File "/usr/local/lib/python3.12/site-packages/django/http/request.py", line 186, in get_host
    raise DisallowedHost(msg)
django.core.exceptions.DisallowedHost: Invalid HTTP_HOST header: 'localhost:8000'. You may need to add 'localhost' to ALLOWED_HOSTS.
WARNING 2025-08-16 00:15:54,747 log 7 140147898357440 Bad Request: /health/
WARNING 2025-08-16 00:15:54,749 basehttp 7 140147898357440 "GET /health/ HTTP/1.1" 400 143
ERROR 2025-08-16 00:16:24,920 exception 7 140147898357440 Invalid HTTP_HOST header: 'localhost:8000'. You may need to add 'localhost' to ALLOWED_HOSTS.
Traceback (most recent call last):
  File "/usr/local/lib/python3.12/site-packages/django/core/handlers/exception.py", line 55, in inner
    response = get_response(request)
               ^^^^^^^^^^^^^^^^^^^^^
  File "/usr/local/lib/python3.12/site-packages/django/utils/deprecation.py", line 119, in __call__
    response = self.process_request(request)
               ^^^^^^^^^^^^^^^^^^^^^^^^^^^^^
  File "/usr/local/lib/python3.12/site-packages/django/middleware/security.py", line 28, in process_request
    host = self.redirect_host or request.get_host()
                                 ^^^^^^^^^^^^^^^^^^
  File "/usr/local/lib/python3.12/site-packages/django/http/request.py", line 186, in get_host
    raise DisallowedHost(msg)
django.core.exceptions.DisallowedHost: Invalid HTTP_HOST header: 'localhost:8000'. You may need to add 'localhost' to ALLOWED_HOSTS.
WARNING 2025-08-16 00:16:24,924 log 7 140147898357440 Bad Request: /health/
WARNING 2025-08-16 00:16:24,926 basehttp 7 140147898357440 "GET /health/ HTTP/1.1" 400 143
ERROR 2025-08-16 00:16:55,048 exception 7 140147898357440 Invalid HTTP_HOST header: 'localhost:8000'. You may need to add 'localhost' to ALLOWED_HOSTS.
Traceback (most recent call last):
  File "/usr/local/lib/python3.12/site-packages/django/core/handlers/exception.py", line 55, in inner
    response = get_response(request)
               ^^^^^^^^^^^^^^^^^^^^^
  File "/usr/local/lib/python3.12/site-packages/django/utils/deprecation.py", line 119, in __call__
    response = self.process_request(request)
               ^^^^^^^^^^^^^^^^^^^^^^^^^^^^^
  File "/usr/local/lib/python3.12/site-packages/django/middleware/security.py", line 28, in process_request
    host = self.redirect_host or request.get_host()
                                 ^^^^^^^^^^^^^^^^^^
  File "/usr/local/lib/python3.12/site-packages/django/http/request.py", line 186, in get_host
    raise DisallowedHost(msg)
django.core.exceptions.DisallowedHost: Invalid HTTP_HOST header: 'localhost:8000'. You may need to add 'localhost' to ALLOWED_HOSTS.
WARNING 2025-08-16 00:16:55,051 log 7 140147898357440 Bad Request: /health/
WARNING 2025-08-16 00:16:55,053 basehttp 7 140147898357440 "GET /health/ HTTP/1.1" 400 143
ERROR 2025-08-16 00:17:25,171 exception 7 140147898357440 Invalid HTTP_HOST header: 'localhost:8000'. You may need to add 'localhost' to ALLOWED_HOSTS.
Traceback (most recent call last):
  File "/usr/local/lib/python3.12/site-packages/django/core/handlers/exception.py", line 55, in inner
    response = get_response(request)
               ^^^^^^^^^^^^^^^^^^^^^
  File "/usr/local/lib/python3.12/site-packages/django/utils/deprecation.py", line 119, in __call__
    response = self.process_request(request)
               ^^^^^^^^^^^^^^^^^^^^^^^^^^^^^
  File "/usr/local/lib/python3.12/site-packages/django/middleware/security.py", line 28, in process_request
    host = self.redirect_host or request.get_host()
                                 ^^^^^^^^^^^^^^^^^^
  File "/usr/local/lib/python3.12/site-packages/django/http/request.py", line 186, in get_host
    raise DisallowedHost(msg)
django.core.exceptions.DisallowedHost: Invalid HTTP_HOST header: 'localhost:8000'. You may need to add 'localhost' to ALLOWED_HOSTS.
WARNING 2025-08-16 00:17:25,176 log 7 140147898357440 Bad Request: /health/
WARNING 2025-08-16 00:17:25,177 basehttp 7 140147898357440 "GET /health/ HTTP/1.1" 400 143
ERROR 2025-08-16 00:17:55,271 exception 7 140147898357440 Invalid HTTP_HOST header: 'localhost:8000'. You may need to add 'localhost' to ALLOWED_HOSTS.
Traceback (most recent call last):
  File "/usr/local/lib/python3.12/site-packages/django/core/handlers/exception.py", line 55, in inner
    response = get_response(request)
               ^^^^^^^^^^^^^^^^^^^^^
  File "/usr/local/lib/python3.12/site-packages/django/utils/deprecation.py", line 119, in __call__
    response = self.process_request(request)
               ^^^^^^^^^^^^^^^^^^^^^^^^^^^^^
  File "/usr/local/lib/python3.12/site-packages/django/middleware/security.py", line 28, in process_request
    host = self.redirect_host or request.get_host()
                                 ^^^^^^^^^^^^^^^^^^
  File "/usr/local/lib/python3.12/site-packages/django/http/request.py", line 186, in get_host
    raise DisallowedHost(msg)
django.core.exceptions.DisallowedHost: Invalid HTTP_HOST header: 'localhost:8000'. You may need to add 'localhost' to ALLOWED_HOSTS.
WARNING 2025-08-16 00:17:55,274 log 7 140147898357440 Bad Request: /health/
WARNING 2025-08-16 00:17:55,276 basehttp 7 140147898357440 "GET /health/ HTTP/1.1" 400 143
ERROR 2025-08-16 00:18:25,366 exception 7 140147898357440 Invalid HTTP_HOST header: 'localhost:8000'. You may need to add 'localhost' to ALLOWED_HOSTS.
Traceback (most recent call last):
  File "/usr/local/lib/python3.12/site-packages/django/core/handlers/exception.py", line 55, in inner
    response = get_response(request)
               ^^^^^^^^^^^^^^^^^^^^^
  File "/usr/local/lib/python3.12/site-packages/django/utils/deprecation.py", line 119, in __call__
    response = self.process_request(request)
               ^^^^^^^^^^^^^^^^^^^^^^^^^^^^^
  File "/usr/local/lib/python3.12/site-packages/django/middleware/security.py", line 28, in process_request
    host = self.redirect_host or request.get_host()
                                 ^^^^^^^^^^^^^^^^^^
  File "/usr/local/lib/python3.12/site-packages/django/http/request.py", line 186, in get_host
    raise DisallowedHost(msg)
django.core.exceptions.DisallowedHost: Invalid HTTP_HOST header: 'localhost:8000'. You may need to add 'localhost' to ALLOWED_HOSTS.
WARNING 2025-08-16 00:18:25,370 log 7 140147898357440 Bad Request: /health/
WARNING 2025-08-16 00:18:25,372 basehttp 7 140147898357440 "GET /health/ HTTP/1.1" 400 143
ERROR 2025-08-16 00:18:55,686 exception 7 140147898357440 Invalid HTTP_HOST header: 'localhost:8000'. You may need to add 'localhost' to ALLOWED_HOSTS.
Traceback (most recent call last):
  File "/usr/local/lib/python3.12/site-packages/django/core/handlers/exception.py", line 55, in inner
    response = get_response(request)
               ^^^^^^^^^^^^^^^^^^^^^
  File "/usr/local/lib/python3.12/site-packages/django/utils/deprecation.py", line 119, in __call__
    response = self.process_request(request)
               ^^^^^^^^^^^^^^^^^^^^^^^^^^^^^
  File "/usr/local/lib/python3.12/site-packages/django/middleware/security.py", line 28, in process_request
    host = self.redirect_host or request.get_host()
                                 ^^^^^^^^^^^^^^^^^^
  File "/usr/local/lib/python3.12/site-packages/django/http/request.py", line 186, in get_host
    raise DisallowedHost(msg)
django.core.exceptions.DisallowedHost: Invalid HTTP_HOST header: 'localhost:8000'. You may need to add 'localhost' to ALLOWED_HOSTS.
WARNING 2025-08-16 00:18:55,689 log 7 140147898357440 Bad Request: /health/
WARNING 2025-08-16 00:18:55,691 basehttp 7 140147898357440 "GET /health/ HTTP/1.1" 400 143
ERROR 2025-08-16 00:19:26,094 exception 7 140147898357440 Invalid HTTP_HOST header: 'localhost:8000'. You may need to add 'localhost' to ALLOWED_HOSTS.
Traceback (most recent call last):
  File "/usr/local/lib/python3.12/site-packages/django/core/handlers/exception.py", line 55, in inner
    response = get_response(request)
               ^^^^^^^^^^^^^^^^^^^^^
  File "/usr/local/lib/python3.12/site-packages/django/utils/deprecation.py", line 119, in __call__
    response = self.process_request(request)
               ^^^^^^^^^^^^^^^^^^^^^^^^^^^^^
  File "/usr/local/lib/python3.12/site-packages/django/middleware/security.py", line 28, in process_request
    host = self.redirect_host or request.get_host()
                                 ^^^^^^^^^^^^^^^^^^
  File "/usr/local/lib/python3.12/site-packages/django/http/request.py", line 186, in get_host
    raise DisallowedHost(msg)
django.core.exceptions.DisallowedHost: Invalid HTTP_HOST header: 'localhost:8000'. You may need to add 'localhost' to ALLOWED_HOSTS.
WARNING 2025-08-16 00:19:26,098 log 7 140147898357440 Bad Request: /health/
WARNING 2025-08-16 00:19:26,099 basehttp 7 140147898357440 "GET /health/ HTTP/1.1" 400 143
INFO 2025-08-16 00:19:45,478 autoreload 7 140290366917504 Watching for file changes with StatReloader
INFO 2025-08-16 00:20:16,921 log_request_headers_middleware 7 140290189072064 Request Headers: {'Content-Length': '', 'Content-Type': 'text/plain', 'Host': 'localhost:8000', 'User-Agent': 'curl/8.14.1', 'Accept': '*/*'}
INFO 2025-08-16 00:20:16,924 basehttp 7 140290189072064 "GET /health/ HTTP/1.1" 301 0
INFO 2025-08-16 00:20:47,093 log_request_headers_middleware 7 140290189072064 Request Headers: {'Content-Length': '', 'Content-Type': 'text/plain', 'Host': 'localhost:8000', 'User-Agent': 'curl/8.14.1', 'Accept': '*/*'}
INFO 2025-08-16 00:20:47,095 basehttp 7 140290189072064 "GET /health/ HTTP/1.1" 301 0
INFO 2025-08-16 00:21:17,204 log_request_headers_middleware 7 140290189072064 Request Headers: {'Content-Length': '', 'Content-Type': 'text/plain', 'Host': 'localhost:8000', 'User-Agent': 'curl/8.14.1', 'Accept': '*/*'}
INFO 2025-08-16 00:21:17,206 basehttp 7 140290189072064 "GET /health/ HTTP/1.1" 301 0
INFO 2025-08-16 00:21:47,321 log_request_headers_middleware 7 140290189072064 Request Headers: {'Content-Length': '', 'Content-Type': 'text/plain', 'Host': 'localhost:8000', 'User-Agent': 'curl/8.14.1', 'Accept': '*/*'}
INFO 2025-08-16 00:21:47,325 basehttp 7 140290189072064 "GET /health/ HTTP/1.1" 301 0
INFO 2025-08-16 00:22:17,427 log_request_headers_middleware 7 140290189072064 Request Headers: {'Content-Length': '', 'Content-Type': 'text/plain', 'Host': 'localhost:8000', 'User-Agent': 'curl/8.14.1', 'Accept': '*/*'}
INFO 2025-08-16 00:22:17,430 basehttp 7 140290189072064 "GET /health/ HTTP/1.1" 301 0
INFO 2025-08-16 00:22:31,849 log_request_headers_middleware 7 140290189072064 Request Headers: {'Content-Length': '', 'Content-Type': 'text/plain', 'Host': 'localhost:8000', 'Connection': 'keep-alive', 'Sec-Ch-Ua': '"Not;A=Brand";v="99", "Microsoft Edge";v="139", "Chromium";v="139"', 'Sec-Ch-Ua-Mobile': '?0', 'Sec-Ch-Ua-Platform': '"Windows"', 'Upgrade-Insecure-Requests': '1', 'User-Agent': 'Mozilla/5.0 (Windows NT 10.0; Win64; x64) AppleWebKit/537.36 (KHTML, like Gecko) Chrome/139.0.0.0 Safari/537.36 Edg/139.0.0.0', 'Accept': 'text/html,application/xhtml+xml,application/xml;q=0.9,image/avif,image/webp,image/apng,*/*;q=0.8,application/signed-exchange;v=b3;q=0.7', 'Sec-Fetch-Site': 'none', 'Sec-Fetch-Mode': 'navigate', 'Sec-Fetch-User': '?1', 'Sec-Fetch-Dest': 'document', 'Accept-Encoding': 'gzip, deflate, br, zstd', 'Accept-Language': 'en-US,en;q=0.9,en-GB;q=0.8', 'Cookie': 'csrftoken=hw0lZuXxIAMEJn37lVsJqcgtdszi8E70'}
INFO 2025-08-16 00:22:31,852 basehttp 7 140290189072064 "GET / HTTP/1.1" 301 0
INFO 2025-08-16 00:22:32,022 basehttp 7 140290189072064 code 400, message Bad request version ('TP&ð©P\x98}à\x8c^IsWÈ?')
ERROR 2025-08-16 00:22:32,037 basehttp 7 140290189072064 You're accessing the development server over HTTPS, but it only supports HTTP.
INFO 2025-08-16 00:22:32,072 basehttp 7 140290172286656 code 400, message Bad request version ('àÕô\x9e"\x9d\x14\x12\x00\x00')
ERROR 2025-08-16 00:22:32,074 basehttp 7 140290172286656 You're accessing the development server over HTTPS, but it only supports HTTP.
INFO 2025-08-16 00:22:34,571 basehttp 7 140290172286656 code 400, message Bad request version ('$<¹/')
ERROR 2025-08-16 00:22:34,574 basehttp 7 140290172286656 You're accessing the development server over HTTPS, but it only supports HTTP.
INFO 2025-08-16 00:22:34,589 basehttp 7 140290172286656 code 400, message Bad request version ('úú\x13\x01\x13\x02\x13\x03À+À/À,À0Ì©Ì¨À\x13À\x14\x00\x9c\x00\x9d\x00/\x005\x01\x00\x06Eêê\x00\x00DÍ\x00\x05\x00\x03\x02h2\x00')
ERROR 2025-08-16 00:22:34,591 basehttp 7 140290172286656 You're accessing the development server over HTTPS, but it only supports HTTP.
INFO 2025-08-16 00:22:34,606 basehttp 7 140290172286656 code 400, message Bad request version ('ZZ\x00\x00\x003\x04ï\x04íºº\x00\x01\x00\x11ì\x04Àib\x12\x11%\x8a7éS6')
ERROR 2025-08-16 00:22:34,607 basehttp 7 140290172286656 You're accessing the development server over HTTPS, but it only supports HTTP.
INFO 2025-08-16 00:22:34,618 basehttp 7 140290172286656 code 400, message Bad request syntax ('\x16\x03\x01\x07\x12\x01\x00\x07\x0e\x03\x03ý\x99C\x1e')
ERROR 2025-08-16 00:22:34,619 basehttp 7 140290172286656 You're accessing the development server over HTTPS, but it only supports HTTP.
INFO 2025-08-16 00:22:34,623 basehttp 7 140290172286656 code 400, message Bad HTTP/0.9 request type ('\x16\x03\x01\x06ò\x01\x00\x06î\x03\x03¢\x07ßÜ¾\x01.¬\x91µîÜ\x04ÐL\x19ï`Rð\x1b\x9a¦Þ\x10\x10ü\x1aZä¹ß')
ERROR 2025-08-16 00:22:34,624 basehttp 7 140290172286656 You're accessing the development server over HTTPS, but it only supports HTTP.
INFO 2025-08-16 00:22:34,637 basehttp 7 140290172286656 code 400, message Bad request version ('\x02h2\x08http/1.1\x00\x17\x00\x00\x00')
ERROR 2025-08-16 00:22:34,639 basehttp 7 140290172286656 You're accessing the development server over HTTPS, but it only supports HTTP.
INFO 2025-08-16 00:22:38,035 basehttp 7 140290172286656 code 400, message Bad request version ('\x8a\x8a\x13\x01\x13\x02\x13\x03À+À/À,À0Ì©Ì¨À\x13À\x14\x00\x9c\x00\x9d\x00/\x005\x01\x00\x06')
ERROR 2025-08-16 00:22:38,037 basehttp 7 140290172286656 You're accessing the development server over HTTPS, but it only supports HTTP.
INFO 2025-08-16 00:22:38,052 basehttp 7 140290172286656 code 400, message Bad request version ('::\x00\x00ÿ\x01\x00\x01\x00\x00')
ERROR 2025-08-16 00:22:38,054 basehttp 7 140290172286656 You're accessing the development server over HTTPS, but it only supports HTTP.
INFO 2025-08-16 00:22:38,074 basehttp 7 140290172286656 code 400, message Bad request version ("'Ó")
ERROR 2025-08-16 00:22:38,077 basehttp 7 140290172286656 You're accessing the development server over HTTPS, but it only supports HTTP.
INFO 2025-08-16 00:22:38,079 basehttp 7 140290163893952 code 400, message Bad request version ('\x00,\x14Ø+Å\x88\x06>V\x15zÒt\x8f÷S\x98·[\x8faÁ\x03ñ\x04fR«Z\x04\x9cK2')
ERROR 2025-08-16 00:22:38,081 basehttp 7 140290163893952 You're accessing the development server over HTTPS, but it only supports HTTP.
INFO 2025-08-16 00:22:38,087 basehttp 7 140290163893952 code 400, message Bad request version ('Y{\x92\x90\x1bDÁZ\x9c¤<\\Ê5¯\x801Ï\x96')
ERROR 2025-08-16 00:22:38,088 basehttp 7 140290163893952 You're accessing the development server over HTTPS, but it only supports HTTP.
INFO 2025-08-16 00:22:38,092 basehttp 7 140290172286656 code 400, message Bad request version ('+G/ï\x94\x9cmO\x00\x17\x00\x00ÿ\x01\x00\x01\x00\x00\x1b\x00\x03\x02\x00\x02\x00')
ERROR 2025-08-16 00:22:38,093 basehttp 7 140290172286656 You're accessing the development server over HTTPS, but it only supports HTTP.
INFO 2025-08-16 00:22:44,228 basehttp 7 140290172286656 code 400, message Bad request version ('°¨8\x95£,®(\x86\x0e\x7fº_ÌêÁre\x99þrÀKC´ÈQ\x06=Ñ\x90\x90\x9c¢\x05\x90\x1b,Qs\x18çQ>º\x056PIm15\x8aI^@µ\x88\x93\x8b4Ð©,Ê\x03¯{#¯Î\x87')
ERROR 2025-08-16 00:22:44,230 basehttp 7 140290172286656 You're accessing the development server over HTTPS, but it only supports HTTP.
INFO 2025-08-16 00:22:44,258 basehttp 7 140290172286656 code 400, message Bad request version ('\x18¡º1Ë#\x11ÕÃµ×#,íX')
ERROR 2025-08-16 00:22:44,260 basehttp 7 140290172286656 You're accessing the development server over HTTPS, but it only supports HTTP.
INFO 2025-08-16 00:22:47,587 log_request_headers_middleware 7 140290172286656 Request Headers: {'Content-Length': '', 'Content-Type': 'text/plain', 'Host': 'localhost:8000', 'User-Agent': 'curl/8.14.1', 'Accept': '*/*'}
INFO 2025-08-16 00:22:47,589 basehttp 7 140290172286656 "GET /health/ HTTP/1.1" 301 0
INFO 2025-08-16 00:23:12,939 basehttp 7 140290172286656 code 400, message Bad request version ('\x9b\x9a\x9fSP2¨Ü~µ`Dâ?A')
ERROR 2025-08-16 00:23:12,941 basehttp 7 140290172286656 You're accessing the development server over HTTPS, but it only supports HTTP.
INFO 2025-08-16 00:23:12,961 basehttp 7 140290172286656 code 400, message Bad request version ('\x1a\x1a\x13\x01\x13\x02\x13\x03À+À/À,À0Ì©Ì¨À\x13À\x14\x00\x9c\x00\x9d\x00/\x005\x01\x00\x06E\x8a\x8a\x00\x00\x00#\x00\x00\x00')
ERROR 2025-08-16 00:23:12,963 basehttp 7 140290172286656 You're accessing the development server over HTTPS, but it only supports HTTP.
INFO 2025-08-16 00:23:12,991 basehttp 7 140290172286656 code 400, message Bad request version ('localhost\x00\x17\x00\x00\x00\x12\x00\x00\x00#\x00\x00ÿ\x01\x00\x01\x00\x00\x1b\x00\x03\x02\x00\x02\x00')
ERROR 2025-08-16 00:23:12,993 basehttp 7 140290172286656 You're accessing the development server over HTTPS, but it only supports HTTP.
INFO 2025-08-16 00:23:13,002 basehttp 7 140290172286656 code 400, message Bad request version ('localhost\x00\x1b\x00\x03\x02\x00\x02\x003\x04ï\x04ízz\x00\x01\x00\x11ì\x04À=è`"\x9a\x9f')
ERROR 2025-08-16 00:23:13,004 basehttp 7 140290172286656 You're accessing the development server over HTTPS, but it only supports HTTP.
INFO 2025-08-16 00:23:13,005 basehttp 7 140290163893952 code 400, message Bad HTTP/0.9 request type ('\x16\x03\x01\x07\x12\x01\x00\x07\x0e\x03\x03tgÞéwè\x12¦ZJ\x80\x01Õù\x93}')
ERROR 2025-08-16 00:23:13,006 basehttp 7 140290163893952 You're accessing the development server over HTTPS, but it only supports HTTP.
INFO 2025-08-16 00:23:13,016 basehttp 7 140290163893952 code 400, message Bad request version ('Ë')
ERROR 2025-08-16 00:23:13,018 basehttp 7 140290163893952 You're accessing the development server over HTTPS, but it only supports HTTP.
INFO 2025-08-16 00:23:15,028 basehttp 7 140290163893952 code 400, message Bad request version ('\x8a\x8a\x13\x01\x13\x02\x13\x03À+À/À,À0Ì©Ì¨À\x13À\x14\x00\x9c\x00\x9d\x00/\x005\x01\x00\x06¥')
ERROR 2025-08-16 00:23:15,031 basehttp 7 140290163893952 You're accessing the development server over HTTPS, but it only supports HTTP.
INFO 2025-08-16 00:23:15,050 basehttp 7 140290163893952 code 400, message Bad request version ('\x19©oÎV:`\x83ñ»6.b\x89')
ERROR 2025-08-16 00:23:15,052 basehttp 7 140290163893952 You're accessing the development server over HTTPS, but it only supports HTTP.
INFO 2025-08-16 00:23:15,084 basehttp 7 140290163893952 code 400, message Bad HTTP/0.9 request type ('\x16\x03\x01\x06Ò\x01\x00\x06Î\x03\x03älÍzë')
ERROR 2025-08-16 00:23:15,085 basehttp 7 140290163893952 You're accessing the development server over HTTPS, but it only supports HTTP.
INFO 2025-08-16 00:23:15,100 basehttp 7 140290163893952 code 400, message Bad HTTP/0.9 request type ('\x16\x03\x01\x07\x12\x01\x00\x07\x0e\x03\x03.ñ\x94tÌÛ<F¬â[úÌ¤MRÓ\x9aãc\x1b\x97³Öp\x8cS\x0f5\x14V\x9c')
ERROR 2025-08-16 00:23:15,101 basehttp 7 140290163893952 You're accessing the development server over HTTPS, but it only supports HTTP.
INFO 2025-08-16 00:23:16,005 basehttp 7 140290163893952 code 400, message Bad request version ('P\x96à\x86\x96\x00')
ERROR 2025-08-16 00:23:16,007 basehttp 7 140290163893952 You're accessing the development server over HTTPS, but it only supports HTTP.
INFO 2025-08-16 00:23:16,048 basehttp 7 140290163893952 code 400, message Bad request version ('\x14^·\x19[Þå\x88åç\x15?%\x92WÁ\x89V¥¼Qe¶7')
ERROR 2025-08-16 00:23:16,049 basehttp 7 140290163893952 You're accessing the development server over HTTPS, but it only supports HTTP.
INFO 2025-08-16 00:23:16,070 basehttp 7 140290163893952 code 400, message Bad request version ('t\x9a\x92XËÉü£÷Àµ4©\x8asü\x18ÛÒÃê\x80\x99\x864Gþ&|Qê/ýåd²sÂ\x94Ë\x8aPúG\x8a\x9a´NbDa')
ERROR 2025-08-16 00:23:16,072 basehttp 7 140290163893952 You're accessing the development server over HTTPS, but it only supports HTTP.
INFO 2025-08-16 00:23:16,083 basehttp 7 140290163893952 code 400, message Bad request version ('zz\x13\x01\x13\x02\x13\x03À+À/À,À0Ì©Ì¨À\x13À\x14\x00\x9c\x00\x9d\x00/\x005\x01\x00\x06¥jj\x00\x00\x00+\x00\x07\x06')
ERROR 2025-08-16 00:23:16,084 basehttp 7 140290163893952 You're accessing the development server over HTTPS, but it only supports HTTP.
INFO 2025-08-16 00:23:16,086 basehttp 7 140290172286656 code 400, message Bad request version ('¸¸\xad')
ERROR 2025-08-16 00:23:16,087 basehttp 7 140290172286656 You're accessing the development server over HTTPS, but it only supports HTTP.
INFO 2025-08-16 00:23:16,099 basehttp 7 140290172286656 code 400, message Bad request version ('ÊÊ\x13\x01\x13\x02\x13\x03À+À/À,À0Ì©Ì¨À\x13À\x14\x00\x9c\x00\x9d\x00/\x005\x01\x00\x06¥êê\x00\x00\x00')
ERROR 2025-08-16 00:23:16,101 basehttp 7 140290172286656 You're accessing the development server over HTTPS, but it only supports HTTP.
INFO 2025-08-16 00:23:16,998 basehttp 7 140290172286656 code 400, message Bad request version ('\x00\x12\x00\x10\x04\x03\x08\x04\x04\x01\x05\x03\x08\x05\x05\x01\x08\x06\x06\x01ÿ\x01\x00\x01\x00\x00\x17\x00\x00\x00-\x00\x02\x01\x01\x00+\x00\x07\x06**\x03\x04\x03\x03\x00\x1b\x00\x03\x02\x00\x02\x00')
ERROR 2025-08-16 00:23:16,999 basehttp 7 140290172286656 You're accessing the development server over HTTPS, but it only supports HTTP.
INFO 2025-08-16 00:23:17,011 basehttp 7 140290172286656 code 400, message Bad request version ('F×3kÓ!tµ5tºgñ\x9cz;»')
ERROR 2025-08-16 00:23:17,012 basehttp 7 140290172286656 You're accessing the development server over HTTPS, but it only supports HTTP.
INFO 2025-08-16 00:23:17,037 basehttp 7 140290172286656 code 400, message Bad request version ("ñ\x00MÍ°²\x8b&º'Ä¥ÙñÈ/Ö·Ú\x18ð\x7f\x86Ú<¬\x08$\x05Ç$¥\x00\x17\x00\x00\x00")
ERROR 2025-08-16 00:23:17,038 basehttp 7 140290172286656 You're accessing the development server over HTTPS, but it only supports HTTP.
INFO 2025-08-16 00:23:17,048 basehttp 7 140290172286656 code 400, message Bad request version ("8~T¨\x93%Þó\x16k+hH³Â'v^m\x89\x82\x88ðhlAàUR\x98½\x02\x15.¾}")
ERROR 2025-08-16 00:23:17,050 basehttp 7 140290172286656 You're accessing the development server over HTTPS, but it only supports HTTP.
INFO 2025-08-16 00:23:17,066 basehttp 7 140290172286656 code 400, message Bad request version ('\x92\x84m\x9a')
ERROR 2025-08-16 00:23:17,067 basehttp 7 140290172286656 You're accessing the development server over HTTPS, but it only supports HTTP.
INFO 2025-08-16 00:23:17,069 basehttp 7 140290163893952 code 400, message Bad request version ('4Æ*ÃÎÁ\x95N\x8bP¯î:\xadË×\x01_\x01-í+¾\x9eÔ\x17@À')
ERROR 2025-08-16 00:23:17,071 basehttp 7 140290163893952 You're accessing the development server over HTTPS, but it only supports HTTP.
INFO 2025-08-16 00:23:17,081 basehttp 7 140290163893952 code 400, message Bad request version ('\x00\x02\x01\x00\x00\x1b\x00\x03\x02\x00\x02\x00')
ERROR 2025-08-16 00:23:17,082 basehttp 7 140290163893952 You're accessing the development server over HTTPS, but it only supports HTTP.
INFO 2025-08-16 00:23:17,083 basehttp 7 140290172286656 code 400, message Bad request version ('Äæúê\x13}vO\x00')
ERROR 2025-08-16 00:23:17,085 basehttp 7 140290172286656 You're accessing the development server over HTTPS, but it only supports HTTP.
INFO 2025-08-16 00:23:17,664 log_request_headers_middleware 7 140290172286656 Request Headers: {'Content-Length': '', 'Content-Type': 'text/plain', 'Host': 'localhost:8000', 'User-Agent': 'curl/8.14.1', 'Accept': '*/*'}
INFO 2025-08-16 00:23:17,666 basehttp 7 140290172286656 "GET /health/ HTTP/1.1" 301 0
INFO 2025-08-16 00:23:47,859 log_request_headers_middleware 7 140290180679360 Request Headers: {'Content-Length': '', 'Content-Type': 'text/plain', 'Host': 'localhost:8000', 'User-Agent': 'curl/8.14.1', 'Accept': '*/*'}
INFO 2025-08-16 00:23:47,863 basehttp 7 140290180679360 "GET /health/ HTTP/1.1" 301 0
INFO 2025-08-16 00:23:57,441 basehttp 7 140290180679360 code 400, message Bad request syntax ('\x16\x03\x01\x06²\x01\x00\x06®\x03\x03:')
ERROR 2025-08-16 00:23:57,442 basehttp 7 140290180679360 You're accessing the development server over HTTPS, but it only supports HTTP.
INFO 2025-08-16 00:23:57,452 basehttp 7 140290180679360 code 400, message Bad request version ('\x02h2\x08http/1.1\x00\x1b\x00\x03\x02\x00\x02\x00+\x00\x07\x06**\x03\x04\x03\x03\x00')
ERROR 2025-08-16 00:23:57,453 basehttp 7 140290180679360 You're accessing the development server over HTTPS, but it only supports HTTP.
INFO 2025-08-16 00:23:57,495 basehttp 7 140290180679360 code 400, message Bad request version ('ù\x9bÉ\x00``1u¶Öx\x1bZ¬WT@ù&\x08U@\x01T\x83\x02.Ù\x8b\x80\x1b\x9c*T\x04¶ª\x89F£OæÉzC')
ERROR 2025-08-16 00:23:57,498 basehttp 7 140290180679360 You're accessing the development server over HTTPS, but it only supports HTTP.
INFO 2025-08-16 00:23:57,509 basehttp 7 140290180679360 code 400, message Bad request version ('g')
ERROR 2025-08-16 00:23:57,510 basehttp 7 140290180679360 You're accessing the development server over HTTPS, but it only supports HTTP.
INFO 2025-08-16 00:23:57,617 basehttp 7 140290180679360 code 400, message Bad request version ('\x02h2\x08http/1.1\x00')
ERROR 2025-08-16 00:23:57,618 basehttp 7 140290180679360 You're accessing the development server over HTTPS, but it only supports HTTP.
INFO 2025-08-16 00:23:57,633 basehttp 7 140290180679360 code 400, message Bad request version ('localhost\x00\x1b\x00\x03\x02\x00\x02\x00+\x00\x07\x06jj\x03\x04\x03\x03\x00\x12\x00\x00\x00-\x00\x02\x01\x01\x00\x17\x00\x00\x00\x05\x00\x05\x01\x00\x00\x00\x00\x00')
ERROR 2025-08-16 00:23:57,634 basehttp 7 140290180679360 You're accessing the development server over HTTPS, but it only supports HTTP.
INFO 2025-08-16 00:23:57,640 basehttp 7 140290180679360 code 400, message Bad request version ('k\x8d\x96&')
ERROR 2025-08-16 00:23:57,641 basehttp 7 140290180679360 You're accessing the development server over HTTPS, but it only supports HTTP.
INFO 2025-08-16 00:23:57,647 basehttp 7 140290180679360 code 400, message Bad request version (')6ÃPa\x07\x9eÇ\x01±\x14')
ERROR 2025-08-16 00:23:57,648 basehttp 7 140290180679360 You're accessing the development server over HTTPS, but it only supports HTTP.
INFO 2025-08-16 00:23:58,005 basehttp 7 140290180679360 code 400, message Bad request version ("\x88\x14\\¡'ý¢~7X\x94\x01\x00")
ERROR 2025-08-16 00:23:58,006 basehttp 7 140290180679360 You're accessing the development server over HTTPS, but it only supports HTTP.
INFO 2025-08-16 00:23:58,019 basehttp 7 140290180679360 code 400, message Bad request version ('êê\x00\x00\x00\x17\x00\x00\x003\x04ï\x04íêê\x00\x01\x00\x11ì\x04ÀVFW$älVE¶Æ²´\x95ÁfÀ$\x08[B°\x10H±|JÏof³å\x1a\x18ã:(¡õ\x14\x90\x12\x97\x88\x81[o\x8b\xadØÙ"ÈC[A©')
ERROR 2025-08-16 00:23:58,020 basehttp 7 140290180679360 You're accessing the development server over HTTPS, but it only supports HTTP.
INFO 2025-08-16 00:23:58,037 basehttp 7 140290180679360 code 400, message Bad request version ('úú\x13\x01\x13\x02\x13\x03À+À/À,À0Ì©Ì¨À\x13À\x14\x00\x9c\x00\x9d\x00/\x005\x01\x00\x06Eêê\x00\x00\x00')
ERROR 2025-08-16 00:23:58,039 basehttp 7 140290180679360 You're accessing the development server over HTTPS, but it only supports HTTP.
INFO 2025-08-16 00:23:58,048 basehttp 7 140290180679360 code 400, message Bad request version ('Þ¨0E¤\x9f\x19;xw\x13¤\x7f©\xad»\x02\x1aê¥´\x031·óTR\x95')
ERROR 2025-08-16 00:23:58,050 basehttp 7 140290180679360 You're accessing the development server over HTTPS, but it only supports HTTP.
INFO 2025-08-16 00:23:58,067 basehttp 7 140290180679360 code 400, message Bad request version ('\x00')
ERROR 2025-08-16 00:23:58,069 basehttp 7 140290180679360 You're accessing the development server over HTTPS, but it only supports HTTP.
INFO 2025-08-16 00:23:58,069 basehttp 7 140290189072064 code 400, message Bad request version ('\x00\x12\x00\x10\x04\x03\x08\x04\x04\x01\x05\x03\x08\x05\x05\x01\x08\x06\x06\x01ÿ\x01\x00\x01\x00\x00')
ERROR 2025-08-16 00:23:58,073 basehttp 7 140290189072064 You're accessing the development server over HTTPS, but it only supports HTTP.
INFO 2025-08-16 00:23:58,081 basehttp 7 140290189072064 code 400, message Bad request version ('ñ,®§\x93\x8dS©S1Ú\x01t')
ERROR 2025-08-16 00:23:58,082 basehttp 7 140290189072064 You're accessing the development server over HTTPS, but it only supports HTTP.
INFO 2025-08-16 00:23:58,084 basehttp 7 140290180679360 code 400, message Bad request version ('êê\x13\x01\x13\x02\x13\x03À+À/À,À0Ì©Ì¨À\x13À\x14\x00\x9c\x00\x9d\x00/\x005\x01\x00\x06EZZ\x00\x00\x00-\x00\x02\x01\x01\x00')
ERROR 2025-08-16 00:23:58,086 basehttp 7 140290180679360 You're accessing the development server over HTTPS, but it only supports HTTP.
INFO 2025-08-16 00:24:17,963 log_request_headers_middleware 7 140290180679360 Request Headers: {'Content-Length': '', 'Content-Type': 'text/plain', 'Host': 'localhost:8000', 'User-Agent': 'curl/8.14.1', 'Accept': '*/*'}
INFO 2025-08-16 00:24:17,965 basehttp 7 140290180679360 "GET /health/ HTTP/1.1" 301 0
INFO 2025-08-16 00:24:48,076 log_request_headers_middleware 7 140290180679360 Request Headers: {'Content-Length': '', 'Content-Type': 'text/plain', 'Host': 'localhost:8000', 'User-Agent': 'curl/8.14.1', 'Accept': '*/*'}
INFO 2025-08-16 00:24:48,079 basehttp 7 140290180679360 "GET /health/ HTTP/1.1" 301 0
INFO 2025-08-16 00:25:18,155 log_request_headers_middleware 7 140290180679360 Request Headers: {'Content-Length': '', 'Content-Type': 'text/plain', 'Host': 'localhost:8000', 'User-Agent': 'curl/8.14.1', 'Accept': '*/*'}
INFO 2025-08-16 00:25:18,159 basehttp 7 140290180679360 "GET /health/ HTTP/1.1" 301 0
INFO 2025-08-16 00:25:48,250 log_request_headers_middleware 7 140290180679360 Request Headers: {'Content-Length': '', 'Content-Type': 'text/plain', 'Host': 'localhost:8000', 'User-Agent': 'curl/8.14.1', 'Accept': '*/*'}
INFO 2025-08-16 00:25:48,252 basehttp 7 140290180679360 "GET /health/ HTTP/1.1" 301 0
INFO 2025-08-16 00:26:18,338 log_request_headers_middleware 7 140290180679360 Request Headers: {'Content-Length': '', 'Content-Type': 'text/plain', 'Host': 'localhost:8000', 'User-Agent': 'curl/8.14.1', 'Accept': '*/*'}
INFO 2025-08-16 00:26:18,340 basehttp 7 140290180679360 "GET /health/ HTTP/1.1" 301 0
INFO 2025-08-16 00:26:48,392 log_request_headers_middleware 7 140290180679360 Request Headers: {'Content-Length': '', 'Content-Type': 'text/plain', 'Host': 'localhost:8000', 'User-Agent': 'curl/8.14.1', 'Accept': '*/*'}
INFO 2025-08-16 00:26:48,394 basehttp 7 140290180679360 "GET /health/ HTTP/1.1" 301 0
INFO 2025-08-16 00:27:18,485 log_request_headers_middleware 7 140290180679360 Request Headers: {'Content-Length': '', 'Content-Type': 'text/plain', 'Host': 'localhost:8000', 'User-Agent': 'curl/8.14.1', 'Accept': '*/*'}
INFO 2025-08-16 00:27:18,487 basehttp 7 140290180679360 "GET /health/ HTTP/1.1" 301 0
INFO 2025-08-16 00:27:48,571 log_request_headers_middleware 7 140290180679360 Request Headers: {'Content-Length': '', 'Content-Type': 'text/plain', 'Host': 'localhost:8000', 'User-Agent': 'curl/8.14.1', 'Accept': '*/*'}
INFO 2025-08-16 00:27:48,573 basehttp 7 140290180679360 "GET /health/ HTTP/1.1" 301 0
INFO 2025-08-16 00:28:06,653 log_request_headers_middleware 7 140290180679360 Request Headers: {'Content-Length': '', 'Content-Type': 'text/plain', 'Host': 'localhost', 'X-Real-Ip': '172.20.0.1', 'X-Forwarded-For': '172.20.0.1', 'X-Forwarded-Proto': 'http', 'Connection': 'close', 'Cache-Control': 'max-age=0', 'Sec-Ch-Ua': '"Not;A=Brand";v="99", "Microsoft Edge";v="139", "Chromium";v="139"', 'Sec-Ch-Ua-Mobile': '?0', 'Sec-Ch-Ua-Platform': '"Windows"', 'Upgrade-Insecure-Requests': '1', 'User-Agent': 'Mozilla/5.0 (Windows NT 10.0; Win64; x64) AppleWebKit/537.36 (KHTML, like Gecko) Chrome/139.0.0.0 Safari/537.36 Edg/139.0.0.0', 'Accept': 'text/html,application/xhtml+xml,application/xml;q=0.9,image/avif,image/webp,image/apng,*/*;q=0.8,application/signed-exchange;v=b3;q=0.7', 'Sec-Fetch-Site': 'none', 'Sec-Fetch-Mode': 'navigate', 'Sec-Fetch-User': '?1', 'Sec-Fetch-Dest': 'document', 'Accept-Encoding': 'gzip, deflate, br, zstd', 'Accept-Language': 'en-US,en;q=0.9,en-GB;q=0.8', 'Cookie': 'csrftoken=hw0lZuXxIAMEJn37lVsJqcgtdszi8E70'}
INFO 2025-08-16 00:28:06,656 basehttp 7 140290180679360 "GET / HTTP/1.0" 301 0
INFO 2025-08-16 00:28:18,653 log_request_headers_middleware 7 140290180679360 Request Headers: {'Content-Length': '', 'Content-Type': 'text/plain', 'Host': 'localhost:8000', 'User-Agent': 'curl/8.14.1', 'Accept': '*/*'}
INFO 2025-08-16 00:28:18,655 basehttp 7 140290180679360 "GET /health/ HTTP/1.1" 301 0
INFO 2025-08-16 00:28:33,419 log_request_headers_middleware 7 140290180679360 Request Headers: {'Content-Length': '', 'Content-Type': 'text/plain', 'Host': 'localhost:8000', 'Connection': 'keep-alive', 'Cache-Control': 'max-age=0', 'Sec-Ch-Ua': '"Not)A;Brand";v="8", "Chromium";v="138", "Google Chrome";v="138"', 'Sec-Ch-Ua-Mobile': '?0', 'Sec-Ch-Ua-Platform': '"Windows"', 'Upgrade-Insecure-Requests': '1', 'User-Agent': 'Mozilla/5.0 (Windows NT 10.0; Win64; x64) AppleWebKit/537.36 (KHTML, like Gecko) Chrome/138.0.0.0 Safari/537.36', 'Accept': 'text/html,application/xhtml+xml,application/xml;q=0.9,image/avif,image/webp,image/apng,*/*;q=0.8,application/signed-exchange;v=b3;q=0.7', 'Sec-Fetch-Site': 'none', 'Sec-Fetch-Mode': 'navigate', 'Sec-Fetch-User': '?1', 'Sec-Fetch-Dest': 'document', 'Accept-Encoding': 'gzip, deflate, br, zstd', 'Accept-Language': 'en-US,en;q=0.9'}
INFO 2025-08-16 00:28:33,424 basehttp 7 140290180679360 "GET / HTTP/1.1" 301 0
INFO 2025-08-16 00:28:33,460 basehttp 7 140290180679360 code 400, message Bad request version ('ÊÊ\x13\x01\x13\x02\x13\x03À+À/À,À0Ì©Ì¨À\x13À\x14\x00\x9c\x00\x9d\x00/\x005\x01\x00\x06¥')
ERROR 2025-08-16 00:28:33,462 basehttp 7 140290180679360 You're accessing the development server over HTTPS, but it only supports HTTP.
INFO 2025-08-16 00:28:33,476 basehttp 7 140290180679360 code 400, message Bad request version ('Î¸\x83ìðúvNÓ`\x9d9Ücp4\x12Ø\x08ó]äÅ!S¤I|!àyS\x00')
ERROR 2025-08-16 00:28:33,478 basehttp 7 140290180679360 You're accessing the development server over HTTPS, but it only supports HTTP.
INFO 2025-08-16 00:28:48,754 log_request_headers_middleware 7 140290180679360 Request Headers: {'Content-Length': '', 'Content-Type': 'text/plain', 'Host': 'localhost:8000', 'User-Agent': 'curl/8.14.1', 'Accept': '*/*'}
INFO 2025-08-16 00:28:48,756 basehttp 7 140290180679360 "GET /health/ HTTP/1.1" 301 0
INFO 2025-08-16 00:29:18,847 log_request_headers_middleware 7 140290180679360 Request Headers: {'Content-Length': '', 'Content-Type': 'text/plain', 'Host': 'localhost:8000', 'User-Agent': 'curl/8.14.1', 'Accept': '*/*'}
INFO 2025-08-16 00:29:18,850 basehttp 7 140290180679360 "GET /health/ HTTP/1.1" 301 0
INFO 2025-08-16 00:29:48,919 log_request_headers_middleware 7 140290180679360 Request Headers: {'Content-Length': '', 'Content-Type': 'text/plain', 'Host': 'localhost:8000', 'User-Agent': 'curl/8.14.1', 'Accept': '*/*'}
INFO 2025-08-16 00:29:48,921 basehttp 7 140290180679360 "GET /health/ HTTP/1.1" 301 0
INFO 2025-08-16 00:30:18,989 log_request_headers_middleware 7 140290189072064 Request Headers: {'Content-Length': '', 'Content-Type': 'text/plain', 'Host': 'localhost:8000', 'User-Agent': 'curl/8.14.1', 'Accept': '*/*'}
INFO 2025-08-16 00:30:18,991 basehttp 7 140290189072064 "GET /health/ HTTP/1.1" 301 0
INFO 2025-08-16 00:30:49,101 log_request_headers_middleware 7 140290189072064 Request Headers: {'Content-Length': '', 'Content-Type': 'text/plain', 'Host': 'localhost:8000', 'User-Agent': 'curl/8.14.1', 'Accept': '*/*'}
INFO 2025-08-16 00:30:49,104 basehttp 7 140290189072064 "GET /health/ HTTP/1.1" 301 0
INFO 2025-08-16 00:31:19,168 log_request_headers_middleware 7 140290189072064 Request Headers: {'Content-Length': '', 'Content-Type': 'text/plain', 'Host': 'localhost:8000', 'User-Agent': 'curl/8.14.1', 'Accept': '*/*'}
INFO 2025-08-16 00:31:19,170 basehttp 7 140290189072064 "GET /health/ HTTP/1.1" 301 0
INFO 2025-08-16 00:31:49,258 log_request_headers_middleware 7 140290189072064 Request Headers: {'Content-Length': '', 'Content-Type': 'text/plain', 'Host': 'localhost:8000', 'User-Agent': 'curl/8.14.1', 'Accept': '*/*'}
INFO 2025-08-16 00:31:49,261 basehttp 7 140290189072064 "GET /health/ HTTP/1.1" 301 0
INFO 2025-08-16 00:32:19,328 log_request_headers_middleware 7 140290189072064 Request Headers: {'Content-Length': '', 'Content-Type': 'text/plain', 'Host': 'localhost:8000', 'User-Agent': 'curl/8.14.1', 'Accept': '*/*'}
INFO 2025-08-16 00:32:19,329 basehttp 7 140290189072064 "GET /health/ HTTP/1.1" 301 0
INFO 2025-08-16 00:32:49,412 log_request_headers_middleware 7 140290189072064 Request Headers: {'Content-Length': '', 'Content-Type': 'text/plain', 'Host': 'localhost:8000', 'User-Agent': 'curl/8.14.1', 'Accept': '*/*'}
INFO 2025-08-16 00:32:49,414 basehttp 7 140290189072064 "GET /health/ HTTP/1.1" 301 0
INFO 2025-08-16 00:33:19,496 log_request_headers_middleware 7 140290189072064 Request Headers: {'Content-Length': '', 'Content-Type': 'text/plain', 'Host': 'localhost:8000', 'User-Agent': 'curl/8.14.1', 'Accept': '*/*'}
INFO 2025-08-16 00:33:19,499 basehttp 7 140290189072064 "GET /health/ HTTP/1.1" 301 0
INFO 2025-08-16 00:33:49,594 log_request_headers_middleware 7 140290180679360 Request Headers: {'Content-Length': '', 'Content-Type': 'text/plain', 'Host': 'localhost:8000', 'User-Agent': 'curl/8.14.1', 'Accept': '*/*'}
INFO 2025-08-16 00:33:49,596 basehttp 7 140290180679360 "GET /health/ HTTP/1.1" 301 0
INFO 2025-08-16 00:34:19,666 log_request_headers_middleware 7 140290180679360 Request Headers: {'Content-Length': '', 'Content-Type': 'text/plain', 'Host': 'localhost:8000', 'User-Agent': 'curl/8.14.1', 'Accept': '*/*'}
INFO 2025-08-16 00:34:19,668 basehttp 7 140290180679360 "GET /health/ HTTP/1.1" 301 0
INFO 2025-08-16 00:34:49,742 log_request_headers_middleware 7 140290180679360 Request Headers: {'Content-Length': '', 'Content-Type': 'text/plain', 'Host': 'localhost:8000', 'User-Agent': 'curl/8.14.1', 'Accept': '*/*'}
INFO 2025-08-16 00:34:49,744 basehttp 7 140290180679360 "GET /health/ HTTP/1.1" 301 0
INFO 2025-08-16 00:35:19,834 log_request_headers_middleware 7 140290189072064 Request Headers: {'Content-Length': '', 'Content-Type': 'text/plain', 'Host': 'localhost:8000', 'User-Agent': 'curl/8.14.1', 'Accept': '*/*'}
INFO 2025-08-16 00:35:19,836 basehttp 7 140290189072064 "GET /health/ HTTP/1.1" 301 0
INFO 2025-08-16 00:35:49,910 log_request_headers_middleware 7 140290189072064 Request Headers: {'Content-Length': '', 'Content-Type': 'text/plain', 'Host': 'localhost:8000', 'User-Agent': 'curl/8.14.1', 'Accept': '*/*'}
INFO 2025-08-16 00:35:49,913 basehttp 7 140290189072064 "GET /health/ HTTP/1.1" 301 0
INFO 2025-08-16 00:36:30,579 autoreload 7 140635941157760 Watching for file changes with StatReloader
INFO 2025-08-16 00:37:01,977 log_request_headers_middleware 7 140635831006912 Request Headers: {'Content-Length': '', 'Content-Type': 'text/plain', 'Host': 'localhost:8000', 'User-Agent': 'curl/8.14.1', 'Accept': '*/*'}
INFO 2025-08-16 00:37:01,981 basehttp 7 140635831006912 "GET /health/ HTTP/1.1" 301 0
INFO 2025-08-16 00:37:32,084 log_request_headers_middleware 7 140635831006912 Request Headers: {'Content-Length': '', 'Content-Type': 'text/plain', 'Host': 'localhost:8000', 'User-Agent': 'curl/8.14.1', 'Accept': '*/*'}
INFO 2025-08-16 00:37:32,087 basehttp 7 140635831006912 "GET /health/ HTTP/1.1" 301 0
INFO 2025-08-16 00:38:02,145 log_request_headers_middleware 7 140635831006912 Request Headers: {'Content-Length': '', 'Content-Type': 'text/plain', 'Host': 'localhost:8000', 'User-Agent': 'curl/8.14.1', 'Accept': '*/*'}
INFO 2025-08-16 00:38:02,147 basehttp 7 140635831006912 "GET /health/ HTTP/1.1" 301 0
INFO 2025-08-16 00:38:32,242 log_request_headers_middleware 7 140635831006912 Request Headers: {'Content-Length': '', 'Content-Type': 'text/plain', 'Host': 'localhost:8000', 'User-Agent': 'curl/8.14.1', 'Accept': '*/*'}
INFO 2025-08-16 00:38:32,245 basehttp 7 140635831006912 "GET /health/ HTTP/1.1" 301 0
INFO 2025-08-16 00:39:02,323 log_request_headers_middleware 7 140635831006912 Request Headers: {'Content-Length': '', 'Content-Type': 'text/plain', 'Host': 'localhost:8000', 'User-Agent': 'curl/8.14.1', 'Accept': '*/*'}
INFO 2025-08-16 00:39:02,325 basehttp 7 140635831006912 "GET /health/ HTTP/1.1" 301 0
INFO 2025-08-16 00:39:32,401 log_request_headers_middleware 7 140635831006912 Request Headers: {'Content-Length': '', 'Content-Type': 'text/plain', 'Host': 'localhost:8000', 'User-Agent': 'curl/8.14.1', 'Accept': '*/*'}
INFO 2025-08-16 00:39:32,404 basehttp 7 140635831006912 "GET /health/ HTTP/1.1" 301 0
INFO 2025-08-16 00:40:02,513 log_request_headers_middleware 7 140635831006912 Request Headers: {'Content-Length': '', 'Content-Type': 'text/plain', 'Host': 'localhost:8000', 'User-Agent': 'curl/8.14.1', 'Accept': '*/*'}
INFO 2025-08-16 00:40:02,515 basehttp 7 140635831006912 "GET /health/ HTTP/1.1" 301 0
INFO 2025-08-16 00:40:32,604 log_request_headers_middleware 7 140635831006912 Request Headers: {'Content-Length': '', 'Content-Type': 'text/plain', 'Host': 'localhost:8000', 'User-Agent': 'curl/8.14.1', 'Accept': '*/*'}
INFO 2025-08-16 00:40:32,607 basehttp 7 140635831006912 "GET /health/ HTTP/1.1" 301 0
INFO 2025-08-16 00:41:02,724 log_request_headers_middleware 7 140635831006912 Request Headers: {'Content-Length': '', 'Content-Type': 'text/plain', 'Host': 'localhost:8000', 'User-Agent': 'curl/8.14.1', 'Accept': '*/*'}
INFO 2025-08-16 00:41:02,727 basehttp 7 140635831006912 "GET /health/ HTTP/1.1" 301 0
INFO 2025-08-16 00:41:32,815 log_request_headers_middleware 7 140635831006912 Request Headers: {'Content-Length': '', 'Content-Type': 'text/plain', 'Host': 'localhost:8000', 'User-Agent': 'curl/8.14.1', 'Accept': '*/*'}
INFO 2025-08-16 00:41:32,819 basehttp 7 140635831006912 "GET /health/ HTTP/1.1" 301 0
INFO 2025-08-16 00:42:02,922 log_request_headers_middleware 7 140635831006912 Request Headers: {'Content-Length': '', 'Content-Type': 'text/plain', 'Host': 'localhost:8000', 'User-Agent': 'curl/8.14.1', 'Accept': '*/*'}
INFO 2025-08-16 00:42:02,925 basehttp 7 140635831006912 "GET /health/ HTTP/1.1" 301 0
INFO 2025-08-16 00:42:33,013 log_request_headers_middleware 7 140635831006912 Request Headers: {'Content-Length': '', 'Content-Type': 'text/plain', 'Host': 'localhost:8000', 'User-Agent': 'curl/8.14.1', 'Accept': '*/*'}
INFO 2025-08-16 00:42:33,016 basehttp 7 140635831006912 "GET /health/ HTTP/1.1" 301 0
INFO 2025-08-16 00:43:03,115 log_request_headers_middleware 7 140635831006912 Request Headers: {'Content-Length': '', 'Content-Type': 'text/plain', 'Host': 'localhost:8000', 'User-Agent': 'curl/8.14.1', 'Accept': '*/*'}
INFO 2025-08-16 00:43:03,117 basehttp 7 140635831006912 "GET /health/ HTTP/1.1" 301 0
INFO 2025-08-16 00:43:33,202 log_request_headers_middleware 7 140635831006912 Request Headers: {'Content-Length': '', 'Content-Type': 'text/plain', 'Host': 'localhost:8000', 'User-Agent': 'curl/8.14.1', 'Accept': '*/*'}
INFO 2025-08-16 00:43:33,204 basehttp 7 140635831006912 "GET /health/ HTTP/1.1" 301 0
INFO 2025-08-16 00:44:03,354 log_request_headers_middleware 7 140635831006912 Request Headers: {'Content-Length': '', 'Content-Type': 'text/plain', 'Host': 'localhost:8000', 'User-Agent': 'curl/8.14.1', 'Accept': '*/*'}
INFO 2025-08-16 00:44:03,356 basehttp 7 140635831006912 "GET /health/ HTTP/1.1" 301 0
INFO 2025-08-16 00:44:33,428 log_request_headers_middleware 7 140635831006912 Request Headers: {'Content-Length': '', 'Content-Type': 'text/plain', 'Host': 'localhost:8000', 'User-Agent': 'curl/8.14.1', 'Accept': '*/*'}
INFO 2025-08-16 00:44:33,430 basehttp 7 140635831006912 "GET /health/ HTTP/1.1" 301 0
INFO 2025-08-16 00:45:03,521 log_request_headers_middleware 7 140635831006912 Request Headers: {'Content-Length': '', 'Content-Type': 'text/plain', 'Host': 'localhost:8000', 'User-Agent': 'curl/8.14.1', 'Accept': '*/*'}
INFO 2025-08-16 00:45:03,524 basehttp 7 140635831006912 "GET /health/ HTTP/1.1" 301 0
INFO 2025-08-16 00:45:33,619 log_request_headers_middleware 7 140635831006912 Request Headers: {'Content-Length': '', 'Content-Type': 'text/plain', 'Host': 'localhost:8000', 'User-Agent': 'curl/8.14.1', 'Accept': '*/*'}
INFO 2025-08-16 00:45:33,622 basehttp 7 140635831006912 "GET /health/ HTTP/1.1" 301 0
INFO 2025-08-16 00:46:03,695 log_request_headers_middleware 7 140635831006912 Request Headers: {'Content-Length': '', 'Content-Type': 'text/plain', 'Host': 'localhost:8000', 'User-Agent': 'curl/8.14.1', 'Accept': '*/*'}
INFO 2025-08-16 00:46:03,697 basehttp 7 140635831006912 "GET /health/ HTTP/1.1" 301 0
INFO 2025-08-16 00:46:33,786 log_request_headers_middleware 7 140635831006912 Request Headers: {'Content-Length': '', 'Content-Type': 'text/plain', 'Host': 'localhost:8000', 'User-Agent': 'curl/8.14.1', 'Accept': '*/*'}
INFO 2025-08-16 00:46:33,788 basehttp 7 140635831006912 "GET /health/ HTTP/1.1" 301 0
INFO 2025-08-16 00:47:03,869 log_request_headers_middleware 7 140635831006912 Request Headers: {'Content-Length': '', 'Content-Type': 'text/plain', 'Host': 'localhost:8000', 'User-Agent': 'curl/8.14.1', 'Accept': '*/*'}
INFO 2025-08-16 00:47:03,871 basehttp 7 140635831006912 "GET /health/ HTTP/1.1" 301 0
INFO 2025-08-16 00:47:33,962 log_request_headers_middleware 7 140635831006912 Request Headers: {'Content-Length': '', 'Content-Type': 'text/plain', 'Host': 'localhost:8000', 'User-Agent': 'curl/8.14.1', 'Accept': '*/*'}
INFO 2025-08-16 00:47:33,964 basehttp 7 140635831006912 "GET /health/ HTTP/1.1" 301 0
INFO 2025-08-16 00:48:04,048 log_request_headers_middleware 7 140635831006912 Request Headers: {'Content-Length': '', 'Content-Type': 'text/plain', 'Host': 'localhost:8000', 'User-Agent': 'curl/8.14.1', 'Accept': '*/*'}
INFO 2025-08-16 00:48:04,050 basehttp 7 140635831006912 "GET /health/ HTTP/1.1" 301 0
INFO 2025-08-16 00:48:34,140 log_request_headers_middleware 7 140635831006912 Request Headers: {'Content-Length': '', 'Content-Type': 'text/plain', 'Host': 'localhost:8000', 'User-Agent': 'curl/8.14.1', 'Accept': '*/*'}
INFO 2025-08-16 00:48:34,143 basehttp 7 140635831006912 "GET /health/ HTTP/1.1" 301 0
INFO 2025-08-16 00:49:04,242 log_request_headers_middleware 7 140635831006912 Request Headers: {'Content-Length': '', 'Content-Type': 'text/plain', 'Host': 'localhost:8000', 'User-Agent': 'curl/8.14.1', 'Accept': '*/*'}
INFO 2025-08-16 00:49:04,245 basehttp 7 140635831006912 "GET /health/ HTTP/1.1" 301 0
INFO 2025-08-16 00:49:34,314 log_request_headers_middleware 7 140635831006912 Request Headers: {'Content-Length': '', 'Content-Type': 'text/plain', 'Host': 'localhost:8000', 'User-Agent': 'curl/8.14.1', 'Accept': '*/*'}
INFO 2025-08-16 00:49:34,316 basehttp 7 140635831006912 "GET /health/ HTTP/1.1" 301 0
INFO 2025-08-16 00:50:04,305 autoreload 7 140484112366464 Watching for file changes with StatReloader
INFO 2025-08-16 00:50:36,105 log_request_headers_middleware 7 140483934459584 Request Headers: {'Content-Length': '', 'Content-Type': 'text/plain', 'Host': 'localhost:8000', 'User-Agent': 'curl/8.14.1', 'Accept': '*/*'}
INFO 2025-08-16 00:50:36,116 basehttp 7 140483934459584 "GET /health/ HTTP/1.1" 301 0
INFO 2025-08-16 00:51:06,237 log_request_headers_middleware 7 140483934459584 Request Headers: {'Content-Length': '', 'Content-Type': 'text/plain', 'Host': 'localhost:8000', 'User-Agent': 'curl/8.14.1', 'Accept': '*/*'}
INFO 2025-08-16 00:51:06,240 basehttp 7 140483934459584 "GET /health/ HTTP/1.1" 301 0
INFO 2025-08-16 00:51:36,322 log_request_headers_middleware 7 140483934459584 Request Headers: {'Content-Length': '', 'Content-Type': 'text/plain', 'Host': 'localhost:8000', 'User-Agent': 'curl/8.14.1', 'Accept': '*/*'}
INFO 2025-08-16 00:51:36,324 basehttp 7 140483934459584 "GET /health/ HTTP/1.1" 301 0
INFO 2025-08-16 00:52:06,464 log_request_headers_middleware 7 140483934459584 Request Headers: {'Content-Length': '', 'Content-Type': 'text/plain', 'Host': 'localhost:8000', 'User-Agent': 'curl/8.14.1', 'Accept': '*/*'}
INFO 2025-08-16 00:52:06,467 basehttp 7 140483934459584 "GET /health/ HTTP/1.1" 301 0
INFO 2025-08-16 00:52:36,558 log_request_headers_middleware 7 140483934459584 Request Headers: {'Content-Length': '', 'Content-Type': 'text/plain', 'Host': 'localhost:8000', 'User-Agent': 'curl/8.14.1', 'Accept': '*/*'}
INFO 2025-08-16 00:52:36,560 basehttp 7 140483934459584 "GET /health/ HTTP/1.1" 301 0
INFO 2025-08-16 00:53:06,680 log_request_headers_middleware 7 140483934459584 Request Headers: {'Content-Length': '', 'Content-Type': 'text/plain', 'Host': 'localhost:8000', 'User-Agent': 'curl/8.14.1', 'Accept': '*/*'}
INFO 2025-08-16 00:53:06,682 basehttp 7 140483934459584 "GET /health/ HTTP/1.1" 301 0
INFO 2025-08-16 00:53:36,773 log_request_headers_middleware 7 140483934459584 Request Headers: {'Content-Length': '', 'Content-Type': 'text/plain', 'Host': 'localhost:8000', 'User-Agent': 'curl/8.14.1', 'Accept': '*/*'}
INFO 2025-08-16 00:53:36,775 basehttp 7 140483934459584 "GET /health/ HTTP/1.1" 301 0
INFO 2025-08-16 00:54:06,850 log_request_headers_middleware 7 140483934459584 Request Headers: {'Content-Length': '', 'Content-Type': 'text/plain', 'Host': 'localhost:8000', 'User-Agent': 'curl/8.14.1', 'Accept': '*/*'}
INFO 2025-08-16 00:54:06,852 basehttp 7 140483934459584 "GET /health/ HTTP/1.1" 301 0
INFO 2025-08-16 00:54:36,931 log_request_headers_middleware 7 140483934459584 Request Headers: {'Content-Length': '', 'Content-Type': 'text/plain', 'Host': 'localhost:8000', 'User-Agent': 'curl/8.14.1', 'Accept': '*/*'}
INFO 2025-08-16 00:54:36,933 basehttp 7 140483934459584 "GET /health/ HTTP/1.1" 301 0
INFO 2025-08-16 00:55:07,035 log_request_headers_middleware 7 140483934459584 Request Headers: {'Content-Length': '', 'Content-Type': 'text/plain', 'Host': 'localhost:8000', 'User-Agent': 'curl/8.14.1', 'Accept': '*/*'}
INFO 2025-08-16 00:55:07,038 basehttp 7 140483934459584 "GET /health/ HTTP/1.1" 301 0
INFO 2025-08-16 00:55:37,168 log_request_headers_middleware 7 140483934459584 Request Headers: {'Content-Length': '', 'Content-Type': 'text/plain', 'Host': 'localhost:8000', 'User-Agent': 'curl/8.14.1', 'Accept': '*/*'}
INFO 2025-08-16 00:55:37,193 basehttp 7 140483934459584 "GET /health/ HTTP/1.1" 301 0
INFO 2025-08-16 01:31:28,436 log_request_headers_middleware 7 140483934459584 Request Headers: {'Content-Length': '', 'Content-Type': 'text/plain', 'Host': 'localhost:8000', 'User-Agent': 'curl/8.14.1', 'Accept': '*/*'}
INFO 2025-08-16 01:31:28,438 basehttp 7 140483934459584 "GET /health/ HTTP/1.1" 301 0
INFO 2025-08-16 01:32:01,963 log_request_headers_middleware 7 140483934459584 Request Headers: {'Content-Length': '', 'Content-Type': 'text/plain', 'Host': 'localhost:8000', 'User-Agent': 'curl/8.14.1', 'Accept': '*/*'}
INFO 2025-08-16 01:32:01,966 basehttp 7 140483934459584 "GET /health/ HTTP/1.1" 301 0
INFO 2025-08-16 01:32:32,070 log_request_headers_middleware 7 140483934459584 Request Headers: {'Content-Length': '', 'Content-Type': 'text/plain', 'Host': 'localhost:8000', 'User-Agent': 'curl/8.14.1', 'Accept': '*/*'}
INFO 2025-08-16 01:32:32,073 basehttp 7 140483934459584 "GET /health/ HTTP/1.1" 301 0
INFO 2025-08-16 01:33:02,993 log_request_headers_middleware 7 140483934459584 Request Headers: {'Content-Length': '', 'Content-Type': 'text/plain', 'Host': 'localhost:8000', 'User-Agent': 'curl/8.14.1', 'Accept': '*/*'}
INFO 2025-08-16 01:33:02,995 basehttp 7 140483934459584 "GET /health/ HTTP/1.1" 301 0
INFO 2025-08-16 01:33:32,948 autoreload 7 139686859221888 Watching for file changes with StatReloader
INFO 2025-08-16 01:34:04,241 log_request_headers_middleware 7 139686680983232 Request Headers: {'Content-Length': '', 'Content-Type': 'text/plain', 'Host': 'localhost:8000', 'User-Agent': 'curl/8.14.1', 'Accept': '*/*'}
INFO 2025-08-16 01:34:04,244 basehttp 7 139686680983232 "GET /health/ HTTP/1.1" 301 0
INFO 2025-08-16 01:34:34,368 log_request_headers_middleware 7 139686680983232 Request Headers: {'Content-Length': '', 'Content-Type': 'text/plain', 'Host': 'localhost:8000', 'User-Agent': 'curl/8.14.1', 'Accept': '*/*'}
INFO 2025-08-16 01:34:34,371 basehttp 7 139686680983232 "GET /health/ HTTP/1.1" 301 0
INFO 2025-08-16 01:35:27,478 autoreload 7 139860732115840 Watching for file changes with StatReloader
INFO 2025-08-16 01:35:44,168 log_request_headers_middleware 7 139860553930432 Request Headers: {'Content-Length': '', 'Content-Type': 'text/plain', 'Host': 'localhost', 'X-Real-Ip': '172.20.0.1', 'X-Forwarded-For': '172.20.0.1', 'X-Forwarded-Proto': 'http', 'Connection': 'close', 'Sec-Ch-Ua': '"Not;A=Brand";v="99", "Microsoft Edge";v="139", "Chromium";v="139"', 'Sec-Ch-Ua-Mobile': '?0', 'Sec-Ch-Ua-Platform': '"Windows"', 'Upgrade-Insecure-Requests': '1', 'User-Agent': 'Mozilla/5.0 (Windows NT 10.0; Win64; x64) AppleWebKit/537.36 (KHTML, like Gecko) Chrome/139.0.0.0 Safari/537.36 Edg/139.0.0.0', 'Accept': 'text/html,application/xhtml+xml,application/xml;q=0.9,image/avif,image/webp,image/apng,*/*;q=0.8,application/signed-exchange;v=b3;q=0.7', 'Sec-Fetch-Site': 'none', 'Sec-Fetch-Mode': 'navigate', 'Sec-Fetch-User': '?1', 'Sec-Fetch-Dest': 'document', 'Accept-Encoding': 'gzip, deflate, br, zstd', 'Accept-Language': 'en-US,en;q=0.9,en-GB;q=0.8', 'Cookie': 'csrftoken=hw0lZuXxIAMEJn37lVsJqcgtdszi8E70'}
INFO 2025-08-16 01:35:44,175 basehttp 7 139860553930432 "GET / HTTP/1.0" 301 0
INFO 2025-08-16 01:35:57,718 log_request_headers_middleware 7 139860553930432 Request Headers: {'Content-Length': '', 'Content-Type': 'text/plain', 'Host': 'localhost:8000', 'User-Agent': 'curl/8.14.1', 'Accept': '*/*'}
INFO 2025-08-16 01:35:57,723 basehttp 7 139860553930432 "GET /health/ HTTP/1.1" 301 0
INFO 2025-08-16 01:36:27,953 log_request_headers_middleware 7 139860553930432 Request Headers: {'Content-Length': '', 'Content-Type': 'text/plain', 'Host': 'localhost:8000', 'User-Agent': 'curl/8.14.1', 'Accept': '*/*'}
INFO 2025-08-16 01:36:27,966 basehttp 7 139860553930432 "GET /health/ HTTP/1.1" 301 0
INFO 2025-08-16 01:36:58,060 log_request_headers_middleware 7 139860553930432 Request Headers: {'Content-Length': '', 'Content-Type': 'text/plain', 'Host': 'localhost:8000', 'User-Agent': 'curl/8.14.1', 'Accept': '*/*'}
INFO 2025-08-16 01:36:58,062 basehttp 7 139860553930432 "GET /health/ HTTP/1.1" 301 0
INFO 2025-08-16 01:37:23,062 log_request_headers_middleware 7 139860553930432 Request Headers: {'Content-Length': '', 'Content-Type': 'text/plain', 'Host': 'localhost', 'X-Real-Ip': '172.20.0.1', 'X-Forwarded-For': '172.20.0.1', 'X-Forwarded-Proto': 'http', 'Connection': 'close', 'Sec-Ch-Ua': '"Not)A;Brand";v="8", "Chromium";v="138", "Google Chrome";v="138"', 'Sec-Ch-Ua-Mobile': '?0', 'Sec-Ch-Ua-Platform': '"Windows"', 'Upgrade-Insecure-Requests': '1', 'User-Agent': 'Mozilla/5.0 (Windows NT 10.0; Win64; x64) AppleWebKit/537.36 (KHTML, like Gecko) Chrome/138.0.0.0 Safari/537.36', 'Accept': 'text/html,application/xhtml+xml,application/xml;q=0.9,image/avif,image/webp,image/apng,*/*;q=0.8,application/signed-exchange;v=b3;q=0.7', 'Sec-Fetch-Site': 'none', 'Sec-Fetch-Mode': 'navigate', 'Sec-Fetch-User': '?1', 'Sec-Fetch-Dest': 'document', 'Accept-Encoding': 'gzip, deflate, br, zstd', 'Accept-Language': 'en-US,en;q=0.9'}
INFO 2025-08-16 01:37:23,065 basehttp 7 139860553930432 "GET / HTTP/1.0" 301 0
INFO 2025-08-16 01:37:28,153 log_request_headers_middleware 7 139860553930432 Request Headers: {'Content-Length': '', 'Content-Type': 'text/plain', 'Host': 'localhost:8000', 'User-Agent': 'curl/8.14.1', 'Accept': '*/*'}
INFO 2025-08-16 01:37:28,155 basehttp 7 139860553930432 "GET /health/ HTTP/1.1" 301 0
INFO 2025-08-16 01:37:58,238 log_request_headers_middleware 7 139860553930432 Request Headers: {'Content-Length': '', 'Content-Type': 'text/plain', 'Host': 'localhost:8000', 'User-Agent': 'curl/8.14.1', 'Accept': '*/*'}
INFO 2025-08-16 01:37:58,241 basehttp 7 139860553930432 "GET /health/ HTTP/1.1" 301 0
INFO 2025-08-16 01:38:28,332 log_request_headers_middleware 7 139860553930432 Request Headers: {'Content-Length': '', 'Content-Type': 'text/plain', 'Host': 'localhost:8000', 'User-Agent': 'curl/8.14.1', 'Accept': '*/*'}
INFO 2025-08-16 01:38:28,334 basehttp 7 139860553930432 "GET /health/ HTTP/1.1" 301 0
INFO 2025-08-16 01:38:58,413 log_request_headers_middleware 7 139860553930432 Request Headers: {'Content-Length': '', 'Content-Type': 'text/plain', 'Host': 'localhost:8000', 'User-Agent': 'curl/8.14.1', 'Accept': '*/*'}
INFO 2025-08-16 01:38:58,415 basehttp 7 139860553930432 "GET /health/ HTTP/1.1" 301 0
INFO 2025-08-16 01:39:28,511 log_request_headers_middleware 7 139860553930432 Request Headers: {'Content-Length': '', 'Content-Type': 'text/plain', 'Host': 'localhost:8000', 'User-Agent': 'curl/8.14.1', 'Accept': '*/*'}
INFO 2025-08-16 01:39:28,515 basehttp 7 139860553930432 "GET /health/ HTTP/1.1" 301 0
INFO 2025-08-16 01:39:58,620 log_request_headers_middleware 7 139860553930432 Request Headers: {'Content-Length': '', 'Content-Type': 'text/plain', 'Host': 'localhost:8000', 'User-Agent': 'curl/8.14.1', 'Accept': '*/*'}
INFO 2025-08-16 01:39:58,622 basehttp 7 139860553930432 "GET /health/ HTTP/1.1" 301 0
INFO 2025-08-16 01:40:28,735 log_request_headers_middleware 7 139860553930432 Request Headers: {'Content-Length': '', 'Content-Type': 'text/plain', 'Host': 'localhost:8000', 'User-Agent': 'curl/8.14.1', 'Accept': '*/*'}
INFO 2025-08-16 01:40:28,737 basehttp 7 139860553930432 "GET /health/ HTTP/1.1" 301 0
INFO 2025-08-16 01:40:58,807 log_request_headers_middleware 7 139860553930432 Request Headers: {'Content-Length': '', 'Content-Type': 'text/plain', 'Host': 'localhost:8000', 'User-Agent': 'curl/8.14.1', 'Accept': '*/*'}
INFO 2025-08-16 01:40:58,809 basehttp 7 139860553930432 "GET /health/ HTTP/1.1" 301 0
INFO 2025-08-16 01:41:28,885 log_request_headers_middleware 7 139860553930432 Request Headers: {'Content-Length': '', 'Content-Type': 'text/plain', 'Host': 'localhost:8000', 'User-Agent': 'curl/8.14.1', 'Accept': '*/*'}
INFO 2025-08-16 01:41:28,888 basehttp 7 139860553930432 "GET /health/ HTTP/1.1" 301 0
INFO 2025-08-16 01:41:58,984 log_request_headers_middleware 7 139860553930432 Request Headers: {'Content-Length': '', 'Content-Type': 'text/plain', 'Host': 'localhost:8000', 'User-Agent': 'curl/8.14.1', 'Accept': '*/*'}
INFO 2025-08-16 01:41:58,988 basehttp 7 139860553930432 "GET /health/ HTTP/1.1" 301 0
INFO 2025-08-16 01:42:29,095 log_request_headers_middleware 7 139860553930432 Request Headers: {'Content-Length': '', 'Content-Type': 'text/plain', 'Host': 'localhost:8000', 'User-Agent': 'curl/8.14.1', 'Accept': '*/*'}
INFO 2025-08-16 01:42:29,097 basehttp 7 139860553930432 "GET /health/ HTTP/1.1" 301 0
INFO 2025-08-16 01:42:59,198 log_request_headers_middleware 7 139860553930432 Request Headers: {'Content-Length': '', 'Content-Type': 'text/plain', 'Host': 'localhost:8000', 'User-Agent': 'curl/8.14.1', 'Accept': '*/*'}
INFO 2025-08-16 01:42:59,200 basehttp 7 139860553930432 "GET /health/ HTTP/1.1" 301 0
INFO 2025-08-16 01:43:29,284 log_request_headers_middleware 7 139860553930432 Request Headers: {'Content-Length': '', 'Content-Type': 'text/plain', 'Host': 'localhost:8000', 'User-Agent': 'curl/8.14.1', 'Accept': '*/*'}
INFO 2025-08-16 01:43:29,285 basehttp 7 139860553930432 "GET /health/ HTTP/1.1" 301 0
INFO 2025-08-16 01:43:59,377 log_request_headers_middleware 7 139860553930432 Request Headers: {'Content-Length': '', 'Content-Type': 'text/plain', 'Host': 'localhost:8000', 'User-Agent': 'curl/8.14.1', 'Accept': '*/*'}
INFO 2025-08-16 01:43:59,379 basehttp 7 139860553930432 "GET /health/ HTTP/1.1" 301 0
INFO 2025-08-16 01:44:29,460 log_request_headers_middleware 7 139860553930432 Request Headers: {'Content-Length': '', 'Content-Type': 'text/plain', 'Host': 'localhost:8000', 'User-Agent': 'curl/8.14.1', 'Accept': '*/*'}
INFO 2025-08-16 01:44:29,462 basehttp 7 139860553930432 "GET /health/ HTTP/1.1" 301 0
INFO 2025-08-16 01:44:59,544 log_request_headers_middleware 7 139860553930432 Request Headers: {'Content-Length': '', 'Content-Type': 'text/plain', 'Host': 'localhost:8000', 'User-Agent': 'curl/8.14.1', 'Accept': '*/*'}
INFO 2025-08-16 01:44:59,547 basehttp 7 139860553930432 "GET /health/ HTTP/1.1" 301 0
INFO 2025-08-16 01:45:29,620 log_request_headers_middleware 7 139860553930432 Request Headers: {'Content-Length': '', 'Content-Type': 'text/plain', 'Host': 'localhost:8000', 'User-Agent': 'curl/8.14.1', 'Accept': '*/*'}
INFO 2025-08-16 01:45:29,622 basehttp 7 139860553930432 "GET /health/ HTTP/1.1" 301 0
INFO 2025-08-16 01:45:59,735 log_request_headers_middleware 7 139860553930432 Request Headers: {'Content-Length': '', 'Content-Type': 'text/plain', 'Host': 'localhost:8000', 'User-Agent': 'curl/8.14.1', 'Accept': '*/*'}
INFO 2025-08-16 01:45:59,738 basehttp 7 139860553930432 "GET /health/ HTTP/1.1" 301 0
INFO 2025-08-16 01:46:48,940 autoreload 7 140242281909120 Watching for file changes with StatReloader
INFO 2025-08-16 01:47:20,617 log_request_headers_middleware 7 140242170582720 Request Headers: {'Content-Length': '', 'Content-Type': 'text/plain', 'Host': 'localhost:8000', 'User-Agent': 'curl/8.14.1', 'Accept': '*/*'}
INFO 2025-08-16 01:47:20,622 basehttp 7 140242170582720 "GET /health/ HTTP/1.1" 301 0
INFO 2025-08-16 01:47:50,722 log_request_headers_middleware 7 140242170582720 Request Headers: {'Content-Length': '', 'Content-Type': 'text/plain', 'Host': 'localhost:8000', 'User-Agent': 'curl/8.14.1', 'Accept': '*/*'}
INFO 2025-08-16 01:47:50,726 basehttp 7 140242170582720 "GET /health/ HTTP/1.1" 301 0
INFO 2025-08-16 01:48:20,828 log_request_headers_middleware 7 140242170582720 Request Headers: {'Content-Length': '', 'Content-Type': 'text/plain', 'Host': 'localhost:8000', 'User-Agent': 'curl/8.14.1', 'Accept': '*/*'}
INFO 2025-08-16 01:48:20,831 basehttp 7 140242170582720 "GET /health/ HTTP/1.1" 301 0
INFO 2025-08-16 01:48:50,921 log_request_headers_middleware 7 140242170582720 Request Headers: {'Content-Length': '', 'Content-Type': 'text/plain', 'Host': 'localhost:8000', 'User-Agent': 'curl/8.14.1', 'Accept': '*/*'}
INFO 2025-08-16 01:48:50,923 basehttp 7 140242170582720 "GET /health/ HTTP/1.1" 301 0
INFO 2025-08-16 01:49:21,038 log_request_headers_middleware 7 140242170582720 Request Headers: {'Content-Length': '', 'Content-Type': 'text/plain', 'Host': 'localhost:8000', 'User-Agent': 'curl/8.14.1', 'Accept': '*/*'}
INFO 2025-08-16 01:49:21,040 basehttp 7 140242170582720 "GET /health/ HTTP/1.1" 301 0
INFO 2025-08-16 01:49:51,150 log_request_headers_middleware 7 140242170582720 Request Headers: {'Content-Length': '', 'Content-Type': 'text/plain', 'Host': 'localhost:8000', 'User-Agent': 'curl/8.14.1', 'Accept': '*/*'}
INFO 2025-08-16 01:49:51,152 basehttp 7 140242170582720 "GET /health/ HTTP/1.1" 301 0
INFO 2025-08-16 01:50:01,929 log_request_headers_middleware 7 140242170582720 Request Headers: {'Content-Length': '', 'Content-Type': 'text/plain', 'Host': 'web:8000', 'User-Agent': 'Wget', 'Accept': '*/*', 'Connection': 'close'}
INFO 2025-08-16 01:50:01,931 basehttp 7 140242170582720 "GET / HTTP/1.1" 301 0
INFO 2025-08-16 01:50:02,019 basehttp 7 140242170582720 code 400, message Bad request syntax ('\x16\x03\x01\x05û\x01\x00\x05÷\x03\x03\x82¼3àp')
ERROR 2025-08-16 01:50:02,020 basehttp 7 140242170582720 You're accessing the development server over HTTPS, but it only supports HTTP.
INFO 2025-08-16 01:50:21,241 log_request_headers_middleware 7 140242170582720 Request Headers: {'Content-Length': '', 'Content-Type': 'text/plain', 'Host': 'localhost:8000', 'User-Agent': 'curl/8.14.1', 'Accept': '*/*'}
INFO 2025-08-16 01:50:21,243 basehttp 7 140242170582720 "GET /health/ HTTP/1.1" 301 0
INFO 2025-08-16 01:50:51,329 log_request_headers_middleware 7 140242170582720 Request Headers: {'Content-Length': '', 'Content-Type': 'text/plain', 'Host': 'localhost:8000', 'User-Agent': 'curl/8.14.1', 'Accept': '*/*'}
INFO 2025-08-16 01:50:51,331 basehttp 7 140242170582720 "GET /health/ HTTP/1.1" 301 0
INFO 2025-08-16 01:51:21,413 log_request_headers_middleware 7 140242170582720 Request Headers: {'Content-Length': '', 'Content-Type': 'text/plain', 'Host': 'localhost:8000', 'User-Agent': 'curl/8.14.1', 'Accept': '*/*'}
INFO 2025-08-16 01:51:21,416 basehttp 7 140242170582720 "GET /health/ HTTP/1.1" 301 0
INFO 2025-08-16 01:51:51,498 log_request_headers_middleware 7 140242170582720 Request Headers: {'Content-Length': '', 'Content-Type': 'text/plain', 'Host': 'localhost:8000', 'User-Agent': 'curl/8.14.1', 'Accept': '*/*'}
INFO 2025-08-16 01:51:51,500 basehttp 7 140242170582720 "GET /health/ HTTP/1.1" 301 0
INFO 2025-08-16 01:52:21,607 log_request_headers_middleware 7 140242170582720 Request Headers: {'Content-Length': '', 'Content-Type': 'text/plain', 'Host': 'localhost:8000', 'User-Agent': 'curl/8.14.1', 'Accept': '*/*'}
INFO 2025-08-16 01:52:21,610 basehttp 7 140242170582720 "GET /health/ HTTP/1.1" 301 0
INFO 2025-08-16 01:52:51,730 log_request_headers_middleware 7 140242170582720 Request Headers: {'Content-Length': '', 'Content-Type': 'text/plain', 'Host': 'localhost:8000', 'User-Agent': 'curl/8.14.1', 'Accept': '*/*'}
INFO 2025-08-16 01:52:51,733 basehttp 7 140242170582720 "GET /health/ HTTP/1.1" 301 0
INFO 2025-08-16 01:53:21,824 log_request_headers_middleware 7 140242170582720 Request Headers: {'Content-Length': '', 'Content-Type': 'text/plain', 'Host': 'localhost:8000', 'User-Agent': 'curl/8.14.1', 'Accept': '*/*'}
INFO 2025-08-16 01:53:21,827 basehttp 7 140242170582720 "GET /health/ HTTP/1.1" 301 0
INFO 2025-08-16 01:53:51,920 log_request_headers_middleware 7 140242170582720 Request Headers: {'Content-Length': '', 'Content-Type': 'text/plain', 'Host': 'localhost:8000', 'User-Agent': 'curl/8.14.1', 'Accept': '*/*'}
INFO 2025-08-16 01:53:51,922 basehttp 7 140242170582720 "GET /health/ HTTP/1.1" 301 0
INFO 2025-08-16 01:54:22,007 log_request_headers_middleware 7 140242170582720 Request Headers: {'Content-Length': '', 'Content-Type': 'text/plain', 'Host': 'localhost:8000', 'User-Agent': 'curl/8.14.1', 'Accept': '*/*'}
INFO 2025-08-16 01:54:22,009 basehttp 7 140242170582720 "GET /health/ HTTP/1.1" 301 0
INFO 2025-08-16 01:54:52,091 log_request_headers_middleware 7 140242170582720 Request Headers: {'Content-Length': '', 'Content-Type': 'text/plain', 'Host': 'localhost:8000', 'User-Agent': 'curl/8.14.1', 'Accept': '*/*'}
INFO 2025-08-16 01:54:52,093 basehttp 7 140242170582720 "GET /health/ HTTP/1.1" 301 0
INFO 2025-08-16 01:55:22,158 log_request_headers_middleware 7 140242170582720 Request Headers: {'Content-Length': '', 'Content-Type': 'text/plain', 'Host': 'localhost:8000', 'User-Agent': 'curl/8.14.1', 'Accept': '*/*'}
INFO 2025-08-16 01:55:22,160 basehttp 7 140242170582720 "GET /health/ HTTP/1.1" 301 0
INFO 2025-08-16 01:55:35,321 log_request_headers_middleware 7 140242170582720 Request Headers: {'Content-Length': '', 'Content-Type': 'text/plain', 'Host': 'web:8000', 'User-Agent': 'curl/8.14.1', 'Accept': '*/*'}
INFO 2025-08-16 01:55:35,324 basehttp 7 140242170582720 "GET / HTTP/1.1" 301 0
INFO 2025-08-16 01:55:52,237 log_request_headers_middleware 7 140242170582720 Request Headers: {'Content-Length': '', 'Content-Type': 'text/plain', 'Host': 'localhost:8000', 'User-Agent': 'curl/8.14.1', 'Accept': '*/*'}
INFO 2025-08-16 01:55:52,239 basehttp 7 140242170582720 "GET /health/ HTTP/1.1" 301 0
INFO 2025-08-16 01:56:22,395 log_request_headers_middleware 7 140242170582720 Request Headers: {'Content-Length': '', 'Content-Type': 'text/plain', 'Host': 'localhost:8000', 'User-Agent': 'curl/8.14.1', 'Accept': '*/*'}
INFO 2025-08-16 01:56:22,397 basehttp 7 140242170582720 "GET /health/ HTTP/1.1" 301 0
INFO 2025-08-16 01:56:52,473 log_request_headers_middleware 7 140242170582720 Request Headers: {'Content-Length': '', 'Content-Type': 'text/plain', 'Host': 'localhost:8000', 'User-Agent': 'curl/8.14.1', 'Accept': '*/*'}
INFO 2025-08-16 01:56:52,477 basehttp 7 140242170582720 "GET /health/ HTTP/1.1" 301 0
INFO 2025-08-16 01:57:22,579 log_request_headers_middleware 7 140242170582720 Request Headers: {'Content-Length': '', 'Content-Type': 'text/plain', 'Host': 'localhost:8000', 'User-Agent': 'curl/8.14.1', 'Accept': '*/*'}
INFO 2025-08-16 01:57:22,581 basehttp 7 140242170582720 "GET /health/ HTTP/1.1" 301 0
INFO 2025-08-16 01:57:52,658 log_request_headers_middleware 7 140242170582720 Request Headers: {'Content-Length': '', 'Content-Type': 'text/plain', 'Host': 'localhost:8000', 'User-Agent': 'curl/8.14.1', 'Accept': '*/*'}
INFO 2025-08-16 01:57:52,659 basehttp 7 140242170582720 "GET /health/ HTTP/1.1" 301 0
INFO 2025-08-16 01:58:19,845 autoreload 8 140451821403008 Watching for file changes with StatReloader
INFO 2025-08-16 01:58:21,274 log_request_headers_middleware 8 140451711719104 Request Headers: {'Content-Length': '', 'Content-Type': 'text/plain', 'Host': 'localhost:8000', 'User-Agent': 'curl/8.14.1', 'Accept': '*/*'}
INFO 2025-08-16 01:58:21,276 basehttp 8 140451711719104 "GET /health/ HTTP/1.1" 301 0
INFO 2025-08-16 01:58:51,384 log_request_headers_middleware 8 140451711719104 Request Headers: {'Content-Length': '', 'Content-Type': 'text/plain', 'Host': 'localhost:8000', 'User-Agent': 'curl/8.14.1', 'Accept': '*/*'}
INFO 2025-08-16 01:58:51,387 basehttp 8 140451711719104 "GET /health/ HTTP/1.1" 301 0
INFO 2025-08-16 01:59:21,469 log_request_headers_middleware 8 140451711719104 Request Headers: {'Content-Length': '', 'Content-Type': 'text/plain', 'Host': 'localhost:8000', 'User-Agent': 'curl/8.14.1', 'Accept': '*/*'}
INFO 2025-08-16 01:59:21,472 basehttp 8 140451711719104 "GET /health/ HTTP/1.1" 301 0
INFO 2025-08-16 01:59:51,570 log_request_headers_middleware 8 140451711719104 Request Headers: {'Content-Length': '', 'Content-Type': 'text/plain', 'Host': 'localhost:8000', 'User-Agent': 'curl/8.14.1', 'Accept': '*/*'}
INFO 2025-08-16 01:59:51,573 basehttp 8 140451711719104 "GET /health/ HTTP/1.1" 301 0
INFO 2025-08-16 02:00:21,740 log_request_headers_middleware 8 140451711719104 Request Headers: {'Content-Length': '', 'Content-Type': 'text/plain', 'Host': 'localhost:8000', 'User-Agent': 'curl/8.14.1', 'Accept': '*/*'}
INFO 2025-08-16 02:00:21,742 basehttp 8 140451711719104 "GET /health/ HTTP/1.1" 301 0
INFO 2025-08-16 02:00:51,834 log_request_headers_middleware 8 140451711719104 Request Headers: {'Content-Length': '', 'Content-Type': 'text/plain', 'Host': 'localhost:8000', 'User-Agent': 'curl/8.14.1', 'Accept': '*/*'}
INFO 2025-08-16 02:00:51,836 basehttp 8 140451711719104 "GET /health/ HTTP/1.1" 301 0
INFO 2025-08-16 02:01:21,925 log_request_headers_middleware 8 140451711719104 Request Headers: {'Content-Length': '', 'Content-Type': 'text/plain', 'Host': 'localhost:8000', 'User-Agent': 'curl/8.14.1', 'Accept': '*/*'}
INFO 2025-08-16 02:01:21,928 basehttp 8 140451711719104 "GET /health/ HTTP/1.1" 301 0
INFO 2025-08-16 02:01:52,040 log_request_headers_middleware 8 140451711719104 Request Headers: {'Content-Length': '', 'Content-Type': 'text/plain', 'Host': 'localhost:8000', 'User-Agent': 'curl/8.14.1', 'Accept': '*/*'}
INFO 2025-08-16 02:01:52,042 basehttp 8 140451711719104 "GET /health/ HTTP/1.1" 301 0
INFO 2025-08-16 02:02:22,136 log_request_headers_middleware 8 140451711719104 Request Headers: {'Content-Length': '', 'Content-Type': 'text/plain', 'Host': 'localhost:8000', 'User-Agent': 'curl/8.14.1', 'Accept': '*/*'}
INFO 2025-08-16 02:02:22,139 basehttp 8 140451711719104 "GET /health/ HTTP/1.1" 301 0
INFO 2025-08-16 02:02:52,245 log_request_headers_middleware 8 140451711719104 Request Headers: {'Content-Length': '', 'Content-Type': 'text/plain', 'Host': 'localhost:8000', 'User-Agent': 'curl/8.14.1', 'Accept': '*/*'}
INFO 2025-08-16 02:02:52,247 basehttp 8 140451711719104 "GET /health/ HTTP/1.1" 301 0
INFO 2025-08-16 02:03:22,332 log_request_headers_middleware 8 140451711719104 Request Headers: {'Content-Length': '', 'Content-Type': 'text/plain', 'Host': 'localhost:8000', 'User-Agent': 'curl/8.14.1', 'Accept': '*/*'}
INFO 2025-08-16 02:03:22,334 basehttp 8 140451711719104 "GET /health/ HTTP/1.1" 301 0
INFO 2025-08-16 02:03:52,457 log_request_headers_middleware 8 140451711719104 Request Headers: {'Content-Length': '', 'Content-Type': 'text/plain', 'Host': 'localhost:8000', 'User-Agent': 'curl/8.14.1', 'Accept': '*/*'}
INFO 2025-08-16 02:03:52,461 basehttp 8 140451711719104 "GET /health/ HTTP/1.1" 301 0
INFO 2025-08-16 02:04:22,554 log_request_headers_middleware 8 140451711719104 Request Headers: {'Content-Length': '', 'Content-Type': 'text/plain', 'Host': 'localhost:8000', 'User-Agent': 'curl/8.14.1', 'Accept': '*/*'}
INFO 2025-08-16 02:04:22,556 basehttp 8 140451711719104 "GET /health/ HTTP/1.1" 301 0
INFO 2025-08-16 02:04:52,632 log_request_headers_middleware 8 140451711719104 Request Headers: {'Content-Length': '', 'Content-Type': 'text/plain', 'Host': 'localhost:8000', 'User-Agent': 'curl/8.14.1', 'Accept': '*/*'}
INFO 2025-08-16 02:04:52,633 basehttp 8 140451711719104 "GET /health/ HTTP/1.1" 301 0
INFO 2025-08-16 02:05:22,769 log_request_headers_middleware 8 140451711719104 Request Headers: {'Content-Length': '', 'Content-Type': 'text/plain', 'Host': 'localhost:8000', 'User-Agent': 'curl/8.14.1', 'Accept': '*/*'}
INFO 2025-08-16 02:05:22,771 basehttp 8 140451711719104 "GET /health/ HTTP/1.1" 301 0
INFO 2025-08-16 02:05:52,869 log_request_headers_middleware 8 140451711719104 Request Headers: {'Content-Length': '', 'Content-Type': 'text/plain', 'Host': 'localhost:8000', 'User-Agent': 'curl/8.14.1', 'Accept': '*/*'}
INFO 2025-08-16 02:05:52,872 basehttp 8 140451711719104 "GET /health/ HTTP/1.1" 301 0
INFO 2025-08-16 02:06:28,515 autoreload 7 140715696933760 Watching for file changes with StatReloader
INFO 2025-08-16 02:07:00,023 log_request_headers_middleware 7 140715501975232 Request Headers: {'Content-Length': '', 'Content-Type': 'text/plain', 'Host': 'localhost:8000', 'User-Agent': 'curl/8.14.1', 'Accept': '*/*'}
INFO 2025-08-16 02:07:00,039 basehttp 7 140715501975232 "GET /health/ HTTP/1.1" 301 0
INFO 2025-08-16 02:07:51,874 autoreload 7 140101411199872 Watching for file changes with StatReloader
INFO 2025-08-16 02:07:56,273 log_request_headers_middleware 7 140101229213376 Request Headers: {'Content-Length': '', 'Content-Type': 'text/plain', 'Host': 'localhost:8999', 'Connection': 'keep-alive', 'Sec-Ch-Ua': '"Not;A=Brand";v="99", "Microsoft Edge";v="139", "Chromium";v="139"', 'Sec-Ch-Ua-Mobile': '?0', 'Sec-Ch-Ua-Platform': '"Windows"', 'Upgrade-Insecure-Requests': '1', 'User-Agent': 'Mozilla/5.0 (Windows NT 10.0; Win64; x64) AppleWebKit/537.36 (KHTML, like Gecko) Chrome/139.0.0.0 Safari/537.36 Edg/139.0.0.0', 'Accept': 'text/html,application/xhtml+xml,application/xml;q=0.9,image/avif,image/webp,image/apng,*/*;q=0.8,application/signed-exchange;v=b3;q=0.7', 'Sec-Fetch-Site': 'none', 'Sec-Fetch-Mode': 'navigate', 'Sec-Fetch-User': '?1', 'Sec-Fetch-Dest': 'document', 'Accept-Encoding': 'gzip, deflate, br, zstd', 'Accept-Language': 'en-US,en;q=0.9,en-GB;q=0.8', 'Cookie': 'csrftoken=hw0lZuXxIAMEJn37lVsJqcgtdszi8E70'}
INFO 2025-08-16 02:07:56,277 basehttp 7 140101229213376 "GET / HTTP/1.1" 301 0
INFO 2025-08-16 02:07:56,445 basehttp 7 140101229213376 code 400, message Bad request version ('localhost\x00')
ERROR 2025-08-16 02:07:56,446 basehttp 7 140101229213376 You're accessing the development server over HTTPS, but it only supports HTTP.
INFO 2025-08-16 02:07:56,472 basehttp 7 140101212427968 code 400, message Bad request version ('\x00\x12\x00\x10\x04\x03\x08\x04\x04\x01\x05\x03\x08\x05\x05\x01\x08\x06\x06\x01\x00')
ERROR 2025-08-16 02:07:56,474 basehttp 7 140101212427968 You're accessing the development server over HTTPS, but it only supports HTTP.
INFO 2025-08-16 02:08:22,956 log_request_headers_middleware 7 140101212427968 Request Headers: {'Content-Length': '', 'Content-Type': 'text/plain', 'Host': 'localhost:8000', 'User-Agent': 'curl/8.14.1', 'Accept': '*/*'}
INFO 2025-08-16 02:08:22,959 basehttp 7 140101212427968 "GET /health/ HTTP/1.1" 301 0
INFO 2025-08-16 02:08:44,937 basehttp 7 140101212427968 code 400, message Bad request version ('\x02h2\x08http/1.1\x00\x12\x00\x00DÍ\x00\x05\x00\x03\x02h2\x00\x1b\x00\x03\x02\x00\x02\x00+\x00\x07\x06zz\x03\x04\x03\x03\x00')
ERROR 2025-08-16 02:08:44,939 basehttp 7 140101212427968 You're accessing the development server over HTTPS, but it only supports HTTP.
INFO 2025-08-16 02:08:44,971 basehttp 7 140101212427968 code 400, message Bad request version ('\x00\x12\x00\x10\x04\x03\x08\x04\x04\x01\x05\x03\x08\x05\x05\x01\x08\x06\x06\x01\x00#\x00\x00\x00\x12\x00\x00\x00\x17\x00\x00\x00')
ERROR 2025-08-16 02:08:44,973 basehttp 7 140101212427968 You're accessing the development server over HTTPS, but it only supports HTTP.
INFO 2025-08-16 02:08:53,099 log_request_headers_middleware 7 140101212427968 Request Headers: {'Content-Length': '', 'Content-Type': 'text/plain', 'Host': 'localhost:8000', 'User-Agent': 'curl/8.14.1', 'Accept': '*/*'}
INFO 2025-08-16 02:08:53,101 basehttp 7 140101212427968 "GET /health/ HTTP/1.1" 301 0
INFO 2025-08-16 02:08:56,185 basehttp 7 140101212427968 code 400, message Bad request version ('localhost\x00\x17\x00\x00\x00')
ERROR 2025-08-16 02:08:56,187 basehttp 7 140101212427968 You're accessing the development server over HTTPS, but it only supports HTTP.
INFO 2025-08-16 02:08:56,199 basehttp 7 140101212427968 code 400, message Bad request version ('ªª\x13\x01\x13\x02\x13\x03À+À/À,À0Ì©Ì¨À\x13À\x14\x00\x9c\x00\x9d\x00/\x005\x01\x00\x06EZZ\x00\x00\x00+\x00\x07\x06ÚÚ\x03\x04\x03\x03ÿ\x01\x00\x01\x00\x00')
ERROR 2025-08-16 02:08:56,201 basehttp 7 140101212427968 You're accessing the development server over HTTPS, but it only supports HTTP.
INFO 2025-08-16 02:09:23,218 log_request_headers_middleware 7 140101220820672 Request Headers: {'Content-Length': '', 'Content-Type': 'text/plain', 'Host': 'localhost:8000', 'User-Agent': 'curl/8.14.1', 'Accept': '*/*'}
INFO 2025-08-16 02:09:23,221 basehttp 7 140101220820672 "GET /health/ HTTP/1.1" 301 0
INFO 2025-08-16 02:09:27,743 log_request_headers_middleware 7 140101220820672 Request Headers: {'Content-Length': '', 'Content-Type': 'text/plain', 'Host': 'localhost:8999', 'Connection': 'keep-alive', 'Sec-Ch-Ua': '"Not)A;Brand";v="8", "Chromium";v="138", "Google Chrome";v="138"', 'Sec-Ch-Ua-Mobile': '?0', 'Sec-Ch-Ua-Platform': '"Windows"', 'Upgrade-Insecure-Requests': '1', 'User-Agent': 'Mozilla/5.0 (Windows NT 10.0; Win64; x64) AppleWebKit/537.36 (KHTML, like Gecko) Chrome/138.0.0.0 Safari/537.36', 'Accept': 'text/html,application/xhtml+xml,application/xml;q=0.9,image/avif,image/webp,image/apng,*/*;q=0.8,application/signed-exchange;v=b3;q=0.7', 'Sec-Fetch-Site': 'none', 'Sec-Fetch-Mode': 'navigate', 'Sec-Fetch-User': '?1', 'Sec-Fetch-Dest': 'document', 'Accept-Encoding': 'gzip, deflate, br, zstd', 'Accept-Language': 'en-US,en;q=0.9'}
INFO 2025-08-16 02:09:27,745 basehttp 7 140101220820672 "GET / HTTP/1.1" 301 0
INFO 2025-08-16 02:09:27,762 basehttp 7 140101220820672 code 400, message Bad request version ('j\x13\x9e¬L¡\x17Ô\x7f\x82ª¤\x9f[2ÇÌX\x84!HAF\x03S¤\x80|\x9cD«\x9bVþb*@Ú\x10\x93`ÆJ\x87$7\x80H{uu<É\x82x\x9a?\x16÷AyCO¿`¿ï(\x9eß\x82')
ERROR 2025-08-16 02:09:27,763 basehttp 7 140101220820672 You're accessing the development server over HTTPS, but it only supports HTTP.
INFO 2025-08-16 02:09:27,776 basehttp 7 140101220820672 code 400, message Bad request version ('\x00\x02\x01\x00\x00+\x00\x07\x06ZZ\x03\x04\x03\x03\x00\x05\x00\x05\x01\x00\x00\x00\x00DÍ\x00\x05\x00\x03\x02h2\x003\x04ï\x04íZZ\x00\x01\x00\x11ì\x04À\x112[<§aoòH?¬\\ÕZ<Æ\x805ÔÔ¹VÀPbò\x1b?\x82:Ië')
ERROR 2025-08-16 02:09:27,778 basehttp 7 140101220820672 You're accessing the development server over HTTPS, but it only supports HTTP.
INFO 2025-08-16 02:09:44,568 basehttp 7 140101220820672 code 400, message Bad request version ('ÊÊ\x13\x01\x13\x02\x13\x03À+À/À,À0Ì©Ì¨À\x13À\x14\x00\x9c\x00\x9d\x00/\x005\x01\x00\x06EJJ\x00\x00\x00')
ERROR 2025-08-16 02:09:44,569 basehttp 7 140101220820672 You're accessing the development server over HTTPS, but it only supports HTTP.
INFO 2025-08-16 02:09:44,583 basehttp 7 140101212427968 code 400, message Bad request version ('ªª\x13\x01\x13\x02\x13\x03À+À/À,À0Ì©Ì¨À\x13À\x14\x00\x9c\x00\x9d\x00/\x005\x01\x00\x06Eªª\x00\x00\x00+\x00\x07\x06\x8a\x8a\x03\x04\x03\x03ÿ\x01\x00\x01\x00\x00')
ERROR 2025-08-16 02:09:44,584 basehttp 7 140101212427968 You're accessing the development server over HTTPS, but it only supports HTTP.
INFO 2025-08-16 02:09:53,346 log_request_headers_middleware 7 140101212427968 Request Headers: {'Content-Length': '', 'Content-Type': 'text/plain', 'Host': 'localhost:8000', 'User-Agent': 'curl/8.14.1', 'Accept': '*/*'}
INFO 2025-08-16 02:09:53,348 basehttp 7 140101212427968 "GET /health/ HTTP/1.1" 301 0
INFO 2025-08-16 02:10:23,418 log_request_headers_middleware 7 140101212427968 Request Headers: {'Content-Length': '', 'Content-Type': 'text/plain', 'Host': 'localhost:8000', 'User-Agent': 'curl/8.14.1', 'Accept': '*/*'}
INFO 2025-08-16 02:10:23,420 basehttp 7 140101212427968 "GET /health/ HTTP/1.1" 301 0
INFO 2025-08-16 02:10:53,486 log_request_headers_middleware 7 140101229213376 Request Headers: {'Content-Length': '', 'Content-Type': 'text/plain', 'Host': 'localhost:8000', 'User-Agent': 'curl/8.14.1', 'Accept': '*/*'}
INFO 2025-08-16 02:10:53,489 basehttp 7 140101229213376 "GET /health/ HTTP/1.1" 301 0
INFO 2025-08-16 02:11:23,594 log_request_headers_middleware 7 140101229213376 Request Headers: {'Content-Length': '', 'Content-Type': 'text/plain', 'Host': 'localhost:8000', 'User-Agent': 'curl/8.14.1', 'Accept': '*/*'}
INFO 2025-08-16 02:11:23,597 basehttp 7 140101229213376 "GET /health/ HTTP/1.1" 301 0
INFO 2025-08-16 02:11:48,134 autoreload 7 140442853329792 Watching for file changes with StatReloader
INFO 2025-08-16 02:11:50,020 log_request_headers_middleware 7 140442674919104 Request Headers: {'Content-Length': '', 'Content-Type': 'text/plain', 'Host': 'localhost:8000', 'User-Agent': 'curl/8.14.1', 'Accept': '*/*'}
INFO 2025-08-16 02:11:50,023 basehttp 7 140442674919104 "GET /health/ HTTP/1.1" 301 0
INFO 2025-08-16 02:12:20,105 log_request_headers_middleware 7 140442674919104 Request Headers: {'Content-Length': '', 'Content-Type': 'text/plain', 'Host': 'localhost:8000', 'User-Agent': 'curl/8.14.1', 'Accept': '*/*'}
INFO 2025-08-16 02:12:20,108 basehttp 7 140442674919104 "GET /health/ HTTP/1.1" 301 0
INFO 2025-08-16 02:12:22,821 basehttp 7 140442666526400 code 400, message Bad request version ('\x1a\x1a\x13\x01\x13\x02\x13\x03À+À/À,À0Ì©Ì¨À\x13À\x14\x00\x9c\x00\x9d\x00/\x005\x01\x00\x06E\x9a\x9a\x00\x00\x00+\x00\x07\x06JJ\x03\x04\x03\x03ÿ\x01\x00\x01\x00\x00\x05\x00\x05\x01\x00\x00\x00\x00\x00')
ERROR 2025-08-16 02:12:22,823 basehttp 7 140442666526400 You're accessing the development server over HTTPS, but it only supports HTTP.
INFO 2025-08-16 02:12:22,854 basehttp 7 140442666526400 code 400, message Bad request version ('4Þ\x8a\x95¹ÖNX\x93\x91ØÈz.Wà\x7f"ä¶s\x00')
ERROR 2025-08-16 02:12:22,855 basehttp 7 140442666526400 You're accessing the development server over HTTPS, but it only supports HTTP.
INFO 2025-08-16 02:12:50,242 log_request_headers_middleware 7 140442658133696 Request Headers: {'Content-Length': '', 'Content-Type': 'text/plain', 'Host': 'localhost:8000', 'User-Agent': 'curl/8.14.1', 'Accept': '*/*'}
INFO 2025-08-16 02:12:50,245 basehttp 7 140442658133696 "GET /health/ HTTP/1.1" 301 0
INFO 2025-08-16 02:13:20,330 log_request_headers_middleware 7 140442658133696 Request Headers: {'Content-Length': '', 'Content-Type': 'text/plain', 'Host': 'localhost:8000', 'User-Agent': 'curl/8.14.1', 'Accept': '*/*'}
INFO 2025-08-16 02:13:20,332 basehttp 7 140442658133696 "GET /health/ HTTP/1.1" 301 0
INFO 2025-08-16 02:13:50,424 log_request_headers_middleware 7 140442658133696 Request Headers: {'Content-Length': '', 'Content-Type': 'text/plain', 'Host': 'localhost:8000', 'User-Agent': 'curl/8.14.1', 'Accept': '*/*'}
INFO 2025-08-16 02:13:50,426 basehttp 7 140442658133696 "GET /health/ HTTP/1.1" 301 0
INFO 2025-08-16 02:14:20,520 log_request_headers_middleware 7 140442674919104 Request Headers: {'Content-Length': '', 'Content-Type': 'text/plain', 'Host': 'localhost:8000', 'User-Agent': 'curl/8.14.1', 'Accept': '*/*'}
INFO 2025-08-16 02:14:20,523 basehttp 7 140442674919104 "GET /health/ HTTP/1.1" 301 0
INFO 2025-08-16 02:14:50,615 log_request_headers_middleware 7 140442674919104 Request Headers: {'Content-Length': '', 'Content-Type': 'text/plain', 'Host': 'localhost:8000', 'User-Agent': 'curl/8.14.1', 'Accept': '*/*'}
INFO 2025-08-16 02:14:50,617 basehttp 7 140442674919104 "GET /health/ HTTP/1.1" 301 0
INFO 2025-08-16 02:15:20,705 log_request_headers_middleware 7 140442674919104 Request Headers: {'Content-Length': '', 'Content-Type': 'text/plain', 'Host': 'localhost:8000', 'User-Agent': 'curl/8.14.1', 'Accept': '*/*'}
INFO 2025-08-16 02:15:20,708 basehttp 7 140442674919104 "GET /health/ HTTP/1.1" 301 0
INFO 2025-08-16 02:15:50,807 log_request_headers_middleware 7 140442674919104 Request Headers: {'Content-Length': '', 'Content-Type': 'text/plain', 'Host': 'localhost:8000', 'User-Agent': 'curl/8.14.1', 'Accept': '*/*'}
INFO 2025-08-16 02:15:50,809 basehttp 7 140442674919104 "GET /health/ HTTP/1.1" 301 0
INFO 2025-08-16 02:16:20,929 log_request_headers_middleware 7 140442674919104 Request Headers: {'Content-Length': '', 'Content-Type': 'text/plain', 'Host': 'localhost:8000', 'User-Agent': 'curl/8.14.1', 'Accept': '*/*'}
INFO 2025-08-16 02:16:20,931 basehttp 7 140442674919104 "GET /health/ HTTP/1.1" 301 0
INFO 2025-08-16 02:16:21,272 basehttp 7 140442666526400 code 400, message Bad request version ('\x02h2\x08http/1.1\x00')
ERROR 2025-08-16 02:16:21,308 basehttp 7 140442666526400 You're accessing the development server over HTTPS, but it only supports HTTP.
INFO 2025-08-16 02:16:21,323 basehttp 7 140442666526400 code 400, message Bad request version ('\x1a\x1a\x00\x00\x00\x12\x00\x00\x00')
ERROR 2025-08-16 02:16:21,324 basehttp 7 140442666526400 You're accessing the development server over HTTPS, but it only supports HTTP.
INFO 2025-08-16 02:16:51,029 log_request_headers_middleware 7 140442666526400 Request Headers: {'Content-Length': '', 'Content-Type': 'text/plain', 'Host': 'localhost:8000', 'User-Agent': 'curl/8.14.1', 'Accept': '*/*'}
INFO 2025-08-16 02:16:51,032 basehttp 7 140442666526400 "GET /health/ HTTP/1.1" 301 0
INFO 2025-08-16 02:17:21,108 log_request_headers_middleware 7 140442666526400 Request Headers: {'Content-Length': '', 'Content-Type': 'text/plain', 'Host': 'localhost:8000', 'User-Agent': 'curl/8.14.1', 'Accept': '*/*'}
INFO 2025-08-16 02:17:21,109 basehttp 7 140442666526400 "GET /health/ HTTP/1.1" 301 0
INFO 2025-08-16 02:17:51,202 log_request_headers_middleware 7 140442666526400 Request Headers: {'Content-Length': '', 'Content-Type': 'text/plain', 'Host': 'localhost:8000', 'User-Agent': 'curl/8.14.1', 'Accept': '*/*'}
INFO 2025-08-16 02:17:51,204 basehttp 7 140442666526400 "GET /health/ HTTP/1.1" 301 0
INFO 2025-08-16 02:18:21,276 log_request_headers_middleware 7 140442666526400 Request Headers: {'Content-Length': '', 'Content-Type': 'text/plain', 'Host': 'localhost:8000', 'User-Agent': 'curl/8.14.1', 'Accept': '*/*'}
INFO 2025-08-16 02:18:21,278 basehttp 7 140442666526400 "GET /health/ HTTP/1.1" 301 0
INFO 2025-08-16 02:18:51,359 log_request_headers_middleware 7 140442666526400 Request Headers: {'Content-Length': '', 'Content-Type': 'text/plain', 'Host': 'localhost:8000', 'User-Agent': 'curl/8.14.1', 'Accept': '*/*'}
INFO 2025-08-16 02:18:51,361 basehttp 7 140442666526400 "GET /health/ HTTP/1.1" 301 0
INFO 2025-08-16 02:19:21,432 log_request_headers_middleware 7 140442666526400 Request Headers: {'Content-Length': '', 'Content-Type': 'text/plain', 'Host': 'localhost:8000', 'User-Agent': 'curl/8.14.1', 'Accept': '*/*'}
INFO 2025-08-16 02:19:21,434 basehttp 7 140442666526400 "GET /health/ HTTP/1.1" 301 0
INFO 2025-08-16 02:19:51,540 log_request_headers_middleware 7 140442666526400 Request Headers: {'Content-Length': '', 'Content-Type': 'text/plain', 'Host': 'localhost:8000', 'User-Agent': 'curl/8.14.1', 'Accept': '*/*'}
INFO 2025-08-16 02:19:51,541 basehttp 7 140442666526400 "GET /health/ HTTP/1.1" 301 0
INFO 2025-08-16 02:20:21,648 log_request_headers_middleware 7 140442666526400 Request Headers: {'Content-Length': '', 'Content-Type': 'text/plain', 'Host': 'localhost:8000', 'User-Agent': 'curl/8.14.1', 'Accept': '*/*'}
INFO 2025-08-16 02:20:21,650 basehttp 7 140442666526400 "GET /health/ HTTP/1.1" 301 0
INFO 2025-08-16 02:20:51,746 log_request_headers_middleware 7 140442666526400 Request Headers: {'Content-Length': '', 'Content-Type': 'text/plain', 'Host': 'localhost:8000', 'User-Agent': 'curl/8.14.1', 'Accept': '*/*'}
INFO 2025-08-16 02:20:51,749 basehttp 7 140442666526400 "GET /health/ HTTP/1.1" 301 0
INFO 2025-08-16 02:21:21,824 log_request_headers_middleware 7 140442666526400 Request Headers: {'Content-Length': '', 'Content-Type': 'text/plain', 'Host': 'localhost:8000', 'User-Agent': 'curl/8.14.1', 'Accept': '*/*'}
INFO 2025-08-16 02:21:21,826 basehttp 7 140442666526400 "GET /health/ HTTP/1.1" 301 0
INFO 2025-08-16 02:21:51,899 log_request_headers_middleware 7 140442666526400 Request Headers: {'Content-Length': '', 'Content-Type': 'text/plain', 'Host': 'localhost:8000', 'User-Agent': 'curl/8.14.1', 'Accept': '*/*'}
INFO 2025-08-16 02:21:51,901 basehttp 7 140442666526400 "GET /health/ HTTP/1.1" 301 0
INFO 2025-08-16 02:22:21,993 log_request_headers_middleware 7 140442666526400 Request Headers: {'Content-Length': '', 'Content-Type': 'text/plain', 'Host': 'localhost:8000', 'User-Agent': 'curl/8.14.1', 'Accept': '*/*'}
INFO 2025-08-16 02:22:21,995 basehttp 7 140442666526400 "GET /health/ HTTP/1.1" 301 0
INFO 2025-08-16 02:22:52,073 log_request_headers_middleware 7 140442666526400 Request Headers: {'Content-Length': '', 'Content-Type': 'text/plain', 'Host': 'localhost:8000', 'User-Agent': 'curl/8.14.1', 'Accept': '*/*'}
INFO 2025-08-16 02:22:52,076 basehttp 7 140442666526400 "GET /health/ HTTP/1.1" 301 0
INFO 2025-08-16 02:23:22,167 log_request_headers_middleware 7 140442666526400 Request Headers: {'Content-Length': '', 'Content-Type': 'text/plain', 'Host': 'localhost:8000', 'User-Agent': 'curl/8.14.1', 'Accept': '*/*'}
INFO 2025-08-16 02:23:22,169 basehttp 7 140442666526400 "GET /health/ HTTP/1.1" 301 0
INFO 2025-08-16 02:23:52,263 log_request_headers_middleware 7 140442666526400 Request Headers: {'Content-Length': '', 'Content-Type': 'text/plain', 'Host': 'localhost:8000', 'User-Agent': 'curl/8.14.1', 'Accept': '*/*'}
INFO 2025-08-16 02:23:52,265 basehttp 7 140442666526400 "GET /health/ HTTP/1.1" 301 0
INFO 2025-08-16 02:24:22,344 log_request_headers_middleware 7 140442674919104 Request Headers: {'Content-Length': '', 'Content-Type': 'text/plain', 'Host': 'localhost:8000', 'User-Agent': 'curl/8.14.1', 'Accept': '*/*'}
INFO 2025-08-16 02:24:22,347 basehttp 7 140442674919104 "GET /health/ HTTP/1.1" 301 0
INFO 2025-08-16 02:25:10,574 autoreload 7 140338791185280 Watching for file changes with StatReloader
INFO 2025-08-16 02:25:41,905 basehttp 7 140338643596992 "GET /health/ HTTP/1.1" 200 2
INFO 2025-08-16 02:26:12,016 basehttp 7 140338643596992 "GET /health/ HTTP/1.1" 200 2
INFO 2025-08-16 02:26:49,969 autoreload 7 139650176330624 Watching for file changes with StatReloader
INFO 2025-08-16 02:27:21,671 basehttp 7 139650028009152 "GET /health/ HTTP/1.1" 200 2
INFO 2025-08-16 02:27:41,953 basehttp 7 139650018567872 code 400, message Bad request version ('\x00\x02\x01\x00\x00\x1b\x00\x03\x02\x00\x02\x00')
ERROR 2025-08-16 02:27:41,954 basehttp 7 139650018567872 You're accessing the development server over HTTPS, but it only supports HTTP.
INFO 2025-08-16 02:27:41,981 basehttp 7 139650018567872 code 400, message Bad request version ('®Y\x95sÅ\x89¡\x04^JO"\x92Ë²k\x00VÊ)Óý>\x00')
ERROR 2025-08-16 02:27:41,983 basehttp 7 139650018567872 You're accessing the development server over HTTPS, but it only supports HTTP.
INFO 2025-08-16 02:27:46,626 basehttp 7 139650018567872 code 400, message Bad request version ('@³!ò<$\x00ðù6\x8a;ìr\x9aó$\x00ú\x7fÈ\x08\x15<×ñ©FÐpkÚj\x82lL²B¹@¤%\x92\x83$ÂI\x15óü\x03\x13')
ERROR 2025-08-16 02:27:46,627 basehttp 7 139650018567872 You're accessing the development server over HTTPS, but it only supports HTTP.
INFO 2025-08-16 02:27:46,646 basehttp 7 139650018567872 code 400, message Bad request version ('®\x13\x83ÅdbYçJ\x86Jg')
ERROR 2025-08-16 02:27:46,648 basehttp 7 139650018567872 You're accessing the development server over HTTPS, but it only supports HTTP.
INFO 2025-08-16 02:27:46,673 basehttp 7 139650018567872 code 400, message Bad request version ('\x00\x12\x00\x10\x04\x03\x08\x04\x04\x01\x05\x03\x08\x05\x05\x01\x08\x06\x06\x01\x00')
ERROR 2025-08-16 02:27:46,675 basehttp 7 139650018567872 You're accessing the development server over HTTPS, but it only supports HTTP.
INFO 2025-08-16 02:27:46,679 basehttp 7 139650018567872 code 400, message Bad request version ('\x02h2\x08http/1.1DÍ\x00\x05\x00\x03\x02h2\x00')
ERROR 2025-08-16 02:27:46,682 basehttp 7 139650018567872 You're accessing the development server over HTTPS, but it only supports HTTP.
INFO 2025-08-16 02:27:46,694 basehttp 7 139650018567872 code 400, message Bad request version ('\x02h2\x08http/1.1\x00')
ERROR 2025-08-16 02:27:46,696 basehttp 7 139650018567872 You're accessing the development server over HTTPS, but it only supports HTTP.
INFO 2025-08-16 02:27:46,699 basehttp 7 139650001782464 code 400, message Bad request syntax ('\x16\x03\x01\x06Ò\x01\x00\x06Î\x03\x03î\x9fºÌÚàö\x89ÔWX\x10ÃC\x97oôûz¡%¬@õ\x107rl¯S\x98µ ')
ERROR 2025-08-16 02:27:46,703 basehttp 7 139650001782464 You're accessing the development server over HTTPS, but it only supports HTTP.
INFO 2025-08-16 02:27:51,790 basehttp 7 139650001782464 "GET /health/ HTTP/1.1" 200 2
INFO 2025-08-16 02:28:11,154 basehttp 7 139650001782464 code 400, message Bad request version ('êê\x13\x01\x13\x02\x13\x03À+À/À,À0Ì©Ì¨À\x13À\x14\x00\x9c\x00\x9d\x00/\x005\x01\x00\x06Ezz\x00\x00\x00+\x00\x07\x06')
ERROR 2025-08-16 02:28:11,156 basehttp 7 139650001782464 You're accessing the development server over HTTPS, but it only supports HTTP.
INFO 2025-08-16 02:28:11,194 basehttp 7 139649787885248 code 400, message Bad request version ('À¯í')
ERROR 2025-08-16 02:28:11,196 basehttp 7 139649787885248 You're accessing the development server over HTTPS, but it only supports HTTP.
INFO 2025-08-16 02:28:21,644 basehttp 7 139649787885248 code 400, message Bad request syntax ('\x16\x03\x01\x06ò\x01\x00\x06î\x03\x03º\x98Aº¾_Lùû<Lâ\x0e\x0e"¾%¥')
ERROR 2025-08-16 02:28:21,646 basehttp 7 139649787885248 You're accessing the development server over HTTPS, but it only supports HTTP.
INFO 2025-08-16 02:28:21,657 basehttp 7 139649787885248 code 400, message Bad request version ('Ó(p¹o\x9275[\x95)6ç¦K')
ERROR 2025-08-16 02:28:21,659 basehttp 7 139649787885248 You're accessing the development server over HTTPS, but it only supports HTTP.
INFO 2025-08-16 02:28:21,881 basehttp 7 139649787885248 "GET /health/ HTTP/1.1" 200 2
INFO 2025-08-16 02:28:51,973 basehttp 7 139649787885248 "GET /health/ HTTP/1.1" 200 2
INFO 2025-08-16 02:29:22,091 basehttp 7 139650028009152 "GET /health/ HTTP/1.1" 200 2
INFO 2025-08-16 02:29:52,187 basehttp 7 139650028009152 "GET /health/ HTTP/1.1" 200 2
INFO 2025-08-16 02:30:22,297 basehttp 7 139650001782464 "GET /health/ HTTP/1.1" 200 2
INFO 2025-08-16 02:30:52,395 basehttp 7 139650001782464 "GET /health/ HTTP/1.1" 200 2
INFO 2025-08-16 02:31:22,488 basehttp 7 139650001782464 "GET /health/ HTTP/1.1" 200 2
INFO 2025-08-16 02:31:52,584 basehttp 7 139650001782464 "GET /health/ HTTP/1.1" 200 2
INFO 2025-08-16 02:32:22,673 basehttp 7 139650001782464 "GET /health/ HTTP/1.1" 200 2
INFO 2025-08-16 02:32:52,735 basehttp 7 139650001782464 "GET /health/ HTTP/1.1" 200 2
INFO 2025-08-16 02:33:22,832 basehttp 7 139650001782464 "GET /health/ HTTP/1.1" 200 2
INFO 2025-08-16 02:33:52,942 basehttp 7 139650001782464 "GET /health/ HTTP/1.1" 200 2
INFO 2025-08-16 02:34:23,041 basehttp 7 139650001782464 "GET /health/ HTTP/1.1" 200 2
INFO 2025-08-16 02:34:53,135 basehttp 7 139650001782464 "GET /health/ HTTP/1.1" 200 2
INFO 2025-08-16 02:35:23,230 basehttp 7 139650001782464 "GET /health/ HTTP/1.1" 200 2
INFO 2025-08-16 02:35:53,357 basehttp 7 139650001782464 "GET /health/ HTTP/1.1" 200 2
INFO 2025-08-16 02:36:23,488 basehttp 7 139650001782464 "GET /health/ HTTP/1.1" 200 2
INFO 2025-08-16 02:36:26,929 basehttp 7 139650001782464 code 400, message Bad request version ('zz\x13\x01\x13\x02\x13\x03À+À/À,À0Ì©Ì¨À\x13À\x14\x00\x9c\x00\x9d\x00/\x005\x01\x00\x06eÚÚ\x00\x00\x00#\x00\x00DÍ\x00\x05\x00\x03\x02h2ÿ\x01\x00\x01\x00\x00')
ERROR 2025-08-16 02:36:26,934 basehttp 7 139650001782464 You're accessing the development server over HTTPS, but it only supports HTTP.
INFO 2025-08-16 02:36:26,955 basehttp 7 139650001782464 code 400, message Bad request version ('µÉÚ*6')
ERROR 2025-08-16 02:36:26,957 basehttp 7 139650001782464 You're accessing the development server over HTTPS, but it only supports HTTP.
INFO 2025-08-16 02:36:53,572 basehttp 7 139650001782464 "GET /health/ HTTP/1.1" 200 2
INFO 2025-08-16 02:37:23,673 basehttp 7 139650001782464 "GET /health/ HTTP/1.1" 200 2
INFO 2025-08-16 02:37:53,752 basehttp 7 139650028009152 "GET /health/ HTTP/1.1" 200 2
INFO 2025-08-16 02:38:23,854 basehttp 7 139650028009152 "GET /health/ HTTP/1.1" 200 2
INFO 2025-08-16 02:38:53,920 basehttp 7 139650028009152 "GET /health/ HTTP/1.1" 200 2
INFO 2025-08-16 02:39:23,995 basehttp 7 139650028009152 "GET /health/ HTTP/1.1" 200 2
INFO 2025-08-16 02:39:54,101 basehttp 7 139650028009152 "GET /health/ HTTP/1.1" 200 2
INFO 2025-08-16 02:40:24,195 basehttp 7 139650028009152 "GET /health/ HTTP/1.1" 200 2
INFO 2025-08-16 02:40:54,264 basehttp 7 139650028009152 "GET /health/ HTTP/1.1" 200 2
INFO 2025-08-16 02:41:24,370 basehttp 7 139650028009152 "GET /health/ HTTP/1.1" 200 2
INFO 2025-08-16 02:41:54,456 basehttp 7 139650028009152 "GET /health/ HTTP/1.1" 200 2
INFO 2025-08-16 02:42:24,529 basehttp 7 139650028009152 "GET /health/ HTTP/1.1" 200 2
INFO 2025-08-16 02:42:54,626 basehttp 7 139650028009152 "GET /health/ HTTP/1.1" 200 2
INFO 2025-08-16 02:43:24,721 basehttp 7 139650028009152 "GET /health/ HTTP/1.1" 200 2
INFO 2025-08-16 02:43:54,798 basehttp 7 139650028009152 "GET /health/ HTTP/1.1" 200 2
INFO 2025-08-16 02:44:24,895 basehttp 7 139650028009152 "GET /health/ HTTP/1.1" 200 2
INFO 2025-08-16 02:44:54,963 basehttp 7 139650028009152 "GET /health/ HTTP/1.1" 200 2
INFO 2025-08-16 02:45:25,070 basehttp 7 139650028009152 "GET /health/ HTTP/1.1" 200 2
INFO 2025-08-16 02:45:55,148 basehttp 7 139650028009152 "GET /health/ HTTP/1.1" 200 2
INFO 2025-08-16 02:46:25,260 basehttp 7 139650028009152 "GET /health/ HTTP/1.1" 200 2
INFO 2025-08-16 02:46:55,410 basehttp 7 139650028009152 "GET /health/ HTTP/1.1" 200 2
INFO 2025-08-16 02:47:25,488 basehttp 7 139650018567872 "GET /health/ HTTP/1.1" 200 2
ERROR 2025-08-16 02:47:25,734 log 7 139650028009152 Internal Server Error: /
Traceback (most recent call last):
  File "/usr/local/lib/python3.12/site-packages/django/template/base.py", line 890, in _resolve_lookup
    raise TypeError
TypeError

During handling of the above exception, another exception occurred:

Traceback (most recent call last):
  File "/usr/local/lib/python3.12/site-packages/django/core/handlers/exception.py", line 55, in inner
    response = get_response(request)
               ^^^^^^^^^^^^^^^^^^^^^
  File "/usr/local/lib/python3.12/site-packages/django/core/handlers/base.py", line 197, in _get_response
    response = wrapped_callback(request, *callback_args, **callback_kwargs)
               ^^^^^^^^^^^^^^^^^^^^^^^^^^^^^^^^^^^^^^^^^^^^^^^^^^^^^^^^^^^^
  File "/usr/local/lib/python3.12/site-packages/django/utils/decorators.py", line 192, in _view_wrapper
    result = _process_exception(request, e)
             ^^^^^^^^^^^^^^^^^^^^^^^^^^^^^^
  File "/usr/local/lib/python3.12/site-packages/django/utils/decorators.py", line 190, in _view_wrapper
    response = view_func(request, *args, **kwargs)
               ^^^^^^^^^^^^^^^^^^^^^^^^^^^^^^^^^^^
  File "/app/products/views.py", line 80, in home
    return render(request, 'products/home.html', context)
           ^^^^^^^^^^^^^^^^^^^^^^^^^^^^^^^^^^^^^^^^^^^^^^
  File "/usr/local/lib/python3.12/site-packages/django/shortcuts.py", line 25, in render
    content = loader.render_to_string(template_name, context, request, using=using)
              ^^^^^^^^^^^^^^^^^^^^^^^^^^^^^^^^^^^^^^^^^^^^^^^^^^^^^^^^^^^^^^^^^^^^^
  File "/usr/local/lib/python3.12/site-packages/django/template/loader.py", line 62, in render_to_string
    return template.render(context, request)
           ^^^^^^^^^^^^^^^^^^^^^^^^^^^^^^^^^
  File "/usr/local/lib/python3.12/site-packages/django/template/backends/django.py", line 107, in render
    return self.template.render(context)
           ^^^^^^^^^^^^^^^^^^^^^^^^^^^^^
  File "/usr/local/lib/python3.12/site-packages/django/template/base.py", line 171, in render
    return self._render(context)
           ^^^^^^^^^^^^^^^^^^^^^
  File "/usr/local/lib/python3.12/site-packages/django/template/base.py", line 163, in _render
    return self.nodelist.render(context)
           ^^^^^^^^^^^^^^^^^^^^^^^^^^^^^
  File "/usr/local/lib/python3.12/site-packages/django/template/base.py", line 1016, in render
    return SafeString("".join([node.render_annotated(context) for node in self]))
                               ^^^^^^^^^^^^^^^^^^^^^^^^^^^^^^
  File "/usr/local/lib/python3.12/site-packages/django/template/base.py", line 977, in render_annotated
    return self.render(context)
           ^^^^^^^^^^^^^^^^^^^^
  File "/usr/local/lib/python3.12/site-packages/django/template/loader_tags.py", line 159, in render
    return compiled_parent._render(context)
           ^^^^^^^^^^^^^^^^^^^^^^^^^^^^^^^^
  File "/usr/local/lib/python3.12/site-packages/django/template/base.py", line 163, in _render
    return self.nodelist.render(context)
           ^^^^^^^^^^^^^^^^^^^^^^^^^^^^^
  File "/usr/local/lib/python3.12/site-packages/django/template/base.py", line 1016, in render
    return SafeString("".join([node.render_annotated(context) for node in self]))
                               ^^^^^^^^^^^^^^^^^^^^^^^^^^^^^^
  File "/usr/local/lib/python3.12/site-packages/django/template/base.py", line 977, in render_annotated
    return self.render(context)
           ^^^^^^^^^^^^^^^^^^^^
  File "/usr/local/lib/python3.12/site-packages/django/template/loader_tags.py", line 65, in render
    result = block.nodelist.render(context)
             ^^^^^^^^^^^^^^^^^^^^^^^^^^^^^^
  File "/usr/local/lib/python3.12/site-packages/django/template/base.py", line 1016, in render
    return SafeString("".join([node.render_annotated(context) for node in self]))
                               ^^^^^^^^^^^^^^^^^^^^^^^^^^^^^^
  File "/usr/local/lib/python3.12/site-packages/django/template/base.py", line 977, in render_annotated
    return self.render(context)
           ^^^^^^^^^^^^^^^^^^^^
  File "/usr/local/lib/python3.12/site-packages/django/template/defaulttags.py", line 243, in render
    nodelist.append(node.render_annotated(context))
                    ^^^^^^^^^^^^^^^^^^^^^^^^^^^^^^
  File "/usr/local/lib/python3.12/site-packages/django/template/base.py", line 977, in render_annotated
    return self.render(context)
           ^^^^^^^^^^^^^^^^^^^^
  File "/usr/local/lib/python3.12/site-packages/django/template/base.py", line 1075, in render
    output = self.filter_expression.resolve(context)
             ^^^^^^^^^^^^^^^^^^^^^^^^^^^^^^^^^^^^^^^
  File "/usr/local/lib/python3.12/site-packages/django/template/base.py", line 722, in resolve
    obj = self.var.resolve(context)
          ^^^^^^^^^^^^^^^^^^^^^^^^^
  File "/usr/local/lib/python3.12/site-packages/django/template/base.py", line 854, in resolve
    value = self._resolve_lookup(context)
            ^^^^^^^^^^^^^^^^^^^^^^^^^^^^^
  File "/usr/local/lib/python3.12/site-packages/django/template/base.py", line 901, in _resolve_lookup
    current = getattr(current, bit)
              ^^^^^^^^^^^^^^^^^^^^^
  File "/usr/local/lib/python3.12/site-packages/django/db/models/fields/files.py", line 69, in url
    self._require_file()
  File "/usr/local/lib/python3.12/site-packages/django/db/models/fields/files.py", line 44, in _require_file
    raise ValueError(
ValueError: The 'image' attribute has no file associated with it.
ERROR 2025-08-16 02:47:25,755 basehttp 7 139650028009152 "GET / HTTP/1.1" 500 225908
INFO 2025-08-16 02:47:55,570 basehttp 7 139650028009152 "GET /health/ HTTP/1.1" 200 2
INFO 2025-08-16 02:48:25,662 basehttp 7 139650028009152 "GET /health/ HTTP/1.1" 200 2
INFO 2025-08-16 02:48:55,738 basehttp 7 139650028009152 "GET /health/ HTTP/1.1" 200 2
INFO 2025-08-16 02:49:25,841 basehttp 7 139650028009152 "GET /health/ HTTP/1.1" 200 2
INFO 2025-08-16 02:49:52,672 basehttp 7 139650018567872 code 400, message Bad request version ('\x02h2\x08http/1.1\x00-\x00\x02\x01\x01\x00\x17\x00\x00\x00')
ERROR 2025-08-16 02:49:52,675 basehttp 7 139650018567872 You're accessing the development server over HTTPS, but it only supports HTTP.
INFO 2025-08-16 02:49:52,693 basehttp 7 139650018567872 code 400, message Bad request version ('²$T\x82\x01\x93\x1aø\x88\x8d"ª\x16n_k7W\x93ýv\x94»4/kÀY7¨ôÊ\x00')
ERROR 2025-08-16 02:49:52,695 basehttp 7 139650018567872 You're accessing the development server over HTTPS, but it only supports HTTP.
INFO 2025-08-16 02:49:55,955 basehttp 7 139650001782464 "GET /health/ HTTP/1.1" 200 2
INFO 2025-08-16 02:50:26,028 basehttp 7 139650001782464 "GET /health/ HTTP/1.1" 200 2
INFO 2025-08-16 02:50:56,112 basehttp 7 139650001782464 "GET /health/ HTTP/1.1" 200 2
INFO 2025-08-16 02:51:26,201 basehttp 7 139650001782464 "GET /health/ HTTP/1.1" 200 2
INFO 2025-08-16 02:51:56,286 basehttp 7 139650001782464 "GET /health/ HTTP/1.1" 200 2
INFO 2025-08-16 02:52:19,526 autoreload 7 139790397823872 Watching for file changes with StatReloader
INFO 2025-08-16 02:52:33,469 basehttp 7 139790238344896 code 400, message Bad request version ('\x01a\x83\x8d«Ç4wN\x05¤µ\x90D:-)\\£©jyÅk\x83\x95&Þ\x9b3\x8d\x8eág©.-')
ERROR 2025-08-16 02:52:33,472 basehttp 7 139790238344896 You're accessing the development server over HTTPS, but it only supports HTTP.
INFO 2025-08-16 02:52:33,488 basehttp 7 139790238344896 code 400, message Bad request version ('ä\x87£À\x03¨Ì4')
ERROR 2025-08-16 02:52:33,490 basehttp 7 139790238344896 You're accessing the development server over HTTPS, but it only supports HTTP.
INFO 2025-08-16 02:52:44,693 basehttp 7 139790229952192 code 400, message Bad request version ('×2\x8f(zaÍÂ¦R\x01G\x18j8T@')
ERROR 2025-08-16 02:52:44,696 basehttp 7 139790229952192 You're accessing the development server over HTTPS, but it only supports HTTP.
INFO 2025-08-16 02:52:44,708 basehttp 7 139790229952192 code 400, message Bad request syntax ('\x16\x03\x01\x06ò\x01\x00\x06î\x03\x03\x14\x92oí59^ëÀ65\x95ªcW¤¿Õ')
ERROR 2025-08-16 02:52:44,709 basehttp 7 139790229952192 You're accessing the development server over HTTPS, but it only supports HTTP.
INFO 2025-08-16 02:52:51,106 basehttp 7 139790229952192 "GET /health/ HTTP/1.1" 200 2
INFO 2025-08-16 02:53:21,329 basehttp 7 139790229952192 "GET /health/ HTTP/1.1" 200 2
INFO 2025-08-16 02:53:51,436 basehttp 7 139790246737600 "GET /health/ HTTP/1.1" 200 2
INFO 2025-08-16 02:54:21,553 basehttp 7 139790246737600 "GET /health/ HTTP/1.1" 200 2
INFO 2025-08-16 02:54:51,651 basehttp 7 139790246737600 "GET /health/ HTTP/1.1" 200 2
INFO 2025-08-16 02:55:21,752 basehttp 7 139790246737600 "GET /health/ HTTP/1.1" 200 2
INFO 2025-08-16 02:55:51,813 basehttp 7 139790246737600 "GET /health/ HTTP/1.1" 200 2
INFO 2025-08-16 02:56:21,907 basehttp 7 139790246737600 "GET /health/ HTTP/1.1" 200 2
INFO 2025-08-16 02:56:28,909 basehttp 7 139790238344896 code 400, message Bad request version ('D5\x96þæ\x00')
ERROR 2025-08-16 02:56:28,911 basehttp 7 139790238344896 You're accessing the development server over HTTPS, but it only supports HTTP.
INFO 2025-08-16 02:56:28,923 basehttp 7 139790238344896 code 400, message Bad request version ('\x81_\x11ä¾\x8dm~ïÖ3áïz£\x03\x04-Þ\x06ß±\x82£Ú$A\x9f\x90"Tû°SºÚné\\\xad\x02¢ú\x17\x80O')
ERROR 2025-08-16 02:56:28,924 basehttp 7 139790238344896 You're accessing the development server over HTTPS, but it only supports HTTP.
INFO 2025-08-16 02:56:50,009 basehttp 7 139790229952192 code 400, message Bad request version ('\x87\x86\x1b\x04¬b£äEÿ\x00')
ERROR 2025-08-16 02:56:50,012 basehttp 7 139790229952192 You're accessing the development server over HTTPS, but it only supports HTTP.
INFO 2025-08-16 02:56:50,042 basehttp 7 139790213166784 code 400, message Bad request version ('vû7\x8fv\x17$+^^\x1b,\x80g,åG¸Ð¼\x17pºH-¤ÃX')
ERROR 2025-08-16 02:56:50,044 basehttp 7 139790213166784 You're accessing the development server over HTTPS, but it only supports HTTP.
INFO 2025-08-16 02:56:52,015 basehttp 7 139790213166784 "GET /health/ HTTP/1.1" 200 2
INFO 2025-08-16 02:57:22,089 basehttp 7 139790213166784 "GET /health/ HTTP/1.1" 200 2
INFO 2025-08-16 02:57:52,168 basehttp 7 139790213166784 "GET /health/ HTTP/1.1" 200 2
INFO 2025-08-16 02:58:22,258 basehttp 7 139790229952192 "GET /health/ HTTP/1.1" 200 2
INFO 2025-08-16 02:58:31,338 autoreload 7 140263760059264 Watching for file changes with StatReloader
INFO 2025-08-16 02:58:33,241 basehttp 7 140263612741312 "GET /health/ HTTP/1.1" 200 2
INFO 2025-08-16 02:59:03,325 basehttp 7 140263612741312 "GET /health/ HTTP/1.1" 200 2
ERROR 2025-08-16 02:59:09,785 log 7 140263612741312 Internal Server Error: /
Traceback (most recent call last):
  File "/usr/local/lib/python3.12/site-packages/django/template/base.py", line 890, in _resolve_lookup
    raise TypeError
TypeError

During handling of the above exception, another exception occurred:

Traceback (most recent call last):
  File "/usr/local/lib/python3.12/site-packages/django/core/handlers/exception.py", line 55, in inner
    response = get_response(request)
               ^^^^^^^^^^^^^^^^^^^^^
  File "/usr/local/lib/python3.12/site-packages/django/core/handlers/base.py", line 197, in _get_response
    response = wrapped_callback(request, *callback_args, **callback_kwargs)
               ^^^^^^^^^^^^^^^^^^^^^^^^^^^^^^^^^^^^^^^^^^^^^^^^^^^^^^^^^^^^
  File "/usr/local/lib/python3.12/site-packages/django/utils/decorators.py", line 192, in _view_wrapper
    result = _process_exception(request, e)
             ^^^^^^^^^^^^^^^^^^^^^^^^^^^^^^
  File "/usr/local/lib/python3.12/site-packages/django/utils/decorators.py", line 190, in _view_wrapper
    response = view_func(request, *args, **kwargs)
               ^^^^^^^^^^^^^^^^^^^^^^^^^^^^^^^^^^^
  File "/app/products/views.py", line 80, in home
    return render(request, 'products/home.html', context)
           ^^^^^^^^^^^^^^^^^^^^^^^^^^^^^^^^^^^^^^^^^^^^^^
  File "/usr/local/lib/python3.12/site-packages/django/shortcuts.py", line 25, in render
    content = loader.render_to_string(template_name, context, request, using=using)
              ^^^^^^^^^^^^^^^^^^^^^^^^^^^^^^^^^^^^^^^^^^^^^^^^^^^^^^^^^^^^^^^^^^^^^
  File "/usr/local/lib/python3.12/site-packages/django/template/loader.py", line 62, in render_to_string
    return template.render(context, request)
           ^^^^^^^^^^^^^^^^^^^^^^^^^^^^^^^^^
  File "/usr/local/lib/python3.12/site-packages/django/template/backends/django.py", line 107, in render
    return self.template.render(context)
           ^^^^^^^^^^^^^^^^^^^^^^^^^^^^^
  File "/usr/local/lib/python3.12/site-packages/django/template/base.py", line 171, in render
    return self._render(context)
           ^^^^^^^^^^^^^^^^^^^^^
  File "/usr/local/lib/python3.12/site-packages/django/template/base.py", line 163, in _render
    return self.nodelist.render(context)
           ^^^^^^^^^^^^^^^^^^^^^^^^^^^^^
  File "/usr/local/lib/python3.12/site-packages/django/template/base.py", line 1016, in render
    return SafeString("".join([node.render_annotated(context) for node in self]))
                               ^^^^^^^^^^^^^^^^^^^^^^^^^^^^^^
  File "/usr/local/lib/python3.12/site-packages/django/template/base.py", line 977, in render_annotated
    return self.render(context)
           ^^^^^^^^^^^^^^^^^^^^
  File "/usr/local/lib/python3.12/site-packages/django/template/loader_tags.py", line 159, in render
    return compiled_parent._render(context)
           ^^^^^^^^^^^^^^^^^^^^^^^^^^^^^^^^
  File "/usr/local/lib/python3.12/site-packages/django/template/base.py", line 163, in _render
    return self.nodelist.render(context)
           ^^^^^^^^^^^^^^^^^^^^^^^^^^^^^
  File "/usr/local/lib/python3.12/site-packages/django/template/base.py", line 1016, in render
    return SafeString("".join([node.render_annotated(context) for node in self]))
                               ^^^^^^^^^^^^^^^^^^^^^^^^^^^^^^
  File "/usr/local/lib/python3.12/site-packages/django/template/base.py", line 977, in render_annotated
    return self.render(context)
           ^^^^^^^^^^^^^^^^^^^^
  File "/usr/local/lib/python3.12/site-packages/django/template/loader_tags.py", line 65, in render
    result = block.nodelist.render(context)
             ^^^^^^^^^^^^^^^^^^^^^^^^^^^^^^
  File "/usr/local/lib/python3.12/site-packages/django/template/base.py", line 1016, in render
    return SafeString("".join([node.render_annotated(context) for node in self]))
                               ^^^^^^^^^^^^^^^^^^^^^^^^^^^^^^
  File "/usr/local/lib/python3.12/site-packages/django/template/base.py", line 977, in render_annotated
    return self.render(context)
           ^^^^^^^^^^^^^^^^^^^^
  File "/usr/local/lib/python3.12/site-packages/django/template/defaulttags.py", line 243, in render
    nodelist.append(node.render_annotated(context))
                    ^^^^^^^^^^^^^^^^^^^^^^^^^^^^^^
  File "/usr/local/lib/python3.12/site-packages/django/template/base.py", line 977, in render_annotated
    return self.render(context)
           ^^^^^^^^^^^^^^^^^^^^
  File "/usr/local/lib/python3.12/site-packages/django/template/base.py", line 1075, in render
    output = self.filter_expression.resolve(context)
             ^^^^^^^^^^^^^^^^^^^^^^^^^^^^^^^^^^^^^^^
  File "/usr/local/lib/python3.12/site-packages/django/template/base.py", line 722, in resolve
    obj = self.var.resolve(context)
          ^^^^^^^^^^^^^^^^^^^^^^^^^
  File "/usr/local/lib/python3.12/site-packages/django/template/base.py", line 854, in resolve
    value = self._resolve_lookup(context)
            ^^^^^^^^^^^^^^^^^^^^^^^^^^^^^
  File "/usr/local/lib/python3.12/site-packages/django/template/base.py", line 901, in _resolve_lookup
    current = getattr(current, bit)
              ^^^^^^^^^^^^^^^^^^^^^
  File "/usr/local/lib/python3.12/site-packages/django/db/models/fields/files.py", line 69, in url
    self._require_file()
  File "/usr/local/lib/python3.12/site-packages/django/db/models/fields/files.py", line 44, in _require_file
    raise ValueError(
ValueError: The 'image' attribute has no file associated with it.
ERROR 2025-08-16 02:59:09,826 basehttp 7 140263612741312 "GET / HTTP/1.1" 500 225908
INFO 2025-08-16 02:59:25,224 basehttp 7 140263601202880 code 400, message Bad request version ('â}aÌÉ\x06°M·`\x8dìútØe\x1a=\x00')
ERROR 2025-08-16 02:59:25,226 basehttp 7 140263601202880 You're accessing the development server over HTTPS, but it only supports HTTP.
INFO 2025-08-16 02:59:25,237 basehttp 7 140263601202880 code 400, message Bad request version ('ÖY»ú')
ERROR 2025-08-16 02:59:25,243 basehttp 7 140263601202880 You're accessing the development server over HTTPS, but it only supports HTTP.
INFO 2025-08-16 02:59:33,484 basehttp 7 140263592810176 "GET /health/ HTTP/1.1" 200 2
INFO 2025-08-16 03:00:03,580 basehttp 7 140263592810176 "GET /health/ HTTP/1.1" 200 2
INFO 2025-08-16 03:00:33,688 basehttp 7 140263592810176 "GET /health/ HTTP/1.1" 200 2
INFO 2025-08-16 03:01:03,799 basehttp 7 140263592810176 "GET /health/ HTTP/1.1" 200 2
INFO 2025-08-16 03:01:33,893 basehttp 7 140263592810176 "GET /health/ HTTP/1.1" 200 2
INFO 2025-08-16 03:02:03,997 basehttp 7 140263592810176 "GET /health/ HTTP/1.1" 200 2
INFO 2025-08-16 03:02:08,835 autoreload 7 140516268592000 Watching for file changes with StatReloader
INFO 2025-08-16 03:02:10,520 basehttp 7 140516188485312 "GET /health/ HTTP/1.1" 200 2
INFO 2025-08-16 03:02:13,876 basehttp 7 140516179044032 code 400, message Bad request version ('ÊÊ\x13\x01\x13\x02\x13\x03À+À/À,À0Ì©Ì¨À\x13À\x14\x00\x9c\x00\x9d\x00/\x005\x01\x00\x06eZZ\x00\x00DÍ\x00\x05\x00\x03\x02h2\x00\x17\x00\x00\x00\x05\x00\x05\x01\x00\x00\x00\x00\x00')
ERROR 2025-08-16 03:02:13,879 basehttp 7 140516179044032 You're accessing the development server over HTTPS, but it only supports HTTP.
INFO 2025-08-16 03:02:13,903 basehttp 7 140516179044032 code 400, message Bad request version ('×\x8diH\x8dp¢')
ERROR 2025-08-16 03:02:13,906 basehttp 7 140516179044032 You're accessing the development server over HTTPS, but it only supports HTTP.
INFO 2025-08-16 03:02:40,644 basehttp 7 140515961992896 "GET /health/ HTTP/1.1" 200 2
INFO 2025-08-16 03:02:41,861 basehttp 7 140515961992896 code 400, message Bad request version ('êê\x13\x01\x13\x02\x13\x03À+À/À,À0Ì©Ì¨À\x13À\x14\x00\x9c\x00\x9d\x00/\x005\x01\x00\x06¥')
ERROR 2025-08-16 03:02:41,864 basehttp 7 140515961992896 You're accessing the development server over HTTPS, but it only supports HTTP.
INFO 2025-08-16 03:02:41,881 basehttp 7 140515961992896 code 400, message Bad request version ('Áæ¡Ûä\x12Ö\x90È\x84\x1a¡\x81I@Ù¡2\x129\x18÷Å\x17M\x13Nüc`~!]\x15')
ERROR 2025-08-16 03:02:41,883 basehttp 7 140515961992896 You're accessing the development server over HTTPS, but it only supports HTTP.
ERROR 2025-08-16 03:03:02,594 log 7 140515961992896 Internal Server Error: /
Traceback (most recent call last):
  File "/usr/local/lib/python3.12/site-packages/django/template/base.py", line 890, in _resolve_lookup
    raise TypeError
TypeError

During handling of the above exception, another exception occurred:

Traceback (most recent call last):
  File "/usr/local/lib/python3.12/site-packages/django/core/handlers/exception.py", line 55, in inner
    response = get_response(request)
               ^^^^^^^^^^^^^^^^^^^^^
  File "/usr/local/lib/python3.12/site-packages/django/core/handlers/base.py", line 197, in _get_response
    response = wrapped_callback(request, *callback_args, **callback_kwargs)
               ^^^^^^^^^^^^^^^^^^^^^^^^^^^^^^^^^^^^^^^^^^^^^^^^^^^^^^^^^^^^
  File "/usr/local/lib/python3.12/site-packages/django/utils/decorators.py", line 192, in _view_wrapper
    result = _process_exception(request, e)
             ^^^^^^^^^^^^^^^^^^^^^^^^^^^^^^
  File "/usr/local/lib/python3.12/site-packages/django/utils/decorators.py", line 190, in _view_wrapper
    response = view_func(request, *args, **kwargs)
               ^^^^^^^^^^^^^^^^^^^^^^^^^^^^^^^^^^^
  File "/app/products/views.py", line 80, in home
    return render(request, 'products/home.html', context)
           ^^^^^^^^^^^^^^^^^^^^^^^^^^^^^^^^^^^^^^^^^^^^^^
  File "/usr/local/lib/python3.12/site-packages/django/shortcuts.py", line 25, in render
    content = loader.render_to_string(template_name, context, request, using=using)
              ^^^^^^^^^^^^^^^^^^^^^^^^^^^^^^^^^^^^^^^^^^^^^^^^^^^^^^^^^^^^^^^^^^^^^
  File "/usr/local/lib/python3.12/site-packages/django/template/loader.py", line 62, in render_to_string
    return template.render(context, request)
           ^^^^^^^^^^^^^^^^^^^^^^^^^^^^^^^^^
  File "/usr/local/lib/python3.12/site-packages/django/template/backends/django.py", line 107, in render
    return self.template.render(context)
           ^^^^^^^^^^^^^^^^^^^^^^^^^^^^^
  File "/usr/local/lib/python3.12/site-packages/django/template/base.py", line 171, in render
    return self._render(context)
           ^^^^^^^^^^^^^^^^^^^^^
  File "/usr/local/lib/python3.12/site-packages/django/template/base.py", line 163, in _render
    return self.nodelist.render(context)
           ^^^^^^^^^^^^^^^^^^^^^^^^^^^^^
  File "/usr/local/lib/python3.12/site-packages/django/template/base.py", line 1016, in render
    return SafeString("".join([node.render_annotated(context) for node in self]))
                               ^^^^^^^^^^^^^^^^^^^^^^^^^^^^^^
  File "/usr/local/lib/python3.12/site-packages/django/template/base.py", line 977, in render_annotated
    return self.render(context)
           ^^^^^^^^^^^^^^^^^^^^
  File "/usr/local/lib/python3.12/site-packages/django/template/loader_tags.py", line 159, in render
    return compiled_parent._render(context)
           ^^^^^^^^^^^^^^^^^^^^^^^^^^^^^^^^
  File "/usr/local/lib/python3.12/site-packages/django/template/base.py", line 163, in _render
    return self.nodelist.render(context)
           ^^^^^^^^^^^^^^^^^^^^^^^^^^^^^
  File "/usr/local/lib/python3.12/site-packages/django/template/base.py", line 1016, in render
    return SafeString("".join([node.render_annotated(context) for node in self]))
                               ^^^^^^^^^^^^^^^^^^^^^^^^^^^^^^
  File "/usr/local/lib/python3.12/site-packages/django/template/base.py", line 977, in render_annotated
    return self.render(context)
           ^^^^^^^^^^^^^^^^^^^^
  File "/usr/local/lib/python3.12/site-packages/django/template/loader_tags.py", line 65, in render
    result = block.nodelist.render(context)
             ^^^^^^^^^^^^^^^^^^^^^^^^^^^^^^
  File "/usr/local/lib/python3.12/site-packages/django/template/base.py", line 1016, in render
    return SafeString("".join([node.render_annotated(context) for node in self]))
                               ^^^^^^^^^^^^^^^^^^^^^^^^^^^^^^
  File "/usr/local/lib/python3.12/site-packages/django/template/base.py", line 977, in render_annotated
    return self.render(context)
           ^^^^^^^^^^^^^^^^^^^^
  File "/usr/local/lib/python3.12/site-packages/django/template/defaulttags.py", line 243, in render
    nodelist.append(node.render_annotated(context))
                    ^^^^^^^^^^^^^^^^^^^^^^^^^^^^^^
  File "/usr/local/lib/python3.12/site-packages/django/template/base.py", line 977, in render_annotated
    return self.render(context)
           ^^^^^^^^^^^^^^^^^^^^
  File "/usr/local/lib/python3.12/site-packages/django/template/base.py", line 1075, in render
    output = self.filter_expression.resolve(context)
             ^^^^^^^^^^^^^^^^^^^^^^^^^^^^^^^^^^^^^^^
  File "/usr/local/lib/python3.12/site-packages/django/template/base.py", line 722, in resolve
    obj = self.var.resolve(context)
          ^^^^^^^^^^^^^^^^^^^^^^^^^
  File "/usr/local/lib/python3.12/site-packages/django/template/base.py", line 854, in resolve
    value = self._resolve_lookup(context)
            ^^^^^^^^^^^^^^^^^^^^^^^^^^^^^
  File "/usr/local/lib/python3.12/site-packages/django/template/base.py", line 901, in _resolve_lookup
    current = getattr(current, bit)
              ^^^^^^^^^^^^^^^^^^^^^
  File "/usr/local/lib/python3.12/site-packages/django/db/models/fields/files.py", line 69, in url
    self._require_file()
  File "/usr/local/lib/python3.12/site-packages/django/db/models/fields/files.py", line 44, in _require_file
    raise ValueError(
ValueError: The 'image' attribute has no file associated with it.
ERROR 2025-08-16 03:03:02,625 basehttp 7 140515961992896 "GET / HTTP/1.1" 500 225908
INFO 2025-08-16 03:03:10,729 basehttp 7 140515961992896 "GET /health/ HTTP/1.1" 200 2
INFO 2025-08-16 03:03:40,836 basehttp 7 140515961992896 "GET /health/ HTTP/1.1" 200 2
INFO 2025-08-16 03:04:10,926 basehttp 7 140516188485312 "GET /health/ HTTP/1.1" 200 2
INFO 2025-08-16 03:18:36,705 basehttp 7 140516188485312 "GET /health/ HTTP/1.1" 200 2
INFO 2025-08-16 03:19:06,805 basehttp 7 140516188485312 "GET /health/ HTTP/1.1" 200 2
INFO 2025-08-16 03:19:37,144 basehttp 7 140516188485312 "GET /health/ HTTP/1.1" 200 2
INFO 2025-08-16 03:20:07,282 basehttp 7 140516188485312 "GET /health/ HTTP/1.1" 200 2
INFO 2025-08-16 03:20:37,404 basehttp 7 140516188485312 "GET /health/ HTTP/1.1" 200 2
INFO 2025-08-16 03:21:07,497 basehttp 7 140516188485312 "GET /health/ HTTP/1.1" 200 2
INFO 2025-08-16 03:21:37,611 basehttp 7 140516188485312 "GET /health/ HTTP/1.1" 200 2
INFO 2025-08-16 03:22:07,750 basehttp 7 140516188485312 "GET /health/ HTTP/1.1" 200 2
INFO 2025-08-16 03:22:37,870 basehttp 7 140516188485312 "GET /health/ HTTP/1.1" 200 2
INFO 2025-08-16 03:23:07,952 basehttp 7 140516188485312 "GET /health/ HTTP/1.1" 200 2
INFO 2025-08-16 03:23:38,097 basehttp 7 140516188485312 "GET /health/ HTTP/1.1" 200 2
INFO 2025-08-16 03:24:08,225 basehttp 7 140516188485312 "GET /health/ HTTP/1.1" 200 2
INFO 2025-08-16 03:24:38,320 basehttp 7 140516188485312 "GET /health/ HTTP/1.1" 200 2
INFO 2025-08-16 03:25:08,444 basehttp 7 140516188485312 "GET /health/ HTTP/1.1" 200 2
INFO 2025-08-16 03:25:38,562 basehttp 7 140516188485312 "GET /health/ HTTP/1.1" 200 2
INFO 2025-08-16 03:26:08,660 basehttp 7 140516188485312 "GET /health/ HTTP/1.1" 200 2
INFO 2025-08-16 03:26:38,758 basehttp 7 140516188485312 "GET /health/ HTTP/1.1" 200 2
INFO 2025-08-16 03:27:08,857 basehttp 7 140516188485312 "GET /health/ HTTP/1.1" 200 2
INFO 2025-08-16 03:27:38,944 basehttp 7 140516188485312 "GET /health/ HTTP/1.1" 200 2
INFO 2025-08-16 03:28:09,061 basehttp 7 140516188485312 "GET /health/ HTTP/1.1" 200 2
INFO 2025-08-16 03:28:39,189 basehttp 7 140516188485312 "GET /health/ HTTP/1.1" 200 2
INFO 2025-08-16 03:29:09,311 basehttp 7 140516188485312 "GET /health/ HTTP/1.1" 200 2
INFO 2025-08-16 03:29:39,405 basehttp 7 140516188485312 "GET /health/ HTTP/1.1" 200 2
INFO 2025-08-16 03:30:09,544 basehttp 7 140516188485312 "GET /health/ HTTP/1.1" 200 2
INFO 2025-08-16 03:30:39,685 basehttp 7 140516188485312 "GET /health/ HTTP/1.1" 200 2
INFO 2025-08-16 03:31:09,835 basehttp 7 140516188485312 "GET /health/ HTTP/1.1" 200 2
INFO 2025-08-16 03:31:39,982 basehttp 7 140516188485312 "GET /health/ HTTP/1.1" 200 2
INFO 2025-08-16 03:32:10,142 basehttp 7 140516188485312 "GET /health/ HTTP/1.1" 200 2
INFO 2025-08-16 03:32:40,271 basehttp 7 140516188485312 "GET /health/ HTTP/1.1" 200 2
INFO 2025-08-16 03:33:10,340 basehttp 7 140516188485312 "GET /health/ HTTP/1.1" 200 2
INFO 2025-08-16 03:33:40,408 basehttp 7 140516188485312 "GET /health/ HTTP/1.1" 200 2
INFO 2025-08-16 03:34:10,517 basehttp 7 140516188485312 "GET /health/ HTTP/1.1" 200 2
INFO 2025-08-16 03:34:40,645 basehttp 7 140516188485312 "GET /health/ HTTP/1.1" 200 2
INFO 2025-08-16 03:35:10,772 basehttp 7 140516188485312 "GET /health/ HTTP/1.1" 200 2
INFO 2025-08-16 03:35:40,902 basehttp 7 140516188485312 "GET /health/ HTTP/1.1" 200 2
INFO 2025-08-16 03:36:10,995 basehttp 7 140516188485312 "GET /health/ HTTP/1.1" 200 2
INFO 2025-08-16 03:36:41,133 basehttp 7 140516188485312 "GET /health/ HTTP/1.1" 200 2
INFO 2025-08-16 03:37:11,236 basehttp 7 140516188485312 "GET /health/ HTTP/1.1" 200 2
INFO 2025-08-16 03:37:41,373 basehttp 7 140516188485312 "GET /health/ HTTP/1.1" 200 2
INFO 2025-08-16 03:38:11,466 basehttp 7 140516188485312 "GET /health/ HTTP/1.1" 200 2
INFO 2025-08-16 03:38:41,558 basehttp 7 140516188485312 "GET /health/ HTTP/1.1" 200 2
INFO 2025-08-16 03:39:11,649 basehttp 7 140516188485312 "GET /health/ HTTP/1.1" 200 2
INFO 2025-08-16 03:39:41,740 basehttp 7 140516188485312 "GET /health/ HTTP/1.1" 200 2
INFO 2025-08-16 03:40:11,814 basehttp 7 140516188485312 "GET /health/ HTTP/1.1" 200 2
INFO 2025-08-16 03:40:41,900 basehttp 7 140516188485312 "GET /health/ HTTP/1.1" 200 2
INFO 2025-08-16 03:41:12,025 basehttp 7 140516188485312 "GET /health/ HTTP/1.1" 200 2
INFO 2025-08-16 03:41:42,140 basehttp 7 140516188485312 "GET /health/ HTTP/1.1" 200 2
INFO 2025-08-16 03:42:12,304 basehttp 7 140516188485312 "GET /health/ HTTP/1.1" 200 2
INFO 2025-08-16 03:42:42,440 basehttp 7 140516188485312 "GET /health/ HTTP/1.1" 200 2
INFO 2025-08-16 03:43:12,593 basehttp 7 140516188485312 "GET /health/ HTTP/1.1" 200 2
INFO 2025-08-16 03:43:42,709 basehttp 7 140516188485312 "GET /health/ HTTP/1.1" 200 2
INFO 2025-08-16 03:44:12,799 basehttp 7 140516188485312 "GET /health/ HTTP/1.1" 200 2
INFO 2025-08-16 03:44:42,943 basehttp 7 140516188485312 "GET /health/ HTTP/1.1" 200 2
INFO 2025-08-16 03:45:13,097 basehttp 7 140516188485312 "GET /health/ HTTP/1.1" 200 2
INFO 2025-08-16 03:45:43,250 basehttp 7 140516188485312 "GET /health/ HTTP/1.1" 200 2
INFO 2025-08-16 03:46:13,374 basehttp 7 140516188485312 "GET /health/ HTTP/1.1" 200 2
INFO 2025-08-16 03:46:43,533 basehttp 7 140516188485312 "GET /health/ HTTP/1.1" 200 2
INFO 2025-08-16 03:47:13,657 basehttp 7 140516188485312 "GET /health/ HTTP/1.1" 200 2
INFO 2025-08-16 03:47:43,775 basehttp 7 140516188485312 "GET /health/ HTTP/1.1" 200 2
INFO 2025-08-16 03:48:13,942 basehttp 7 140516188485312 "GET /health/ HTTP/1.1" 200 2
INFO 2025-08-16 03:48:44,053 basehttp 7 140516188485312 "GET /health/ HTTP/1.1" 200 2
INFO 2025-08-16 03:49:14,155 basehttp 7 140516188485312 "GET /health/ HTTP/1.1" 200 2
INFO 2025-08-16 03:49:44,286 basehttp 7 140516188485312 "GET /health/ HTTP/1.1" 200 2
INFO 2025-08-16 03:50:14,389 basehttp 7 140516188485312 "GET /health/ HTTP/1.1" 200 2
INFO 2025-08-16 03:50:44,509 basehttp 7 140516188485312 "GET /health/ HTTP/1.1" 200 2
INFO 2025-08-16 03:51:14,661 basehttp 7 140516188485312 "GET /health/ HTTP/1.1" 200 2
INFO 2025-08-16 03:51:44,755 basehttp 7 140516188485312 "GET /health/ HTTP/1.1" 200 2
INFO 2025-08-16 03:52:14,877 basehttp 7 140516188485312 "GET /health/ HTTP/1.1" 200 2
INFO 2025-08-16 03:52:45,030 basehttp 7 140516188485312 "GET /health/ HTTP/1.1" 200 2
INFO 2025-08-16 03:53:15,123 basehttp 7 140516188485312 "GET /health/ HTTP/1.1" 200 2
INFO 2025-08-16 03:53:45,255 basehttp 7 140516188485312 "GET /health/ HTTP/1.1" 200 2
INFO 2025-08-16 03:54:15,366 basehttp 7 140516188485312 "GET /health/ HTTP/1.1" 200 2
INFO 2025-08-16 03:54:45,454 basehttp 7 140516188485312 "GET /health/ HTTP/1.1" 200 2
INFO 2025-08-16 03:55:15,548 basehttp 7 140516188485312 "GET /health/ HTTP/1.1" 200 2
INFO 2025-08-16 03:55:45,655 basehttp 7 140516188485312 "GET /health/ HTTP/1.1" 200 2
INFO 2025-08-16 03:56:15,760 basehttp 7 140516188485312 "GET /health/ HTTP/1.1" 200 2
INFO 2025-08-16 03:56:45,910 basehttp 7 140516188485312 "GET /health/ HTTP/1.1" 200 2
INFO 2025-08-16 03:57:16,061 basehttp 7 140516188485312 "GET /health/ HTTP/1.1" 200 2
INFO 2025-08-16 03:57:46,180 basehttp 7 140516188485312 "GET /health/ HTTP/1.1" 200 2
INFO 2025-08-16 03:58:16,289 basehttp 7 140516188485312 "GET /health/ HTTP/1.1" 200 2
INFO 2025-08-16 03:58:46,374 basehttp 7 140516188485312 "GET /health/ HTTP/1.1" 200 2
INFO 2025-08-16 03:59:16,503 basehttp 7 140516188485312 "GET /health/ HTTP/1.1" 200 2
INFO 2025-08-16 03:59:46,664 basehttp 7 140516188485312 "GET /health/ HTTP/1.1" 200 2
INFO 2025-08-16 04:00:16,788 basehttp 7 140516188485312 "GET /health/ HTTP/1.1" 200 2
INFO 2025-08-16 04:00:46,893 basehttp 7 140516188485312 "GET /health/ HTTP/1.1" 200 2
INFO 2025-08-16 04:01:16,977 basehttp 7 140516188485312 "GET /health/ HTTP/1.1" 200 2
INFO 2025-08-16 04:01:47,086 basehttp 7 140516188485312 "GET /health/ HTTP/1.1" 200 2
INFO 2025-08-16 04:02:17,200 basehttp 7 140516188485312 "GET /health/ HTTP/1.1" 200 2
INFO 2025-08-16 04:02:47,282 basehttp 7 140516188485312 "GET /health/ HTTP/1.1" 200 2
INFO 2025-08-16 04:03:17,390 basehttp 7 140516188485312 "GET /health/ HTTP/1.1" 200 2
INFO 2025-08-16 06:51:56,903 basehttp 7 140516188485312 "GET /health/ HTTP/1.1" 200 2
INFO 2025-08-16 10:36:57,572 basehttp 7 140516188485312 "GET /health/ HTTP/1.1" 200 2
INFO 2025-08-16 10:37:27,630 basehttp 7 140516188485312 "GET /health/ HTTP/1.1" 200 2
INFO 2025-08-16 10:37:57,670 basehttp 7 140516188485312 "GET /health/ HTTP/1.1" 200 2
INFO 2025-08-16 10:38:27,836 basehttp 7 140516188485312 "GET /health/ HTTP/1.1" 200 2
INFO 2025-08-16 10:38:58,036 basehttp 7 140516188485312 "GET /health/ HTTP/1.1" 200 2
INFO 2025-08-16 10:39:28,136 basehttp 7 140516188485312 "GET /health/ HTTP/1.1" 200 2
INFO 2025-08-16 10:39:55,377 autoreload 7 140270861577088 Watching for file changes with StatReloader
INFO 2025-08-16 10:40:15,486 basehttp 7 140270772414144 code 400, message Bad request version ('M®²Vù©Aa\x1b<=')
ERROR 2025-08-16 10:40:15,495 basehttp 7 140270772414144 You're accessing the development server over HTTPS, but it only supports HTTP.
INFO 2025-08-16 10:40:15,621 basehttp 7 140270764021440 code 400, message Bad request version ('\x05µ\x12=nq-z°vÝ©\x0f¶+\x8b')
ERROR 2025-08-16 10:40:15,624 basehttp 7 140270764021440 You're accessing the development server over HTTPS, but it only supports HTTP.
INFO 2025-08-16 10:40:23,100 basehttp 7 140270764021440 "GET /health/ HTTP/1.1" 200 2
INFO 2025-08-16 10:40:53,191 basehttp 7 140270764021440 "GET /health/ HTTP/1.1" 200 2
INFO 2025-08-16 10:41:23,270 basehttp 7 140270764021440 "GET /health/ HTTP/1.1" 200 2
ERROR 2025-08-16 10:41:36,930 log 7 140270764021440 Internal Server Error: /
Traceback (most recent call last):
  File "/usr/local/lib/python3.12/site-packages/django/template/base.py", line 890, in _resolve_lookup
    raise TypeError
TypeError

During handling of the above exception, another exception occurred:

Traceback (most recent call last):
  File "/usr/local/lib/python3.12/site-packages/django/core/handlers/exception.py", line 55, in inner
    response = get_response(request)
               ^^^^^^^^^^^^^^^^^^^^^
  File "/usr/local/lib/python3.12/site-packages/django/core/handlers/base.py", line 197, in _get_response
    response = wrapped_callback(request, *callback_args, **callback_kwargs)
               ^^^^^^^^^^^^^^^^^^^^^^^^^^^^^^^^^^^^^^^^^^^^^^^^^^^^^^^^^^^^
  File "/usr/local/lib/python3.12/site-packages/django/utils/decorators.py", line 192, in _view_wrapper
    result = _process_exception(request, e)
             ^^^^^^^^^^^^^^^^^^^^^^^^^^^^^^
  File "/usr/local/lib/python3.12/site-packages/django/utils/decorators.py", line 190, in _view_wrapper
    response = view_func(request, *args, **kwargs)
               ^^^^^^^^^^^^^^^^^^^^^^^^^^^^^^^^^^^
  File "/app/products/views.py", line 80, in home
    return render(request, 'products/home.html', context)
           ^^^^^^^^^^^^^^^^^^^^^^^^^^^^^^^^^^^^^^^^^^^^^^
  File "/usr/local/lib/python3.12/site-packages/django/shortcuts.py", line 25, in render
    content = loader.render_to_string(template_name, context, request, using=using)
              ^^^^^^^^^^^^^^^^^^^^^^^^^^^^^^^^^^^^^^^^^^^^^^^^^^^^^^^^^^^^^^^^^^^^^
  File "/usr/local/lib/python3.12/site-packages/django/template/loader.py", line 62, in render_to_string
    return template.render(context, request)
           ^^^^^^^^^^^^^^^^^^^^^^^^^^^^^^^^^
  File "/usr/local/lib/python3.12/site-packages/django/template/backends/django.py", line 107, in render
    return self.template.render(context)
           ^^^^^^^^^^^^^^^^^^^^^^^^^^^^^
  File "/usr/local/lib/python3.12/site-packages/django/template/base.py", line 171, in render
    return self._render(context)
           ^^^^^^^^^^^^^^^^^^^^^
  File "/usr/local/lib/python3.12/site-packages/django/template/base.py", line 163, in _render
    return self.nodelist.render(context)
           ^^^^^^^^^^^^^^^^^^^^^^^^^^^^^
  File "/usr/local/lib/python3.12/site-packages/django/template/base.py", line 1016, in render
    return SafeString("".join([node.render_annotated(context) for node in self]))
                               ^^^^^^^^^^^^^^^^^^^^^^^^^^^^^^
  File "/usr/local/lib/python3.12/site-packages/django/template/base.py", line 977, in render_annotated
    return self.render(context)
           ^^^^^^^^^^^^^^^^^^^^
  File "/usr/local/lib/python3.12/site-packages/django/template/loader_tags.py", line 159, in render
    return compiled_parent._render(context)
           ^^^^^^^^^^^^^^^^^^^^^^^^^^^^^^^^
  File "/usr/local/lib/python3.12/site-packages/django/template/base.py", line 163, in _render
    return self.nodelist.render(context)
           ^^^^^^^^^^^^^^^^^^^^^^^^^^^^^
  File "/usr/local/lib/python3.12/site-packages/django/template/base.py", line 1016, in render
    return SafeString("".join([node.render_annotated(context) for node in self]))
                               ^^^^^^^^^^^^^^^^^^^^^^^^^^^^^^
  File "/usr/local/lib/python3.12/site-packages/django/template/base.py", line 977, in render_annotated
    return self.render(context)
           ^^^^^^^^^^^^^^^^^^^^
  File "/usr/local/lib/python3.12/site-packages/django/template/loader_tags.py", line 65, in render
    result = block.nodelist.render(context)
             ^^^^^^^^^^^^^^^^^^^^^^^^^^^^^^
  File "/usr/local/lib/python3.12/site-packages/django/template/base.py", line 1016, in render
    return SafeString("".join([node.render_annotated(context) for node in self]))
                               ^^^^^^^^^^^^^^^^^^^^^^^^^^^^^^
  File "/usr/local/lib/python3.12/site-packages/django/template/base.py", line 977, in render_annotated
    return self.render(context)
           ^^^^^^^^^^^^^^^^^^^^
  File "/usr/local/lib/python3.12/site-packages/django/template/defaulttags.py", line 243, in render
    nodelist.append(node.render_annotated(context))
                    ^^^^^^^^^^^^^^^^^^^^^^^^^^^^^^
  File "/usr/local/lib/python3.12/site-packages/django/template/base.py", line 977, in render_annotated
    return self.render(context)
           ^^^^^^^^^^^^^^^^^^^^
  File "/usr/local/lib/python3.12/site-packages/django/template/base.py", line 1075, in render
    output = self.filter_expression.resolve(context)
             ^^^^^^^^^^^^^^^^^^^^^^^^^^^^^^^^^^^^^^^
  File "/usr/local/lib/python3.12/site-packages/django/template/base.py", line 722, in resolve
    obj = self.var.resolve(context)
          ^^^^^^^^^^^^^^^^^^^^^^^^^
  File "/usr/local/lib/python3.12/site-packages/django/template/base.py", line 854, in resolve
    value = self._resolve_lookup(context)
            ^^^^^^^^^^^^^^^^^^^^^^^^^^^^^
  File "/usr/local/lib/python3.12/site-packages/django/template/base.py", line 901, in _resolve_lookup
    current = getattr(current, bit)
              ^^^^^^^^^^^^^^^^^^^^^
  File "/usr/local/lib/python3.12/site-packages/django/db/models/fields/files.py", line 69, in url
    self._require_file()
  File "/usr/local/lib/python3.12/site-packages/django/db/models/fields/files.py", line 44, in _require_file
    raise ValueError(
ValueError: The 'image' attribute has no file associated with it.
ERROR 2025-08-16 10:41:36,957 basehttp 7 140270764021440 "GET / HTTP/1.1" 500 227977
ERROR 2025-08-16 10:41:47,666 log 7 140270764021440 Internal Server Error: /
Traceback (most recent call last):
  File "/usr/local/lib/python3.12/site-packages/django/template/base.py", line 890, in _resolve_lookup
    raise TypeError
TypeError

During handling of the above exception, another exception occurred:

Traceback (most recent call last):
  File "/usr/local/lib/python3.12/site-packages/django/core/handlers/exception.py", line 55, in inner
    response = get_response(request)
               ^^^^^^^^^^^^^^^^^^^^^
  File "/usr/local/lib/python3.12/site-packages/django/core/handlers/base.py", line 197, in _get_response
    response = wrapped_callback(request, *callback_args, **callback_kwargs)
               ^^^^^^^^^^^^^^^^^^^^^^^^^^^^^^^^^^^^^^^^^^^^^^^^^^^^^^^^^^^^
  File "/usr/local/lib/python3.12/site-packages/django/utils/decorators.py", line 192, in _view_wrapper
    result = _process_exception(request, e)
             ^^^^^^^^^^^^^^^^^^^^^^^^^^^^^^
  File "/usr/local/lib/python3.12/site-packages/django/utils/decorators.py", line 190, in _view_wrapper
    response = view_func(request, *args, **kwargs)
               ^^^^^^^^^^^^^^^^^^^^^^^^^^^^^^^^^^^
  File "/app/products/views.py", line 80, in home
    return render(request, 'products/home.html', context)
           ^^^^^^^^^^^^^^^^^^^^^^^^^^^^^^^^^^^^^^^^^^^^^^
  File "/usr/local/lib/python3.12/site-packages/django/shortcuts.py", line 25, in render
    content = loader.render_to_string(template_name, context, request, using=using)
              ^^^^^^^^^^^^^^^^^^^^^^^^^^^^^^^^^^^^^^^^^^^^^^^^^^^^^^^^^^^^^^^^^^^^^
  File "/usr/local/lib/python3.12/site-packages/django/template/loader.py", line 62, in render_to_string
    return template.render(context, request)
           ^^^^^^^^^^^^^^^^^^^^^^^^^^^^^^^^^
  File "/usr/local/lib/python3.12/site-packages/django/template/backends/django.py", line 107, in render
    return self.template.render(context)
           ^^^^^^^^^^^^^^^^^^^^^^^^^^^^^
  File "/usr/local/lib/python3.12/site-packages/django/template/base.py", line 171, in render
    return self._render(context)
           ^^^^^^^^^^^^^^^^^^^^^
  File "/usr/local/lib/python3.12/site-packages/django/template/base.py", line 163, in _render
    return self.nodelist.render(context)
           ^^^^^^^^^^^^^^^^^^^^^^^^^^^^^
  File "/usr/local/lib/python3.12/site-packages/django/template/base.py", line 1016, in render
    return SafeString("".join([node.render_annotated(context) for node in self]))
                               ^^^^^^^^^^^^^^^^^^^^^^^^^^^^^^
  File "/usr/local/lib/python3.12/site-packages/django/template/base.py", line 977, in render_annotated
    return self.render(context)
           ^^^^^^^^^^^^^^^^^^^^
  File "/usr/local/lib/python3.12/site-packages/django/template/loader_tags.py", line 159, in render
    return compiled_parent._render(context)
           ^^^^^^^^^^^^^^^^^^^^^^^^^^^^^^^^
  File "/usr/local/lib/python3.12/site-packages/django/template/base.py", line 163, in _render
    return self.nodelist.render(context)
           ^^^^^^^^^^^^^^^^^^^^^^^^^^^^^
  File "/usr/local/lib/python3.12/site-packages/django/template/base.py", line 1016, in render
    return SafeString("".join([node.render_annotated(context) for node in self]))
                               ^^^^^^^^^^^^^^^^^^^^^^^^^^^^^^
  File "/usr/local/lib/python3.12/site-packages/django/template/base.py", line 977, in render_annotated
    return self.render(context)
           ^^^^^^^^^^^^^^^^^^^^
  File "/usr/local/lib/python3.12/site-packages/django/template/loader_tags.py", line 65, in render
    result = block.nodelist.render(context)
             ^^^^^^^^^^^^^^^^^^^^^^^^^^^^^^
  File "/usr/local/lib/python3.12/site-packages/django/template/base.py", line 1016, in render
    return SafeString("".join([node.render_annotated(context) for node in self]))
                               ^^^^^^^^^^^^^^^^^^^^^^^^^^^^^^
  File "/usr/local/lib/python3.12/site-packages/django/template/base.py", line 977, in render_annotated
    return self.render(context)
           ^^^^^^^^^^^^^^^^^^^^
  File "/usr/local/lib/python3.12/site-packages/django/template/defaulttags.py", line 243, in render
    nodelist.append(node.render_annotated(context))
                    ^^^^^^^^^^^^^^^^^^^^^^^^^^^^^^
  File "/usr/local/lib/python3.12/site-packages/django/template/base.py", line 977, in render_annotated
    return self.render(context)
           ^^^^^^^^^^^^^^^^^^^^
  File "/usr/local/lib/python3.12/site-packages/django/template/base.py", line 1075, in render
    output = self.filter_expression.resolve(context)
             ^^^^^^^^^^^^^^^^^^^^^^^^^^^^^^^^^^^^^^^
  File "/usr/local/lib/python3.12/site-packages/django/template/base.py", line 722, in resolve
    obj = self.var.resolve(context)
          ^^^^^^^^^^^^^^^^^^^^^^^^^
  File "/usr/local/lib/python3.12/site-packages/django/template/base.py", line 854, in resolve
    value = self._resolve_lookup(context)
            ^^^^^^^^^^^^^^^^^^^^^^^^^^^^^
  File "/usr/local/lib/python3.12/site-packages/django/template/base.py", line 901, in _resolve_lookup
    current = getattr(current, bit)
              ^^^^^^^^^^^^^^^^^^^^^
  File "/usr/local/lib/python3.12/site-packages/django/db/models/fields/files.py", line 69, in url
    self._require_file()
  File "/usr/local/lib/python3.12/site-packages/django/db/models/fields/files.py", line 44, in _require_file
    raise ValueError(
ValueError: The 'image' attribute has no file associated with it.
ERROR 2025-08-16 10:41:47,675 basehttp 7 140270764021440 "GET / HTTP/1.1" 500 227703
WARNING 2025-08-16 10:41:48,396 log 7 140270764021440 Not Found: /favicon.ico
WARNING 2025-08-16 10:41:48,399 basehttp 7 140270764021440 "GET /favicon.ico HTTP/1.1" 404 3852
INFO 2025-08-16 10:41:53,348 basehttp 7 140270780806848 "GET /health/ HTTP/1.1" 200 2
INFO 2025-08-16 10:42:23,431 basehttp 7 140270780806848 "GET /health/ HTTP/1.1" 200 2
INFO 2025-08-16 10:42:53,541 basehttp 7 140270780806848 "GET /health/ HTTP/1.1" 200 2
INFO 2025-08-16 10:43:23,638 basehttp 7 140270780806848 "GET /health/ HTTP/1.1" 200 2
INFO 2025-08-16 10:43:53,742 basehttp 7 140270780806848 "GET /health/ HTTP/1.1" 200 2
INFO 2025-08-16 10:44:13,925 autoreload 7 140100427725696 Watching for file changes with StatReloader
ERROR 2025-08-16 10:44:20,404 log 7 140100279203520 Internal Server Error: /
Traceback (most recent call last):
  File "/usr/local/lib/python3.12/site-packages/django/template/base.py", line 890, in _resolve_lookup
    raise TypeError
TypeError

During handling of the above exception, another exception occurred:

Traceback (most recent call last):
  File "/usr/local/lib/python3.12/site-packages/django/core/handlers/exception.py", line 55, in inner
    response = get_response(request)
               ^^^^^^^^^^^^^^^^^^^^^
  File "/usr/local/lib/python3.12/site-packages/django/core/handlers/base.py", line 197, in _get_response
    response = wrapped_callback(request, *callback_args, **callback_kwargs)
               ^^^^^^^^^^^^^^^^^^^^^^^^^^^^^^^^^^^^^^^^^^^^^^^^^^^^^^^^^^^^
  File "/usr/local/lib/python3.12/site-packages/django/utils/decorators.py", line 192, in _view_wrapper
    result = _process_exception(request, e)
             ^^^^^^^^^^^^^^^^^^^^^^^^^^^^^^
  File "/usr/local/lib/python3.12/site-packages/django/utils/decorators.py", line 190, in _view_wrapper
    response = view_func(request, *args, **kwargs)
               ^^^^^^^^^^^^^^^^^^^^^^^^^^^^^^^^^^^
  File "/app/products/views.py", line 80, in home
    return render(request, 'products/home.html', context)
           ^^^^^^^^^^^^^^^^^^^^^^^^^^^^^^^^^^^^^^^^^^^^^^
  File "/usr/local/lib/python3.12/site-packages/django/shortcuts.py", line 25, in render
    content = loader.render_to_string(template_name, context, request, using=using)
              ^^^^^^^^^^^^^^^^^^^^^^^^^^^^^^^^^^^^^^^^^^^^^^^^^^^^^^^^^^^^^^^^^^^^^
  File "/usr/local/lib/python3.12/site-packages/django/template/loader.py", line 62, in render_to_string
    return template.render(context, request)
           ^^^^^^^^^^^^^^^^^^^^^^^^^^^^^^^^^
  File "/usr/local/lib/python3.12/site-packages/django/template/backends/django.py", line 107, in render
    return self.template.render(context)
           ^^^^^^^^^^^^^^^^^^^^^^^^^^^^^
  File "/usr/local/lib/python3.12/site-packages/django/template/base.py", line 171, in render
    return self._render(context)
           ^^^^^^^^^^^^^^^^^^^^^
  File "/usr/local/lib/python3.12/site-packages/django/template/base.py", line 163, in _render
    return self.nodelist.render(context)
           ^^^^^^^^^^^^^^^^^^^^^^^^^^^^^
  File "/usr/local/lib/python3.12/site-packages/django/template/base.py", line 1016, in render
    return SafeString("".join([node.render_annotated(context) for node in self]))
                               ^^^^^^^^^^^^^^^^^^^^^^^^^^^^^^
  File "/usr/local/lib/python3.12/site-packages/django/template/base.py", line 977, in render_annotated
    return self.render(context)
           ^^^^^^^^^^^^^^^^^^^^
  File "/usr/local/lib/python3.12/site-packages/django/template/loader_tags.py", line 159, in render
    return compiled_parent._render(context)
           ^^^^^^^^^^^^^^^^^^^^^^^^^^^^^^^^
  File "/usr/local/lib/python3.12/site-packages/django/template/base.py", line 163, in _render
    return self.nodelist.render(context)
           ^^^^^^^^^^^^^^^^^^^^^^^^^^^^^
  File "/usr/local/lib/python3.12/site-packages/django/template/base.py", line 1016, in render
    return SafeString("".join([node.render_annotated(context) for node in self]))
                               ^^^^^^^^^^^^^^^^^^^^^^^^^^^^^^
  File "/usr/local/lib/python3.12/site-packages/django/template/base.py", line 977, in render_annotated
    return self.render(context)
           ^^^^^^^^^^^^^^^^^^^^
  File "/usr/local/lib/python3.12/site-packages/django/template/loader_tags.py", line 65, in render
    result = block.nodelist.render(context)
             ^^^^^^^^^^^^^^^^^^^^^^^^^^^^^^
  File "/usr/local/lib/python3.12/site-packages/django/template/base.py", line 1016, in render
    return SafeString("".join([node.render_annotated(context) for node in self]))
                               ^^^^^^^^^^^^^^^^^^^^^^^^^^^^^^
  File "/usr/local/lib/python3.12/site-packages/django/template/base.py", line 977, in render_annotated
    return self.render(context)
           ^^^^^^^^^^^^^^^^^^^^
  File "/usr/local/lib/python3.12/site-packages/django/template/defaulttags.py", line 243, in render
    nodelist.append(node.render_annotated(context))
                    ^^^^^^^^^^^^^^^^^^^^^^^^^^^^^^
  File "/usr/local/lib/python3.12/site-packages/django/template/base.py", line 977, in render_annotated
    return self.render(context)
           ^^^^^^^^^^^^^^^^^^^^
  File "/usr/local/lib/python3.12/site-packages/django/template/base.py", line 1075, in render
    output = self.filter_expression.resolve(context)
             ^^^^^^^^^^^^^^^^^^^^^^^^^^^^^^^^^^^^^^^
  File "/usr/local/lib/python3.12/site-packages/django/template/base.py", line 722, in resolve
    obj = self.var.resolve(context)
          ^^^^^^^^^^^^^^^^^^^^^^^^^
  File "/usr/local/lib/python3.12/site-packages/django/template/base.py", line 854, in resolve
    value = self._resolve_lookup(context)
            ^^^^^^^^^^^^^^^^^^^^^^^^^^^^^
  File "/usr/local/lib/python3.12/site-packages/django/template/base.py", line 901, in _resolve_lookup
    current = getattr(current, bit)
              ^^^^^^^^^^^^^^^^^^^^^
  File "/usr/local/lib/python3.12/site-packages/django/db/models/fields/files.py", line 69, in url
    self._require_file()
  File "/usr/local/lib/python3.12/site-packages/django/db/models/fields/files.py", line 44, in _require_file
    raise ValueError(
ValueError: The 'image' attribute has no file associated with it.
ERROR 2025-08-16 10:44:20,433 basehttp 7 140100279203520 "GET / HTTP/1.1" 500 227840
INFO 2025-08-16 10:44:45,033 basehttp 7 140100260320960 "GET /health/ HTTP/1.1" 200 2
INFO 2025-08-16 10:45:15,144 basehttp 7 140100260320960 "GET /health/ HTTP/1.1" 200 2
INFO 2025-08-16 10:45:45,315 basehttp 7 140100260320960 "GET /health/ HTTP/1.1" 200 2
INFO 2025-08-16 10:46:15,381 basehttp 7 140100279203520 "GET /health/ HTTP/1.1" 200 2
INFO 2025-08-16 10:46:45,447 basehttp 7 140100279203520 "GET /health/ HTTP/1.1" 200 2
INFO 2025-08-16 10:47:00,642 autoreload 7 140206506539904 Watching for file changes with StatReloader
INFO 2025-08-16 10:47:03,587 basehttp 7 140206358394560 "GET /health/ HTTP/1.1" 200 2
ERROR 2025-08-16 10:47:23,406 log 7 140206358394560 Internal Server Error: /
Traceback (most recent call last):
  File "/usr/local/lib/python3.12/site-packages/django/template/base.py", line 890, in _resolve_lookup
    raise TypeError
TypeError

During handling of the above exception, another exception occurred:

Traceback (most recent call last):
  File "/usr/local/lib/python3.12/site-packages/django/core/handlers/exception.py", line 55, in inner
    response = get_response(request)
               ^^^^^^^^^^^^^^^^^^^^^
  File "/usr/local/lib/python3.12/site-packages/django/core/handlers/base.py", line 197, in _get_response
    response = wrapped_callback(request, *callback_args, **callback_kwargs)
               ^^^^^^^^^^^^^^^^^^^^^^^^^^^^^^^^^^^^^^^^^^^^^^^^^^^^^^^^^^^^
  File "/usr/local/lib/python3.12/site-packages/django/utils/decorators.py", line 192, in _view_wrapper
    result = _process_exception(request, e)
             ^^^^^^^^^^^^^^^^^^^^^^^^^^^^^^
  File "/usr/local/lib/python3.12/site-packages/django/utils/decorators.py", line 190, in _view_wrapper
    response = view_func(request, *args, **kwargs)
               ^^^^^^^^^^^^^^^^^^^^^^^^^^^^^^^^^^^
  File "/app/products/views.py", line 80, in home
    return render(request, 'products/home.html', context)
           ^^^^^^^^^^^^^^^^^^^^^^^^^^^^^^^^^^^^^^^^^^^^^^
  File "/usr/local/lib/python3.12/site-packages/django/shortcuts.py", line 25, in render
    content = loader.render_to_string(template_name, context, request, using=using)
              ^^^^^^^^^^^^^^^^^^^^^^^^^^^^^^^^^^^^^^^^^^^^^^^^^^^^^^^^^^^^^^^^^^^^^
  File "/usr/local/lib/python3.12/site-packages/django/template/loader.py", line 62, in render_to_string
    return template.render(context, request)
           ^^^^^^^^^^^^^^^^^^^^^^^^^^^^^^^^^
  File "/usr/local/lib/python3.12/site-packages/django/template/backends/django.py", line 107, in render
    return self.template.render(context)
           ^^^^^^^^^^^^^^^^^^^^^^^^^^^^^
  File "/usr/local/lib/python3.12/site-packages/django/template/base.py", line 171, in render
    return self._render(context)
           ^^^^^^^^^^^^^^^^^^^^^
  File "/usr/local/lib/python3.12/site-packages/django/template/base.py", line 163, in _render
    return self.nodelist.render(context)
           ^^^^^^^^^^^^^^^^^^^^^^^^^^^^^
  File "/usr/local/lib/python3.12/site-packages/django/template/base.py", line 1016, in render
    return SafeString("".join([node.render_annotated(context) for node in self]))
                               ^^^^^^^^^^^^^^^^^^^^^^^^^^^^^^
  File "/usr/local/lib/python3.12/site-packages/django/template/base.py", line 977, in render_annotated
    return self.render(context)
           ^^^^^^^^^^^^^^^^^^^^
  File "/usr/local/lib/python3.12/site-packages/django/template/loader_tags.py", line 159, in render
    return compiled_parent._render(context)
           ^^^^^^^^^^^^^^^^^^^^^^^^^^^^^^^^
  File "/usr/local/lib/python3.12/site-packages/django/template/base.py", line 163, in _render
    return self.nodelist.render(context)
           ^^^^^^^^^^^^^^^^^^^^^^^^^^^^^
  File "/usr/local/lib/python3.12/site-packages/django/template/base.py", line 1016, in render
    return SafeString("".join([node.render_annotated(context) for node in self]))
                               ^^^^^^^^^^^^^^^^^^^^^^^^^^^^^^
  File "/usr/local/lib/python3.12/site-packages/django/template/base.py", line 977, in render_annotated
    return self.render(context)
           ^^^^^^^^^^^^^^^^^^^^
  File "/usr/local/lib/python3.12/site-packages/django/template/loader_tags.py", line 65, in render
    result = block.nodelist.render(context)
             ^^^^^^^^^^^^^^^^^^^^^^^^^^^^^^
  File "/usr/local/lib/python3.12/site-packages/django/template/base.py", line 1016, in render
    return SafeString("".join([node.render_annotated(context) for node in self]))
                               ^^^^^^^^^^^^^^^^^^^^^^^^^^^^^^
  File "/usr/local/lib/python3.12/site-packages/django/template/base.py", line 977, in render_annotated
    return self.render(context)
           ^^^^^^^^^^^^^^^^^^^^
  File "/usr/local/lib/python3.12/site-packages/django/template/defaulttags.py", line 243, in render
    nodelist.append(node.render_annotated(context))
                    ^^^^^^^^^^^^^^^^^^^^^^^^^^^^^^
  File "/usr/local/lib/python3.12/site-packages/django/template/base.py", line 977, in render_annotated
    return self.render(context)
           ^^^^^^^^^^^^^^^^^^^^
  File "/usr/local/lib/python3.12/site-packages/django/template/base.py", line 1075, in render
    output = self.filter_expression.resolve(context)
             ^^^^^^^^^^^^^^^^^^^^^^^^^^^^^^^^^^^^^^^
  File "/usr/local/lib/python3.12/site-packages/django/template/base.py", line 722, in resolve
    obj = self.var.resolve(context)
          ^^^^^^^^^^^^^^^^^^^^^^^^^
  File "/usr/local/lib/python3.12/site-packages/django/template/base.py", line 854, in resolve
    value = self._resolve_lookup(context)
            ^^^^^^^^^^^^^^^^^^^^^^^^^^^^^
  File "/usr/local/lib/python3.12/site-packages/django/template/base.py", line 901, in _resolve_lookup
    current = getattr(current, bit)
              ^^^^^^^^^^^^^^^^^^^^^
  File "/usr/local/lib/python3.12/site-packages/django/db/models/fields/files.py", line 69, in url
    self._require_file()
  File "/usr/local/lib/python3.12/site-packages/django/db/models/fields/files.py", line 44, in _require_file
    raise ValueError(
ValueError: The 'image' attribute has no file associated with it.
ERROR 2025-08-16 10:47:23,418 basehttp 7 140206358394560 "GET / HTTP/1.1" 500 227840
ERROR 2025-08-16 10:47:26,349 log 7 140206358394560 Internal Server Error: /
Traceback (most recent call last):
  File "/usr/local/lib/python3.12/site-packages/django/template/base.py", line 890, in _resolve_lookup
    raise TypeError
TypeError

During handling of the above exception, another exception occurred:

Traceback (most recent call last):
  File "/usr/local/lib/python3.12/site-packages/django/core/handlers/exception.py", line 55, in inner
    response = get_response(request)
               ^^^^^^^^^^^^^^^^^^^^^
  File "/usr/local/lib/python3.12/site-packages/django/core/handlers/base.py", line 197, in _get_response
    response = wrapped_callback(request, *callback_args, **callback_kwargs)
               ^^^^^^^^^^^^^^^^^^^^^^^^^^^^^^^^^^^^^^^^^^^^^^^^^^^^^^^^^^^^
  File "/usr/local/lib/python3.12/site-packages/django/utils/decorators.py", line 192, in _view_wrapper
    result = _process_exception(request, e)
             ^^^^^^^^^^^^^^^^^^^^^^^^^^^^^^
  File "/usr/local/lib/python3.12/site-packages/django/utils/decorators.py", line 190, in _view_wrapper
    response = view_func(request, *args, **kwargs)
               ^^^^^^^^^^^^^^^^^^^^^^^^^^^^^^^^^^^
  File "/app/products/views.py", line 80, in home
    return render(request, 'products/home.html', context)
           ^^^^^^^^^^^^^^^^^^^^^^^^^^^^^^^^^^^^^^^^^^^^^^
  File "/usr/local/lib/python3.12/site-packages/django/shortcuts.py", line 25, in render
    content = loader.render_to_string(template_name, context, request, using=using)
              ^^^^^^^^^^^^^^^^^^^^^^^^^^^^^^^^^^^^^^^^^^^^^^^^^^^^^^^^^^^^^^^^^^^^^
  File "/usr/local/lib/python3.12/site-packages/django/template/loader.py", line 62, in render_to_string
    return template.render(context, request)
           ^^^^^^^^^^^^^^^^^^^^^^^^^^^^^^^^^
  File "/usr/local/lib/python3.12/site-packages/django/template/backends/django.py", line 107, in render
    return self.template.render(context)
           ^^^^^^^^^^^^^^^^^^^^^^^^^^^^^
  File "/usr/local/lib/python3.12/site-packages/django/template/base.py", line 171, in render
    return self._render(context)
           ^^^^^^^^^^^^^^^^^^^^^
  File "/usr/local/lib/python3.12/site-packages/django/template/base.py", line 163, in _render
    return self.nodelist.render(context)
           ^^^^^^^^^^^^^^^^^^^^^^^^^^^^^
  File "/usr/local/lib/python3.12/site-packages/django/template/base.py", line 1016, in render
    return SafeString("".join([node.render_annotated(context) for node in self]))
                               ^^^^^^^^^^^^^^^^^^^^^^^^^^^^^^
  File "/usr/local/lib/python3.12/site-packages/django/template/base.py", line 977, in render_annotated
    return self.render(context)
           ^^^^^^^^^^^^^^^^^^^^
  File "/usr/local/lib/python3.12/site-packages/django/template/loader_tags.py", line 159, in render
    return compiled_parent._render(context)
           ^^^^^^^^^^^^^^^^^^^^^^^^^^^^^^^^
  File "/usr/local/lib/python3.12/site-packages/django/template/base.py", line 163, in _render
    return self.nodelist.render(context)
           ^^^^^^^^^^^^^^^^^^^^^^^^^^^^^
  File "/usr/local/lib/python3.12/site-packages/django/template/base.py", line 1016, in render
    return SafeString("".join([node.render_annotated(context) for node in self]))
                               ^^^^^^^^^^^^^^^^^^^^^^^^^^^^^^
  File "/usr/local/lib/python3.12/site-packages/django/template/base.py", line 977, in render_annotated
    return self.render(context)
           ^^^^^^^^^^^^^^^^^^^^
  File "/usr/local/lib/python3.12/site-packages/django/template/loader_tags.py", line 65, in render
    result = block.nodelist.render(context)
             ^^^^^^^^^^^^^^^^^^^^^^^^^^^^^^
  File "/usr/local/lib/python3.12/site-packages/django/template/base.py", line 1016, in render
    return SafeString("".join([node.render_annotated(context) for node in self]))
                               ^^^^^^^^^^^^^^^^^^^^^^^^^^^^^^
  File "/usr/local/lib/python3.12/site-packages/django/template/base.py", line 977, in render_annotated
    return self.render(context)
           ^^^^^^^^^^^^^^^^^^^^
  File "/usr/local/lib/python3.12/site-packages/django/template/defaulttags.py", line 243, in render
    nodelist.append(node.render_annotated(context))
                    ^^^^^^^^^^^^^^^^^^^^^^^^^^^^^^
  File "/usr/local/lib/python3.12/site-packages/django/template/base.py", line 977, in render_annotated
    return self.render(context)
           ^^^^^^^^^^^^^^^^^^^^
  File "/usr/local/lib/python3.12/site-packages/django/template/base.py", line 1075, in render
    output = self.filter_expression.resolve(context)
             ^^^^^^^^^^^^^^^^^^^^^^^^^^^^^^^^^^^^^^^
  File "/usr/local/lib/python3.12/site-packages/django/template/base.py", line 722, in resolve
    obj = self.var.resolve(context)
          ^^^^^^^^^^^^^^^^^^^^^^^^^
  File "/usr/local/lib/python3.12/site-packages/django/template/base.py", line 854, in resolve
    value = self._resolve_lookup(context)
            ^^^^^^^^^^^^^^^^^^^^^^^^^^^^^
  File "/usr/local/lib/python3.12/site-packages/django/template/base.py", line 901, in _resolve_lookup
    current = getattr(current, bit)
              ^^^^^^^^^^^^^^^^^^^^^
  File "/usr/local/lib/python3.12/site-packages/django/db/models/fields/files.py", line 69, in url
    self._require_file()
  File "/usr/local/lib/python3.12/site-packages/django/db/models/fields/files.py", line 44, in _require_file
    raise ValueError(
ValueError: The 'image' attribute has no file associated with it.
ERROR 2025-08-16 10:47:26,352 basehttp 7 140206358394560 "GET / HTTP/1.1" 500 227840
ERROR 2025-08-16 10:47:27,164 log 7 140206358394560 Internal Server Error: /
Traceback (most recent call last):
  File "/usr/local/lib/python3.12/site-packages/django/template/base.py", line 890, in _resolve_lookup
    raise TypeError
TypeError

During handling of the above exception, another exception occurred:

Traceback (most recent call last):
  File "/usr/local/lib/python3.12/site-packages/django/core/handlers/exception.py", line 55, in inner
    response = get_response(request)
               ^^^^^^^^^^^^^^^^^^^^^
  File "/usr/local/lib/python3.12/site-packages/django/core/handlers/base.py", line 197, in _get_response
    response = wrapped_callback(request, *callback_args, **callback_kwargs)
               ^^^^^^^^^^^^^^^^^^^^^^^^^^^^^^^^^^^^^^^^^^^^^^^^^^^^^^^^^^^^
  File "/usr/local/lib/python3.12/site-packages/django/utils/decorators.py", line 192, in _view_wrapper
    result = _process_exception(request, e)
             ^^^^^^^^^^^^^^^^^^^^^^^^^^^^^^
  File "/usr/local/lib/python3.12/site-packages/django/utils/decorators.py", line 190, in _view_wrapper
    response = view_func(request, *args, **kwargs)
               ^^^^^^^^^^^^^^^^^^^^^^^^^^^^^^^^^^^
  File "/app/products/views.py", line 80, in home
    return render(request, 'products/home.html', context)
           ^^^^^^^^^^^^^^^^^^^^^^^^^^^^^^^^^^^^^^^^^^^^^^
  File "/usr/local/lib/python3.12/site-packages/django/shortcuts.py", line 25, in render
    content = loader.render_to_string(template_name, context, request, using=using)
              ^^^^^^^^^^^^^^^^^^^^^^^^^^^^^^^^^^^^^^^^^^^^^^^^^^^^^^^^^^^^^^^^^^^^^
  File "/usr/local/lib/python3.12/site-packages/django/template/loader.py", line 62, in render_to_string
    return template.render(context, request)
           ^^^^^^^^^^^^^^^^^^^^^^^^^^^^^^^^^
  File "/usr/local/lib/python3.12/site-packages/django/template/backends/django.py", line 107, in render
    return self.template.render(context)
           ^^^^^^^^^^^^^^^^^^^^^^^^^^^^^
  File "/usr/local/lib/python3.12/site-packages/django/template/base.py", line 171, in render
    return self._render(context)
           ^^^^^^^^^^^^^^^^^^^^^
  File "/usr/local/lib/python3.12/site-packages/django/template/base.py", line 163, in _render
    return self.nodelist.render(context)
           ^^^^^^^^^^^^^^^^^^^^^^^^^^^^^
  File "/usr/local/lib/python3.12/site-packages/django/template/base.py", line 1016, in render
    return SafeString("".join([node.render_annotated(context) for node in self]))
                               ^^^^^^^^^^^^^^^^^^^^^^^^^^^^^^
  File "/usr/local/lib/python3.12/site-packages/django/template/base.py", line 977, in render_annotated
    return self.render(context)
           ^^^^^^^^^^^^^^^^^^^^
  File "/usr/local/lib/python3.12/site-packages/django/template/loader_tags.py", line 159, in render
    return compiled_parent._render(context)
           ^^^^^^^^^^^^^^^^^^^^^^^^^^^^^^^^
  File "/usr/local/lib/python3.12/site-packages/django/template/base.py", line 163, in _render
    return self.nodelist.render(context)
           ^^^^^^^^^^^^^^^^^^^^^^^^^^^^^
  File "/usr/local/lib/python3.12/site-packages/django/template/base.py", line 1016, in render
    return SafeString("".join([node.render_annotated(context) for node in self]))
                               ^^^^^^^^^^^^^^^^^^^^^^^^^^^^^^
  File "/usr/local/lib/python3.12/site-packages/django/template/base.py", line 977, in render_annotated
    return self.render(context)
           ^^^^^^^^^^^^^^^^^^^^
  File "/usr/local/lib/python3.12/site-packages/django/template/loader_tags.py", line 65, in render
    result = block.nodelist.render(context)
             ^^^^^^^^^^^^^^^^^^^^^^^^^^^^^^
  File "/usr/local/lib/python3.12/site-packages/django/template/base.py", line 1016, in render
    return SafeString("".join([node.render_annotated(context) for node in self]))
                               ^^^^^^^^^^^^^^^^^^^^^^^^^^^^^^
  File "/usr/local/lib/python3.12/site-packages/django/template/base.py", line 977, in render_annotated
    return self.render(context)
           ^^^^^^^^^^^^^^^^^^^^
  File "/usr/local/lib/python3.12/site-packages/django/template/defaulttags.py", line 243, in render
    nodelist.append(node.render_annotated(context))
                    ^^^^^^^^^^^^^^^^^^^^^^^^^^^^^^
  File "/usr/local/lib/python3.12/site-packages/django/template/base.py", line 977, in render_annotated
    return self.render(context)
           ^^^^^^^^^^^^^^^^^^^^
  File "/usr/local/lib/python3.12/site-packages/django/template/base.py", line 1075, in render
    output = self.filter_expression.resolve(context)
             ^^^^^^^^^^^^^^^^^^^^^^^^^^^^^^^^^^^^^^^
  File "/usr/local/lib/python3.12/site-packages/django/template/base.py", line 722, in resolve
    obj = self.var.resolve(context)
          ^^^^^^^^^^^^^^^^^^^^^^^^^
  File "/usr/local/lib/python3.12/site-packages/django/template/base.py", line 854, in resolve
    value = self._resolve_lookup(context)
            ^^^^^^^^^^^^^^^^^^^^^^^^^^^^^
  File "/usr/local/lib/python3.12/site-packages/django/template/base.py", line 901, in _resolve_lookup
    current = getattr(current, bit)
              ^^^^^^^^^^^^^^^^^^^^^
  File "/usr/local/lib/python3.12/site-packages/django/db/models/fields/files.py", line 69, in url
    self._require_file()
  File "/usr/local/lib/python3.12/site-packages/django/db/models/fields/files.py", line 44, in _require_file
    raise ValueError(
ValueError: The 'image' attribute has no file associated with it.
ERROR 2025-08-16 10:47:27,170 basehttp 7 140206358394560 "GET / HTTP/1.1" 500 227840
ERROR 2025-08-16 10:47:28,003 log 7 140206358394560 Internal Server Error: /
Traceback (most recent call last):
  File "/usr/local/lib/python3.12/site-packages/django/template/base.py", line 890, in _resolve_lookup
    raise TypeError
TypeError

During handling of the above exception, another exception occurred:

Traceback (most recent call last):
  File "/usr/local/lib/python3.12/site-packages/django/core/handlers/exception.py", line 55, in inner
    response = get_response(request)
               ^^^^^^^^^^^^^^^^^^^^^
  File "/usr/local/lib/python3.12/site-packages/django/core/handlers/base.py", line 197, in _get_response
    response = wrapped_callback(request, *callback_args, **callback_kwargs)
               ^^^^^^^^^^^^^^^^^^^^^^^^^^^^^^^^^^^^^^^^^^^^^^^^^^^^^^^^^^^^
  File "/usr/local/lib/python3.12/site-packages/django/utils/decorators.py", line 192, in _view_wrapper
    result = _process_exception(request, e)
             ^^^^^^^^^^^^^^^^^^^^^^^^^^^^^^
  File "/usr/local/lib/python3.12/site-packages/django/utils/decorators.py", line 190, in _view_wrapper
    response = view_func(request, *args, **kwargs)
               ^^^^^^^^^^^^^^^^^^^^^^^^^^^^^^^^^^^
  File "/app/products/views.py", line 80, in home
    return render(request, 'products/home.html', context)
           ^^^^^^^^^^^^^^^^^^^^^^^^^^^^^^^^^^^^^^^^^^^^^^
  File "/usr/local/lib/python3.12/site-packages/django/shortcuts.py", line 25, in render
    content = loader.render_to_string(template_name, context, request, using=using)
              ^^^^^^^^^^^^^^^^^^^^^^^^^^^^^^^^^^^^^^^^^^^^^^^^^^^^^^^^^^^^^^^^^^^^^
  File "/usr/local/lib/python3.12/site-packages/django/template/loader.py", line 62, in render_to_string
    return template.render(context, request)
           ^^^^^^^^^^^^^^^^^^^^^^^^^^^^^^^^^
  File "/usr/local/lib/python3.12/site-packages/django/template/backends/django.py", line 107, in render
    return self.template.render(context)
           ^^^^^^^^^^^^^^^^^^^^^^^^^^^^^
  File "/usr/local/lib/python3.12/site-packages/django/template/base.py", line 171, in render
    return self._render(context)
           ^^^^^^^^^^^^^^^^^^^^^
  File "/usr/local/lib/python3.12/site-packages/django/template/base.py", line 163, in _render
    return self.nodelist.render(context)
           ^^^^^^^^^^^^^^^^^^^^^^^^^^^^^
  File "/usr/local/lib/python3.12/site-packages/django/template/base.py", line 1016, in render
    return SafeString("".join([node.render_annotated(context) for node in self]))
                               ^^^^^^^^^^^^^^^^^^^^^^^^^^^^^^
  File "/usr/local/lib/python3.12/site-packages/django/template/base.py", line 977, in render_annotated
    return self.render(context)
           ^^^^^^^^^^^^^^^^^^^^
  File "/usr/local/lib/python3.12/site-packages/django/template/loader_tags.py", line 159, in render
    return compiled_parent._render(context)
           ^^^^^^^^^^^^^^^^^^^^^^^^^^^^^^^^
  File "/usr/local/lib/python3.12/site-packages/django/template/base.py", line 163, in _render
    return self.nodelist.render(context)
           ^^^^^^^^^^^^^^^^^^^^^^^^^^^^^
  File "/usr/local/lib/python3.12/site-packages/django/template/base.py", line 1016, in render
    return SafeString("".join([node.render_annotated(context) for node in self]))
                               ^^^^^^^^^^^^^^^^^^^^^^^^^^^^^^
  File "/usr/local/lib/python3.12/site-packages/django/template/base.py", line 977, in render_annotated
    return self.render(context)
           ^^^^^^^^^^^^^^^^^^^^
  File "/usr/local/lib/python3.12/site-packages/django/template/loader_tags.py", line 65, in render
    result = block.nodelist.render(context)
             ^^^^^^^^^^^^^^^^^^^^^^^^^^^^^^
  File "/usr/local/lib/python3.12/site-packages/django/template/base.py", line 1016, in render
    return SafeString("".join([node.render_annotated(context) for node in self]))
                               ^^^^^^^^^^^^^^^^^^^^^^^^^^^^^^
  File "/usr/local/lib/python3.12/site-packages/django/template/base.py", line 977, in render_annotated
    return self.render(context)
           ^^^^^^^^^^^^^^^^^^^^
  File "/usr/local/lib/python3.12/site-packages/django/template/defaulttags.py", line 243, in render
    nodelist.append(node.render_annotated(context))
                    ^^^^^^^^^^^^^^^^^^^^^^^^^^^^^^
  File "/usr/local/lib/python3.12/site-packages/django/template/base.py", line 977, in render_annotated
    return self.render(context)
           ^^^^^^^^^^^^^^^^^^^^
  File "/usr/local/lib/python3.12/site-packages/django/template/base.py", line 1075, in render
    output = self.filter_expression.resolve(context)
             ^^^^^^^^^^^^^^^^^^^^^^^^^^^^^^^^^^^^^^^
  File "/usr/local/lib/python3.12/site-packages/django/template/base.py", line 722, in resolve
    obj = self.var.resolve(context)
          ^^^^^^^^^^^^^^^^^^^^^^^^^
  File "/usr/local/lib/python3.12/site-packages/django/template/base.py", line 854, in resolve
    value = self._resolve_lookup(context)
            ^^^^^^^^^^^^^^^^^^^^^^^^^^^^^
  File "/usr/local/lib/python3.12/site-packages/django/template/base.py", line 901, in _resolve_lookup
    current = getattr(current, bit)
              ^^^^^^^^^^^^^^^^^^^^^
  File "/usr/local/lib/python3.12/site-packages/django/db/models/fields/files.py", line 69, in url
    self._require_file()
  File "/usr/local/lib/python3.12/site-packages/django/db/models/fields/files.py", line 44, in _require_file
    raise ValueError(
ValueError: The 'image' attribute has no file associated with it.
ERROR 2025-08-16 10:47:28,007 basehttp 7 140206358394560 "GET / HTTP/1.1" 500 227840
INFO 2025-08-16 10:47:33,658 basehttp 7 140206339512000 "GET /health/ HTTP/1.1" 200 2
INFO 2025-08-16 10:48:03,707 basehttp 7 140206339512000 "GET /health/ HTTP/1.1" 200 2
INFO 2025-08-16 10:48:33,852 basehttp 7 140206339512000 "GET /health/ HTTP/1.1" 200 2
INFO 2025-08-16 10:49:03,998 basehttp 7 140206348953280 "GET /health/ HTTP/1.1" 200 2
INFO 2025-08-16 10:49:34,148 basehttp 7 140206348953280 "GET /health/ HTTP/1.1" 200 2
INFO 2025-08-16 10:50:04,217 basehttp 7 140206348953280 "GET /health/ HTTP/1.1" 200 2
INFO 2025-08-16 10:50:34,464 basehttp 7 140206348953280 "GET /health/ HTTP/1.1" 200 2
INFO 2025-08-16 10:51:10,558 autoreload 7 140551315020672 Watching for file changes with StatReloader
INFO 2025-08-16 10:51:11,901 basehttp 7 140551167932096 "GET /health/ HTTP/1.1" 200 2
INFO 2025-08-16 10:51:41,955 basehttp 7 140551167932096 "GET /health/ HTTP/1.1" 200 2
INFO 2025-08-16 10:51:44,287 basehttp 7 140551167932096 "GET / HTTP/1.1" 200 82898
WARNING 2025-08-16 10:51:44,441 basehttp 7 140551167932096 "GET /static/images/category-electronics.png HTTP/1.1" 404 1907
WARNING 2025-08-16 10:51:44,441 basehttp 7 140551149049536 "GET /static/images/category-home.png HTTP/1.1" 404 1886
WARNING 2025-08-16 10:51:44,471 basehttp 7 140551158490816 "GET /static/images/category-clothing.png HTTP/1.1" 404 1898
WARNING 2025-08-16 10:51:44,472 basehttp 7 140550925711040 "GET /static/images/category-fashion.png HTTP/1.1" 404 1895
WARNING 2025-08-16 10:51:44,481 basehttp 7 140551140656832 "GET /static/images/category-sports.png HTTP/1.1" 404 1892
WARNING 2025-08-16 10:51:44,491 basehttp 7 140551167932096 "GET /static/images/category-books.png HTTP/1.1" 404 1889
WARNING 2025-08-16 10:51:44,501 basehttp 7 140551149049536 "GET /static/images/products/macbook-air-m2.jpg HTTP/1.1" 404 1916
WARNING 2025-08-16 10:51:44,528 basehttp 7 140550917318336 "GET /static/images/products/adidas-ultraboost-22.jpg HTTP/1.1" 404 1934
WARNING 2025-08-16 10:51:44,530 basehttp 7 140551140656832 "GET /static/images/products/nike-air-max-270.jpg HTTP/1.1" 404 1922
WARNING 2025-08-16 10:51:44,533 basehttp 7 140551158490816 "GET /static/images/products/dell-xps-13.jpg HTTP/1.1" 404 1907
WARNING 2025-08-16 10:51:44,591 basehttp 7 140550917318336 "GET /static/default-category.png HTTP/1.1" 404 1874
INFO 2025-08-16 10:51:44,629 basehttp 7 140550925711040 "GET /static/js/riya-group-enhanced.js HTTP/1.1" 200 20663
WARNING 2025-08-16 10:51:44,663 log 7 140551149049536 Not Found: /media/banners/133886706141016313.jpg
WARNING 2025-08-16 10:51:44,666 basehttp 7 140551149049536 "GET /media/banners/133886706141016313.jpg HTTP/1.1" 404 4130
WARNING 2025-08-16 10:51:44,938 log 7 140551149049536 Not Found: /sw.js
WARNING 2025-08-16 10:51:44,939 basehttp 7 140551149049536 "GET /sw.js HTTP/1.1" 404 3834
INFO 2025-08-16 10:51:44,975 basehttp 7 140551149049536 "GET /static/favicon.ico HTTP/1.1" 200 155
INFO 2025-08-16 10:51:55,213 basehttp 7 140551149049536 "GET /products/ HTTP/1.1" 200 91706
WARNING 2025-08-16 10:51:55,304 basehttp 7 140551149049536 "GET /static/images/category-electronics.png HTTP/1.1" 404 1907
WARNING 2025-08-16 10:51:55,318 basehttp 7 140550925711040 "GET /static/images/category-clothing.png HTTP/1.1" 404 1898
WARNING 2025-08-16 10:51:55,325 basehttp 7 140551158490816 "GET /static/images/category-sports.png HTTP/1.1" 404 1892
WARNING 2025-08-16 10:51:55,332 basehttp 7 140551149049536 "GET /static/images/category-books.png HTTP/1.1" 404 1889
WARNING 2025-08-16 10:51:55,333 basehttp 7 140551140656832 "GET /static/images/category-fashion.png HTTP/1.1" 404 1895
WARNING 2025-08-16 10:51:55,334 basehttp 7 140550917318336 "GET /static/images/category-home.png HTTP/1.1" 404 1886
WARNING 2025-08-16 10:51:55,354 basehttp 7 140551167932096 "GET /static/images/products/macbook-air-m2.jpg HTTP/1.1" 404 1916
WARNING 2025-08-16 10:51:55,362 basehttp 7 140551149049536 "GET /static/images/products/dell-xps-13.jpg HTTP/1.1" 404 1907
WARNING 2025-08-16 10:51:55,367 basehttp 7 140550917318336 "GET /static/images/products/nike-air-max-270.jpg HTTP/1.1" 404 1922
WARNING 2025-08-16 10:51:55,377 basehttp 7 140551140656832 "GET /static/images/products/adidas-ultraboost-22.jpg HTTP/1.1" 404 1934
WARNING 2025-08-16 10:51:55,390 log 7 140550925711040 Not Found: /media/product_images/133941915096699689.jpg
WARNING 2025-08-16 10:51:55,392 basehttp 7 140550925711040 "GET /media/product_images/133941915096699689.jpg HTTP/1.1" 404 4158
WARNING 2025-08-16 10:51:55,433 log 7 140550925711040 Not Found: /sw.js
WARNING 2025-08-16 10:51:55,434 basehttp 7 140550925711040 "GET /sw.js HTTP/1.1" 404 3834
INFO 2025-08-16 10:51:59,896 basehttp 7 140550925711040 "GET / HTTP/1.1" 200 82898
WARNING 2025-08-16 10:51:59,938 basehttp 7 140550925711040 "GET /static/images/category-electronics.png HTTP/1.1" 404 1907
WARNING 2025-08-16 10:51:59,967 basehttp 7 140551140656832 "GET /static/images/category-clothing.png HTTP/1.1" 404 1898
WARNING 2025-08-16 10:51:59,974 basehttp 7 140550917318336 "GET /static/images/category-sports.png HTTP/1.1" 404 1892
WARNING 2025-08-16 10:51:59,976 basehttp 7 140550925711040 "GET /static/images/category-home.png HTTP/1.1" 404 1886
WARNING 2025-08-16 10:51:59,996 basehttp 7 140551167932096 "GET /static/images/category-books.png HTTP/1.1" 404 1889
WARNING 2025-08-16 10:52:00,001 basehttp 7 140551149049536 "GET /static/images/category-fashion.png HTTP/1.1" 404 1895
WARNING 2025-08-16 10:52:00,004 basehttp 7 140551158490816 "GET /static/images/products/macbook-air-m2.jpg HTTP/1.1" 404 1916
WARNING 2025-08-16 10:52:00,029 basehttp 7 140551140656832 "GET /static/images/products/dell-xps-13.jpg HTTP/1.1" 404 1907
WARNING 2025-08-16 10:52:00,046 basehttp 7 140550917318336 "GET /static/images/products/adidas-ultraboost-22.jpg HTTP/1.1" 404 1934
WARNING 2025-08-16 10:52:00,050 basehttp 7 140550925711040 "GET /static/images/products/nike-air-max-270.jpg HTTP/1.1" 404 1922
WARNING 2025-08-16 10:52:00,050 basehttp 7 140551158490816 "GET /static/default-category.png HTTP/1.1" 404 1874
WARNING 2025-08-16 10:52:00,070 log 7 140551167932096 Not Found: /media/banners/133886706141016313.jpg
WARNING 2025-08-16 10:52:00,072 basehttp 7 140551167932096 "GET /media/banners/133886706141016313.jpg HTTP/1.1" 404 4130
WARNING 2025-08-16 10:52:00,100 log 7 140551167932096 Not Found: /sw.js
WARNING 2025-08-16 10:52:00,101 basehttp 7 140551167932096 "GET /sw.js HTTP/1.1" 404 3834
INFO 2025-08-16 10:52:07,897 basehttp 7 140551167932096 "GET /accounts/login/ HTTP/1.1" 200 18173
WARNING 2025-08-16 10:52:07,944 basehttp 7 140551167932096 "GET /static/images/category-electronics.png HTTP/1.1" 404 1907
WARNING 2025-08-16 10:52:07,961 basehttp 7 140551167932096 "GET /static/images/category-clothing.png HTTP/1.1" 404 1898
WARNING 2025-08-16 10:52:07,973 basehttp 7 140551158490816 "GET /static/images/category-fashion.png HTTP/1.1" 404 1895
WARNING 2025-08-16 10:52:07,992 basehttp 7 140550917318336 "GET /static/images/category-books.png HTTP/1.1" 404 1889
WARNING 2025-08-16 10:52:07,999 basehttp 7 140550925711040 "GET /static/images/category-home.png HTTP/1.1" 404 1886
WARNING 2025-08-16 10:52:08,010 basehttp 7 140551167932096 "GET /static/images/products/macbook-air-m2.jpg HTTP/1.1" 404 1916
WARNING 2025-08-16 10:52:08,011 basehttp 7 140551149049536 "GET /static/images/products/adidas-ultraboost-22.jpg HTTP/1.1" 404 1934
WARNING 2025-08-16 10:52:08,022 basehttp 7 140550908925632 "GET /static/images/products/dell-xps-13.jpg HTTP/1.1" 404 1907
WARNING 2025-08-16 10:52:08,023 basehttp 7 140551140656832 "GET /static/images/category-sports.png HTTP/1.1" 404 1892
WARNING 2025-08-16 10:52:08,025 basehttp 7 140550925711040 "GET /static/images/products/nike-air-max-270.jpg HTTP/1.1" 404 1922
INFO 2025-08-16 10:52:12,028 basehttp 7 140550925711040 "GET /health/ HTTP/1.1" 200 2
INFO 2025-08-16 10:52:14,259 basehttp 7 140551140656832 "GET /accounts/login/ HTTP/1.1" 200 18173
WARNING 2025-08-16 10:52:14,298 basehttp 7 140551140656832 "GET /static/images/category-electronics.png HTTP/1.1" 404 1907
WARNING 2025-08-16 10:52:14,326 basehttp 7 140550925711040 "GET /static/images/category-home.png HTTP/1.1" 404 1886
WARNING 2025-08-16 10:52:14,328 basehttp 7 140550908925632 "GET /static/images/category-clothing.png HTTP/1.1" 404 1898
WARNING 2025-08-16 10:52:14,340 basehttp 7 140551149049536 "GET /static/images/category-books.png HTTP/1.1" 404 1889
WARNING 2025-08-16 10:52:14,346 basehttp 7 140551140656832 "GET /static/images/category-fashion.png HTTP/1.1" 404 1895
WARNING 2025-08-16 10:52:14,354 basehttp 7 140551167932096 "GET /static/images/category-sports.png HTTP/1.1" 404 1892
WARNING 2025-08-16 10:52:14,371 basehttp 7 140550925711040 "GET /static/images/products/macbook-air-m2.jpg HTTP/1.1" 404 1916
WARNING 2025-08-16 10:52:14,372 basehttp 7 140550908925632 "GET /static/images/products/adidas-ultraboost-22.jpg HTTP/1.1" 404 1934
WARNING 2025-08-16 10:52:14,373 basehttp 7 140550917318336 "GET /static/images/products/nike-air-max-270.jpg HTTP/1.1" 404 1922
WARNING 2025-08-16 10:52:14,374 basehttp 7 140551158490816 "GET /static/images/products/dell-xps-13.jpg HTTP/1.1" 404 1907
INFO 2025-08-16 10:52:22,082 basehttp 7 140551158490816 "GET /cart/ HTTP/1.1" 302 0
INFO 2025-08-16 10:52:22,103 basehttp 7 140551158490816 "GET /accounts/login/?next=/cart/ HTTP/1.1" 200 18197
WARNING 2025-08-16 10:52:22,143 basehttp 7 140551158490816 "GET /static/images/category-electronics.png HTTP/1.1" 404 1907
WARNING 2025-08-16 10:52:22,161 basehttp 7 140550917318336 "GET /static/images/category-clothing.png HTTP/1.1" 404 1898
WARNING 2025-08-16 10:52:22,176 basehttp 7 140550925711040 "GET /static/images/category-fashion.png HTTP/1.1" 404 1895
WARNING 2025-08-16 10:52:22,181 basehttp 7 140550908925632 "GET /static/images/category-sports.png HTTP/1.1" 404 1892
WARNING 2025-08-16 10:52:22,189 basehttp 7 140551158490816 "GET /static/images/category-home.png HTTP/1.1" 404 1886
WARNING 2025-08-16 10:52:22,194 basehttp 7 140551167932096 "GET /static/images/category-books.png HTTP/1.1" 404 1889
WARNING 2025-08-16 10:52:22,204 basehttp 7 140550917318336 "GET /static/images/products/dell-xps-13.jpg HTTP/1.1" 404 1907
WARNING 2025-08-16 10:52:22,212 basehttp 7 140550925711040 "GET /static/images/products/macbook-air-m2.jpg HTTP/1.1" 404 1916
WARNING 2025-08-16 10:52:22,213 basehttp 7 140550908925632 "GET /static/images/products/adidas-ultraboost-22.jpg HTTP/1.1" 404 1934
WARNING 2025-08-16 10:52:22,214 basehttp 7 140551149049536 "GET /static/images/products/nike-air-max-270.jpg HTTP/1.1" 404 1922
INFO 2025-08-16 10:52:42,068 basehttp 7 140551149049536 "GET /health/ HTTP/1.1" 200 2
INFO 2025-08-16 10:53:12,134 basehttp 7 140551149049536 "GET /health/ HTTP/1.1" 200 2
ERROR 2025-08-16 10:53:15,656 log 7 140551149049536 Internal Server Error: /products/category/fashion/
Traceback (most recent call last):
  File "/usr/local/lib/python3.12/site-packages/django/core/handlers/exception.py", line 55, in inner
    response = get_response(request)
               ^^^^^^^^^^^^^^^^^^^^^
  File "/usr/local/lib/python3.12/site-packages/django/core/handlers/base.py", line 197, in _get_response
    response = wrapped_callback(request, *callback_args, **callback_kwargs)
               ^^^^^^^^^^^^^^^^^^^^^^^^^^^^^^^^^^^^^^^^^^^^^^^^^^^^^^^^^^^^
  File "/app/products/views.py", line 341, in category_detail
    return render(request, 'products/category_detail.html', context)
           ^^^^^^^^^^^^^^^^^^^^^^^^^^^^^^^^^^^^^^^^^^^^^^^^^^^^^^^^^
  File "/usr/local/lib/python3.12/site-packages/django/shortcuts.py", line 25, in render
    content = loader.render_to_string(template_name, context, request, using=using)
              ^^^^^^^^^^^^^^^^^^^^^^^^^^^^^^^^^^^^^^^^^^^^^^^^^^^^^^^^^^^^^^^^^^^^^
  File "/usr/local/lib/python3.12/site-packages/django/template/loader.py", line 61, in render_to_string
    template = get_template(template_name, using=using)
               ^^^^^^^^^^^^^^^^^^^^^^^^^^^^^^^^^^^^^^^^
  File "/usr/local/lib/python3.12/site-packages/django/template/loader.py", line 19, in get_template
    raise TemplateDoesNotExist(template_name, chain=chain)
django.template.exceptions.TemplateDoesNotExist: products/category_detail.html
ERROR 2025-08-16 10:53:15,659 basehttp 7 140551149049536 "GET /products/category/fashion/ HTTP/1.1" 500 82197
INFO 2025-08-16 10:53:42,199 basehttp 7 140550925711040 "GET /health/ HTTP/1.1" 200 2
WARNING 2025-08-16 10:53:57,221 log 7 140551149049536 Not Found: /.well-known/appspecific/com.chrome.devtools.json
WARNING 2025-08-16 10:53:57,223 basehttp 7 140551149049536 "GET /.well-known/appspecific/com.chrome.devtools.json HTTP/1.1" 404 3963
INFO 2025-08-16 10:54:01,755 basehttp 7 140551149049536 "GET /accounts/login/ HTTP/1.1" 200 18173
WARNING 2025-08-16 10:54:01,828 basehttp 7 140550908925632 "GET /static/images/category-electronics.png HTTP/1.1" 404 1907
WARNING 2025-08-16 10:54:01,843 basehttp 7 140550925711040 "GET /static/images/category-clothing.png HTTP/1.1" 404 1898
WARNING 2025-08-16 10:54:01,852 basehttp 7 140550917318336 "GET /static/images/category-home.png HTTP/1.1" 404 1886
WARNING 2025-08-16 10:54:01,855 basehttp 7 140551167932096 "GET /static/images/category-sports.png HTTP/1.1" 404 1892
WARNING 2025-08-16 10:54:01,865 basehttp 7 140551158490816 "GET /static/images/category-fashion.png HTTP/1.1" 404 1895
WARNING 2025-08-16 10:54:01,866 log 7 140551149049536 Not Found: /.well-known/appspecific/com.chrome.devtools.json
WARNING 2025-08-16 10:54:01,875 basehttp 7 140550925711040 "GET /static/images/products/macbook-air-m2.jpg HTTP/1.1" 404 1916
WARNING 2025-08-16 10:54:01,875 basehttp 7 140550908925632 "GET /static/images/category-books.png HTTP/1.1" 404 1889
WARNING 2025-08-16 10:54:01,883 basehttp 7 140551149049536 "GET /.well-known/appspecific/com.chrome.devtools.json HTTP/1.1" 404 3963
WARNING 2025-08-16 10:54:01,893 basehttp 7 140551167932096 "GET /static/images/products/adidas-ultraboost-22.jpg HTTP/1.1" 404 1934
WARNING 2025-08-16 10:54:01,901 basehttp 7 140550917318336 "GET /static/images/products/nike-air-max-270.jpg HTTP/1.1" 404 1922
WARNING 2025-08-16 10:54:01,901 basehttp 7 140551158490816 "GET /static/images/products/dell-xps-13.jpg HTTP/1.1" 404 1907
INFO 2025-08-16 10:54:10,285 basehttp 7 140551158490816 "GET /products/ HTTP/1.1" 200 91706
WARNING 2025-08-16 10:54:10,346 log 7 140551158490816 Not Found: /.well-known/appspecific/com.chrome.devtools.json
WARNING 2025-08-16 10:54:10,347 basehttp 7 140551158490816 "GET /.well-known/appspecific/com.chrome.devtools.json HTTP/1.1" 404 3963
WARNING 2025-08-16 10:54:10,375 basehttp 7 140551167932096 "GET /static/images/category-clothing.png HTTP/1.1" 404 1898
WARNING 2025-08-16 10:54:10,384 basehttp 7 140550917318336 "GET /static/images/category-electronics.png HTTP/1.1" 404 1907
WARNING 2025-08-16 10:54:10,402 basehttp 7 140551149049536 "GET /static/images/category-home.png HTTP/1.1" 404 1886
WARNING 2025-08-16 10:54:10,402 basehttp 7 140551158490816 "GET /static/images/category-books.png HTTP/1.1" 404 1889
WARNING 2025-08-16 10:54:10,407 basehttp 7 140551140656832 "GET /static/images/category-sports.png HTTP/1.1" 404 1892
WARNING 2025-08-16 10:54:10,444 basehttp 7 140550925711040 "GET /static/images/products/adidas-ultraboost-22.jpg HTTP/1.1" 404 1934
WARNING 2025-08-16 10:54:10,453 basehttp 7 140551167932096 "GET /static/images/category-fashion.png HTTP/1.1" 404 1895
WARNING 2025-08-16 10:54:10,456 basehttp 7 140550917318336 "GET /static/images/products/macbook-air-m2.jpg HTTP/1.1" 404 1916
WARNING 2025-08-16 10:54:10,457 basehttp 7 140551149049536 "GET /static/images/products/dell-xps-13.jpg HTTP/1.1" 404 1907
WARNING 2025-08-16 10:54:10,459 basehttp 7 140551158490816 "GET /static/images/products/nike-air-max-270.jpg HTTP/1.1" 404 1922
INFO 2025-08-16 10:54:10,459 basehttp 7 140551140656832 "GET /static/js/riya-group-enhanced.js HTTP/1.1" 200 20663
WARNING 2025-08-16 10:54:10,488 log 7 140551149049536 Not Found: /media/product_images/133941915096699689.jpg
WARNING 2025-08-16 10:54:10,489 basehttp 7 140551149049536 "GET /media/product_images/133941915096699689.jpg HTTP/1.1" 404 4158
INFO 2025-08-16 10:54:10,705 basehttp 7 140551149049536 "GET /static/favicon.ico HTTP/1.1" 200 155
WARNING 2025-08-16 10:54:10,773 log 7 140551149049536 Not Found: /sw.js
WARNING 2025-08-16 10:54:10,774 basehttp 7 140551149049536 "GET /sw.js HTTP/1.1" 404 3834
INFO 2025-08-16 10:54:12,293 basehttp 7 140551158490816 "GET /health/ HTTP/1.1" 200 2
INFO 2025-08-16 10:54:29,135 basehttp 7 140551149049536 "GET /accounts/register/ HTTP/1.1" 200 18180
WARNING 2025-08-16 10:54:29,198 log 7 140551149049536 Not Found: /.well-known/appspecific/com.chrome.devtools.json
WARNING 2025-08-16 10:54:29,199 basehttp 7 140551140656832 "GET /static/images/category-electronics.png HTTP/1.1" 404 1907
WARNING 2025-08-16 10:54:29,200 basehttp 7 140551149049536 "GET /.well-known/appspecific/com.chrome.devtools.json HTTP/1.1" 404 3963
WARNING 2025-08-16 10:54:29,213 basehttp 7 140551149049536 "GET /static/images/category-clothing.png HTTP/1.1" 404 1898
WARNING 2025-08-16 10:54:29,255 basehttp 7 140551158490816 "GET /static/images/category-sports.png HTTP/1.1" 404 1892
WARNING 2025-08-16 10:54:29,256 basehttp 7 140551149049536 "GET /static/images/category-fashion.png HTTP/1.1" 404 1895
WARNING 2025-08-16 10:54:29,258 basehttp 7 140551167932096 "GET /static/images/products/macbook-air-m2.jpg HTTP/1.1" 404 1916
WARNING 2025-08-16 10:54:29,264 basehttp 7 140550917318336 "GET /static/images/category-books.png HTTP/1.1" 404 1889
WARNING 2025-08-16 10:54:29,274 basehttp 7 140551140656832 "GET /static/images/category-home.png HTTP/1.1" 404 1886
WARNING 2025-08-16 10:54:29,277 basehttp 7 140550908925632 "GET /static/images/products/dell-xps-13.jpg HTTP/1.1" 404 1907
WARNING 2025-08-16 10:54:29,277 basehttp 7 140550925711040 "GET /static/images/products/adidas-ultraboost-22.jpg HTTP/1.1" 404 1934
WARNING 2025-08-16 10:54:29,284 basehttp 7 140550900532928 "GET /static/images/products/nike-air-max-270.jpg HTTP/1.1" 404 1922
INFO 2025-08-16 10:54:42,365 basehttp 7 140550900532928 "GET /health/ HTTP/1.1" 200 2
INFO 2025-08-16 10:54:57,325 basehttp 7 140550900532928 "GET /accounts/login/ HTTP/1.1" 200 18173
WARNING 2025-08-16 10:54:57,361 basehttp 7 140550900532928 "GET /static/images/category-electronics.png HTTP/1.1" 404 1907
WARNING 2025-08-16 10:54:57,375 basehttp 7 140550925711040 "GET /static/images/category-sports.png HTTP/1.1" 404 1892
WARNING 2025-08-16 10:54:57,395 basehttp 7 140550900532928 "GET /static/images/category-fashion.png HTTP/1.1" 404 1895
WARNING 2025-08-16 10:54:57,402 basehttp 7 140550908925632 "GET /static/images/category-books.png HTTP/1.1" 404 1889
WARNING 2025-08-16 10:54:57,415 basehttp 7 140551167932096 "GET /static/images/products/macbook-air-m2.jpg HTTP/1.1" 404 1916
WARNING 2025-08-16 10:54:57,417 basehttp 7 140551140656832 "GET /static/images/category-clothing.png HTTP/1.1" 404 1898
WARNING 2025-08-16 10:54:57,422 basehttp 7 140550925711040 "GET /static/images/category-home.png HTTP/1.1" 404 1886
WARNING 2025-08-16 10:54:57,434 basehttp 7 140551149049536 "GET /static/images/products/nike-air-max-270.jpg HTTP/1.1" 404 1922
WARNING 2025-08-16 10:54:57,436 basehttp 7 140551158490816 "GET /static/images/products/adidas-ultraboost-22.jpg HTTP/1.1" 404 1934
WARNING 2025-08-16 10:54:57,436 basehttp 7 140550900532928 "GET /static/images/products/dell-xps-13.jpg HTTP/1.1" 404 1907
INFO 2025-08-16 10:55:12,411 basehttp 7 140550900532928 "GET /health/ HTTP/1.1" 200 2
INFO 2025-08-16 10:55:21,817 basehttp 7 140550900532928 "GET /products/product/2/ HTTP/1.1" 302 0
INFO 2025-08-16 10:55:21,845 basehttp 7 140550900532928 "GET /products/ HTTP/1.1" 200 91706
WARNING 2025-08-16 10:55:21,887 basehttp 7 140550900532928 "GET /static/images/category-clothing.png HTTP/1.1" 404 1898
WARNING 2025-08-16 10:55:21,906 basehttp 7 140551158490816 "GET /static/images/category-home.png HTTP/1.1" 404 1886
WARNING 2025-08-16 10:55:21,911 basehttp 7 140551149049536 "GET /static/images/category-fashion.png HTTP/1.1" 404 1895
WARNING 2025-08-16 10:55:21,911 basehttp 7 140550900532928 "GET /static/images/category-electronics.png HTTP/1.1" 404 1907
WARNING 2025-08-16 10:55:21,936 basehttp 7 140551167932096 "GET /static/images/category-books.png HTTP/1.1" 404 1889
WARNING 2025-08-16 10:55:21,941 basehttp 7 140551158490816 "GET /static/images/products/macbook-air-m2.jpg HTTP/1.1" 404 1916
WARNING 2025-08-16 10:55:21,942 basehttp 7 140550925711040 "GET /static/images/category-sports.png HTTP/1.1" 404 1892
WARNING 2025-08-16 10:55:21,968 basehttp 7 140551140656832 "GET /static/images/products/dell-xps-13.jpg HTTP/1.1" 404 1907
WARNING 2025-08-16 10:55:21,969 basehttp 7 140551149049536 "GET /static/images/products/adidas-ultraboost-22.jpg HTTP/1.1" 404 1934
WARNING 2025-08-16 10:55:21,976 basehttp 7 140551167932096 "GET /static/images/products/nike-air-max-270.jpg HTTP/1.1" 404 1922
WARNING 2025-08-16 10:55:21,990 log 7 140550900532928 Not Found: /media/product_images/133941915096699689.jpg
WARNING 2025-08-16 10:55:21,991 basehttp 7 140550900532928 "GET /media/product_images/133941915096699689.jpg HTTP/1.1" 404 4158
WARNING 2025-08-16 10:55:22,069 log 7 140550900532928 Not Found: /sw.js
WARNING 2025-08-16 10:55:22,070 basehttp 7 140550900532928 "GET /sw.js HTTP/1.1" 404 3834
INFO 2025-08-16 10:55:25,978 basehttp 7 140550900532928 "GET /products/ HTTP/1.1" 200 91706
WARNING 2025-08-16 10:55:26,017 basehttp 7 140550900532928 "GET /static/images/category-electronics.png HTTP/1.1" 404 1907
WARNING 2025-08-16 10:55:26,019 basehttp 7 140551167932096 "GET /static/images/category-clothing.png HTTP/1.1" 404 1898
WARNING 2025-08-16 10:55:26,038 basehttp 7 140551158490816 "GET /static/images/category-fashion.png HTTP/1.1" 404 1895
WARNING 2025-08-16 10:55:26,039 basehttp 7 140551140656832 "GET /static/images/category-sports.png HTTP/1.1" 404 1892
WARNING 2025-08-16 10:55:26,049 basehttp 7 140551149049536 "GET /static/images/category-home.png HTTP/1.1" 404 1886
WARNING 2025-08-16 10:55:26,050 basehttp 7 140551158490816 "GET /static/images/products/adidas-ultraboost-22.jpg HTTP/1.1" 404 1934
WARNING 2025-08-16 10:55:26,056 basehttp 7 140551167932096 "GET /static/images/category-books.png HTTP/1.1" 404 1889
WARNING 2025-08-16 10:55:26,073 basehttp 7 140550925711040 "GET /static/images/products/nike-air-max-270.jpg HTTP/1.1" 404 1922
WARNING 2025-08-16 10:55:26,074 basehttp 7 140550900532928 "GET /static/images/products/macbook-air-m2.jpg HTTP/1.1" 404 1916
WARNING 2025-08-16 10:55:26,080 basehttp 7 140551140656832 "GET /static/images/products/dell-xps-13.jpg HTTP/1.1" 404 1907
WARNING 2025-08-16 10:55:26,094 log 7 140551167932096 Not Found: /media/product_images/133941915096699689.jpg
WARNING 2025-08-16 10:55:26,096 basehttp 7 140551167932096 "GET /media/product_images/133941915096699689.jpg HTTP/1.1" 404 4158
WARNING 2025-08-16 10:55:26,123 log 7 140551167932096 Not Found: /sw.js
WARNING 2025-08-16 10:55:26,125 basehttp 7 140551167932096 "GET /sw.js HTTP/1.1" 404 3834
WARNING 2025-08-16 10:55:37,040 basehttp 7 140551167932096 "GET /static/images/category-electronics.png HTTP/1.1" 404 1907
WARNING 2025-08-16 10:55:37,044 basehttp 7 140551140656832 "GET /static/images/category-clothing.png HTTP/1.1" 404 1898
WARNING 2025-08-16 10:55:37,056 basehttp 7 140550925711040 "GET /static/images/category-sports.png HTTP/1.1" 404 1892
WARNING 2025-08-16 10:55:37,061 basehttp 7 140550900532928 "GET /static/images/category-home.png HTTP/1.1" 404 1886
WARNING 2025-08-16 10:55:37,086 basehttp 7 140551167932096 "GET /static/images/category-books.png HTTP/1.1" 404 1889
WARNING 2025-08-16 10:55:37,094 basehttp 7 140551140656832 "GET /static/images/products/macbook-air-m2.jpg HTTP/1.1" 404 1916
WARNING 2025-08-16 10:55:37,096 basehttp 7 140551158490816 "GET /static/images/products/adidas-ultraboost-22.jpg HTTP/1.1" 404 1934
WARNING 2025-08-16 10:55:37,097 basehttp 7 140551149049536 "GET /static/images/category-fashion.png HTTP/1.1" 404 1895
WARNING 2025-08-16 10:55:37,125 basehttp 7 140550900532928 "GET /static/images/products/dell-xps-13.jpg HTTP/1.1" 404 1907
WARNING 2025-08-16 10:55:37,132 basehttp 7 140551167932096 "GET /static/images/products/nike-air-max-270.jpg HTTP/1.1" 404 1922
WARNING 2025-08-16 10:55:37,132 basehttp 7 140550925711040 "GET /static/default-category.png HTTP/1.1" 404 1874
WARNING 2025-08-16 10:55:37,144 log 7 140551140656832 Not Found: /media/banners/133886706141016313.jpg
WARNING 2025-08-16 10:55:37,146 basehttp 7 140551140656832 "GET /media/banners/133886706141016313.jpg HTTP/1.1" 404 4130
WARNING 2025-08-16 10:55:37,176 log 7 140551140656832 Not Found: /sw.js
WARNING 2025-08-16 10:55:37,177 basehttp 7 140551140656832 "GET /sw.js HTTP/1.1" 404 3834
INFO 2025-08-16 10:55:42,453 basehttp 7 140550925711040 "GET /health/ HTTP/1.1" 200 2
INFO 2025-08-16 10:56:12,528 basehttp 7 140550925711040 "GET /health/ HTTP/1.1" 200 2
INFO 2025-08-16 10:56:42,601 basehttp 7 140550925711040 "GET /health/ HTTP/1.1" 200 2
INFO 2025-08-16 10:57:12,663 basehttp 7 140550925711040 "GET /health/ HTTP/1.1" 200 2
INFO 2025-08-16 10:57:42,729 basehttp 7 140550925711040 "GET /health/ HTTP/1.1" 200 2
WARNING 2025-08-16 10:57:55,755 log 7 140551140656832 Not Found: /.well-known/appspecific/com.chrome.devtools.json
WARNING 2025-08-16 10:57:55,757 basehttp 7 140551140656832 "GET /.well-known/appspecific/com.chrome.devtools.json HTTP/1.1" 404 3963
INFO 2025-08-16 10:58:12,799 basehttp 7 140550925711040 "GET /health/ HTTP/1.1" 200 2
INFO 2025-08-16 10:58:42,849 basehttp 7 140550925711040 "GET /health/ HTTP/1.1" 200 2
INFO 2025-08-16 10:59:12,922 basehttp 7 140550925711040 "GET /health/ HTTP/1.1" 200 2
INFO 2025-08-16 10:59:26,388 basehttp 7 140551140656832 "GET /accounts/login/ HTTP/1.1" 200 18173
WARNING 2025-08-16 10:59:26,429 basehttp 7 140551140656832 "GET /static/images/category-electronics.png HTTP/1.1" 404 1907
WARNING 2025-08-16 10:59:26,446 basehttp 7 140550925711040 "GET /static/images/category-clothing.png HTTP/1.1" 404 1898
WARNING 2025-08-16 10:59:26,462 basehttp 7 140551140656832 "GET /static/images/category-fashion.png HTTP/1.1" 404 1895
WARNING 2025-08-16 10:59:26,466 basehttp 7 140551167932096 "GET /static/images/category-home.png HTTP/1.1" 404 1886
WARNING 2025-08-16 10:59:26,467 basehttp 7 140550900532928 "GET /static/images/category-sports.png HTTP/1.1" 404 1892
WARNING 2025-08-16 10:59:26,486 basehttp 7 140551158490816 "GET /static/images/products/adidas-ultraboost-22.jpg HTTP/1.1" 404 1934
WARNING 2025-08-16 10:59:26,487 basehttp 7 140551149049536 "GET /static/images/category-books.png HTTP/1.1" 404 1889
WARNING 2025-08-16 10:59:26,488 basehttp 7 140550925711040 "GET /static/images/products/macbook-air-m2.jpg HTTP/1.1" 404 1916
WARNING 2025-08-16 10:59:26,498 basehttp 7 140550917318336 "GET /static/images/products/dell-xps-13.jpg HTTP/1.1" 404 1907
WARNING 2025-08-16 10:59:26,498 basehttp 7 140551167932096 "GET /static/images/products/nike-air-max-270.jpg HTTP/1.1" 404 1922
INFO 2025-08-16 10:59:30,686 basehttp 7 140551167932096 "GET /cart/ HTTP/1.1" 302 0
INFO 2025-08-16 10:59:30,709 basehttp 7 140551167932096 "GET /accounts/login/?next=/cart/ HTTP/1.1" 200 18197
WARNING 2025-08-16 10:59:30,747 basehttp 7 140551167932096 "GET /static/images/category-electronics.png HTTP/1.1" 404 1907
WARNING 2025-08-16 10:59:30,767 basehttp 7 140550917318336 "GET /static/images/category-clothing.png HTTP/1.1" 404 1898
WARNING 2025-08-16 10:59:30,769 basehttp 7 140551167932096 "GET /static/images/category-home.png HTTP/1.1" 404 1886
WARNING 2025-08-16 10:59:30,777 basehttp 7 140550925711040 "GET /static/images/category-sports.png HTTP/1.1" 404 1892
WARNING 2025-08-16 10:59:30,790 basehttp 7 140550917318336 "GET /static/images/category-books.png HTTP/1.1" 404 1889
WARNING 2025-08-16 10:59:30,791 basehttp 7 140551149049536 "GET /static/images/category-fashion.png HTTP/1.1" 404 1895
WARNING 2025-08-16 10:59:30,799 basehttp 7 140550925711040 "GET /static/images/products/macbook-air-m2.jpg HTTP/1.1" 404 1916
WARNING 2025-08-16 10:59:30,812 basehttp 7 140551167932096 "GET /static/images/products/adidas-ultraboost-22.jpg HTTP/1.1" 404 1934
WARNING 2025-08-16 10:59:30,813 basehttp 7 140550917318336 "GET /static/images/products/nike-air-max-270.jpg HTTP/1.1" 404 1922
WARNING 2025-08-16 10:59:30,814 basehttp 7 140551158490816 "GET /static/images/products/dell-xps-13.jpg HTTP/1.1" 404 1907
WARNING 2025-08-16 10:59:35,532 basehttp 7 140551158490816 "GET /static/images/category-electronics.png HTTP/1.1" 404 1907
WARNING 2025-08-16 10:59:35,542 basehttp 7 140550917318336 "GET /static/images/category-home.png HTTP/1.1" 404 1886
WARNING 2025-08-16 10:59:35,551 basehttp 7 140551158490816 "GET /static/images/category-clothing.png HTTP/1.1" 404 1898
WARNING 2025-08-16 10:59:35,568 basehttp 7 140551167932096 "GET /static/images/category-sports.png HTTP/1.1" 404 1892
WARNING 2025-08-16 10:59:35,575 basehttp 7 140550917318336 "GET /static/images/category-fashion.png HTTP/1.1" 404 1895
WARNING 2025-08-16 10:59:35,586 basehttp 7 140551158490816 "GET /static/images/category-books.png HTTP/1.1" 404 1889
WARNING 2025-08-16 10:59:35,593 basehttp 7 140551149049536 "GET /static/images/products/adidas-ultraboost-22.jpg HTTP/1.1" 404 1934
WARNING 2025-08-16 10:59:35,594 basehttp 7 140550925711040 "GET /static/images/products/macbook-air-m2.jpg HTTP/1.1" 404 1916
WARNING 2025-08-16 10:59:35,596 basehttp 7 140551140656832 "GET /static/images/products/dell-xps-13.jpg HTTP/1.1" 404 1907
WARNING 2025-08-16 10:59:35,606 basehttp 7 140550908925632 "GET /static/images/products/nike-air-max-270.jpg HTTP/1.1" 404 1922
WARNING 2025-08-16 10:59:35,620 basehttp 7 140551149049536 "GET /static/default-category.png HTTP/1.1" 404 1874
WARNING 2025-08-16 10:59:35,635 log 7 140551158490816 Not Found: /media/banners/133886706141016313.jpg
WARNING 2025-08-16 10:59:35,636 basehttp 7 140551158490816 "GET /media/banners/133886706141016313.jpg HTTP/1.1" 404 4130
WARNING 2025-08-16 10:59:35,679 log 7 140551158490816 Not Found: /sw.js
WARNING 2025-08-16 10:59:35,680 basehttp 7 140551158490816 "GET /sw.js HTTP/1.1" 404 3834
INFO 2025-08-16 10:59:42,995 basehttp 7 140551149049536 "GET /health/ HTTP/1.1" 200 2
INFO 2025-08-16 11:00:13,054 basehttp 7 140551149049536 "GET /health/ HTTP/1.1" 200 2
INFO 2025-08-16 11:00:43,106 basehttp 7 140551149049536 "GET /health/ HTTP/1.1" 200 2
INFO 2025-08-16 11:01:13,152 basehttp 7 140551149049536 "GET /health/ HTTP/1.1" 200 2
INFO 2025-08-16 11:01:43,224 basehttp 7 140551149049536 "GET /health/ HTTP/1.1" 200 2
INFO 2025-08-16 11:02:03,028 autoreload 7 140187836464000 Watching for file changes with StatReloader
INFO 2025-08-16 11:02:05,880 basehttp 7 140187755607744 "GET /health/ HTTP/1.1" 200 2
INFO 2025-08-16 11:02:06,009 basehttp 7 140187755607744 "GET / HTTP/1.1" 200 82898
WARNING 2025-08-16 11:02:06,042 basehttp 7 140187755607744 "GET /static/images/category-electronics.png HTTP/1.1" 404 1907
WARNING 2025-08-16 11:02:06,053 basehttp 7 140187747215040 "GET /static/images/category-sports.png HTTP/1.1" 404 1892
WARNING 2025-08-16 11:02:06,073 basehttp 7 140187522819776 "GET /static/images/category-fashion.png HTTP/1.1" 404 1895
WARNING 2025-08-16 11:02:06,093 basehttp 7 140187755607744 "GET /static/images/category-home.png HTTP/1.1" 404 1886
WARNING 2025-08-16 11:02:06,095 basehttp 7 140187747215040 "GET /static/images/products/macbook-air-m2.jpg HTTP/1.1" 404 1916
WARNING 2025-08-16 11:02:06,112 basehttp 7 140187522819776 "GET /static/images/products/dell-xps-13.jpg HTTP/1.1" 404 1907
WARNING 2025-08-16 11:02:06,116 basehttp 7 140187514427072 "GET /static/images/category-books.png HTTP/1.1" 404 1889
WARNING 2025-08-16 11:02:06,117 basehttp 7 140187531212480 "GET /static/images/category-clothing.png HTTP/1.1" 404 1898
WARNING 2025-08-16 11:02:06,119 basehttp 7 140187506034368 "GET /static/images/products/adidas-ultraboost-22.jpg HTTP/1.1" 404 1934
WARNING 2025-08-16 11:02:06,152 basehttp 7 140187747215040 "GET /static/images/products/nike-air-max-270.jpg HTTP/1.1" 404 1922
WARNING 2025-08-16 11:02:06,154 basehttp 7 140187514427072 "GET /static/default-category.png HTTP/1.1" 404 1874
WARNING 2025-08-16 11:02:06,171 log 7 140187522819776 Not Found: /media/banners/133886706141016313.jpg
WARNING 2025-08-16 11:02:06,174 basehttp 7 140187522819776 "GET /media/banners/133886706141016313.jpg HTTP/1.1" 404 4130
WARNING 2025-08-16 11:02:06,209 log 7 140187522819776 Not Found: /sw.js
WARNING 2025-08-16 11:02:06,211 basehttp 7 140187522819776 "GET /sw.js HTTP/1.1" 404 3834
INFO 2025-08-16 11:02:35,943 basehttp 7 140187514427072 "GET /health/ HTTP/1.1" 200 2
INFO 2025-08-16 11:03:06,001 basehttp 7 140187514427072 "GET /health/ HTTP/1.1" 200 2
INFO 2025-08-16 11:03:28,590 autoreload 7 140682399894400 Watching for file changes with StatReloader
INFO 2025-08-16 11:03:31,653 basehttp 7 140682251466432 "GET /health/ HTTP/1.1" 200 2
INFO 2025-08-16 11:03:32,312 basehttp 7 140682251466432 "GET / HTTP/1.1" 200 82898
WARNING 2025-08-16 11:03:32,344 basehttp 7 140682251466432 "GET /static/images/category-clothing.png HTTP/1.1" 404 1898
WARNING 2025-08-16 11:03:32,363 basehttp 7 140682243073728 "GET /static/images/category-electronics.png HTTP/1.1" 404 1907
WARNING 2025-08-16 11:03:32,376 basehttp 7 140682225239744 "GET /static/images/category-fashion.png HTTP/1.1" 404 1895
WARNING 2025-08-16 11:03:32,382 basehttp 7 140682233632448 "GET /static/images/category-sports.png HTTP/1.1" 404 1892
WARNING 2025-08-16 11:03:32,389 basehttp 7 140682251466432 "GET /static/images/category-home.png HTTP/1.1" 404 1886
WARNING 2025-08-16 11:03:32,391 basehttp 7 140682216847040 "GET /static/images/category-books.png HTTP/1.1" 404 1889
WARNING 2025-08-16 11:03:32,392 basehttp 7 140682208454336 "GET /static/images/products/macbook-air-m2.jpg HTTP/1.1" 404 1916
WARNING 2025-08-16 11:03:32,403 basehttp 7 140682225239744 "GET /static/images/products/adidas-ultraboost-22.jpg HTTP/1.1" 404 1934
WARNING 2025-08-16 11:03:32,430 basehttp 7 140682233632448 "GET /static/images/products/nike-air-max-270.jpg HTTP/1.1" 404 1922
WARNING 2025-08-16 11:03:32,431 basehttp 7 140682251466432 "GET /static/images/products/dell-xps-13.jpg HTTP/1.1" 404 1907
WARNING 2025-08-16 11:03:32,439 basehttp 7 140682208454336 "GET /static/default-category.png HTTP/1.1" 404 1874
WARNING 2025-08-16 11:03:32,450 log 7 140682216847040 Not Found: /media/banners/133886706141016313.jpg
WARNING 2025-08-16 11:03:32,451 basehttp 7 140682216847040 "GET /media/banners/133886706141016313.jpg HTTP/1.1" 404 4130
WARNING 2025-08-16 11:03:32,487 log 7 140682216847040 Not Found: /sw.js
WARNING 2025-08-16 11:03:32,488 basehttp 7 140682216847040 "GET /sw.js HTTP/1.1" 404 3834
WARNING 2025-08-16 11:03:40,574 log 7 140682216847040 Not Found: /.well-known/appspecific/com.chrome.devtools.json
WARNING 2025-08-16 11:03:40,575 basehttp 7 140682216847040 "GET /.well-known/appspecific/com.chrome.devtools.json HTTP/1.1" 404 3963
INFO 2025-08-16 11:04:01,718 basehttp 7 140682208454336 "GET /health/ HTTP/1.1" 200 2
INFO 2025-08-16 11:04:08,660 basehttp 7 140682216847040 "GET /accounts/register/ HTTP/1.1" 200 18180
WARNING 2025-08-16 11:04:08,725 log 7 140682216847040 Not Found: /.well-known/appspecific/com.chrome.devtools.json
WARNING 2025-08-16 11:04:08,726 basehttp 7 140682208454336 "GET /static/images/category-electronics.png HTTP/1.1" 404 1907
WARNING 2025-08-16 11:04:08,729 basehttp 7 140682216847040 "GET /.well-known/appspecific/com.chrome.devtools.json HTTP/1.1" 404 3963
WARNING 2025-08-16 11:04:08,752 basehttp 7 140682251466432 "GET /static/images/category-clothing.png HTTP/1.1" 404 1898
WARNING 2025-08-16 11:04:08,761 basehttp 7 140682233632448 "GET /static/images/category-home.png HTTP/1.1" 404 1886
WARNING 2025-08-16 11:04:08,764 basehttp 7 140682208454336 "GET /static/images/category-sports.png HTTP/1.1" 404 1892
WARNING 2025-08-16 11:04:08,764 basehttp 7 140682225239744 "GET /static/images/category-fashion.png HTTP/1.1" 404 1895
WARNING 2025-08-16 11:04:08,781 basehttp 7 140682251466432 "GET /static/images/products/adidas-ultraboost-22.jpg HTTP/1.1" 404 1934
WARNING 2025-08-16 11:04:08,796 basehttp 7 140681855104704 "GET /static/images/products/dell-xps-13.jpg HTTP/1.1" 404 1907
WARNING 2025-08-16 11:04:08,798 basehttp 7 140682200061632 "GET /static/images/category-books.png HTTP/1.1" 404 1889
WARNING 2025-08-16 11:04:08,805 basehttp 7 140682233632448 "GET /static/images/products/nike-air-max-270.jpg HTTP/1.1" 404 1922
WARNING 2025-08-16 11:04:08,805 basehttp 7 140682216847040 "GET /static/images/products/macbook-air-m2.jpg HTTP/1.1" 404 1916
INFO 2025-08-16 11:04:31,788 basehttp 7 140682216847040 "GET /health/ HTTP/1.1" 200 2
INFO 2025-08-16 11:04:36,487 basehttp 7 140682216847040 "GET /static/favicon.ico HTTP/1.1" 200 155
WARNING 2025-08-16 11:04:36,516 log 7 140682216847040 Not Found: /.well-known/appspecific/com.chrome.devtools.json
WARNING 2025-08-16 11:04:36,517 basehttp 7 140682216847040 "GET /.well-known/appspecific/com.chrome.devtools.json HTTP/1.1" 404 3963
WARNING 2025-08-16 11:04:36,600 log 7 140682216847040 Not Found: /.well-known/appspecific/com.chrome.devtools.json
WARNING 2025-08-16 11:04:36,601 basehttp 7 140682216847040 "GET /.well-known/appspecific/com.chrome.devtools.json HTTP/1.1" 404 3963
INFO 2025-08-16 11:04:38,782 basehttp 7 140682216847040 "GET / HTTP/1.1" 200 82898
WARNING 2025-08-16 11:04:38,887 basehttp 7 140681855104704 "GET /static/images/category-home.png HTTP/1.1" 404 1886
WARNING 2025-08-16 11:04:38,887 basehttp 7 140682233632448 "GET /static/images/category-electronics.png HTTP/1.1" 404 1907
WARNING 2025-08-16 11:04:38,898 basehttp 7 140682200061632 "GET /static/images/category-clothing.png HTTP/1.1" 404 1898
WARNING 2025-08-16 11:04:38,908 basehttp 7 140682251466432 "GET /static/images/category-sports.png HTTP/1.1" 404 1892
WARNING 2025-08-16 11:04:38,926 basehttp 7 140682225239744 "GET /static/images/category-fashion.png HTTP/1.1" 404 1895
WARNING 2025-08-16 11:04:38,944 basehttp 7 140682208454336 "GET /static/images/category-books.png HTTP/1.1" 404 1889
WARNING 2025-08-16 11:04:38,951 basehttp 7 140682200061632 "GET /static/images/products/dell-xps-13.jpg HTTP/1.1" 404 1907
WARNING 2025-08-16 11:04:38,954 basehttp 7 140681855104704 "GET /static/images/products/macbook-air-m2.jpg HTTP/1.1" 404 1916
WARNING 2025-08-16 11:04:38,955 basehttp 7 140682225239744 "GET /static/images/products/nike-air-max-270.jpg HTTP/1.1" 404 1922
WARNING 2025-08-16 11:04:38,955 basehttp 7 140681846712000 "GET /static/images/products/adidas-ultraboost-22.jpg HTTP/1.1" 404 1934
INFO 2025-08-16 11:04:38,963 basehttp 7 140682200061632 "GET /static/js/riya-group-enhanced.js HTTP/1.1" 200 20663
WARNING 2025-08-16 11:04:38,968 log 7 140682216847040 Not Found: /.well-known/appspecific/com.chrome.devtools.json
WARNING 2025-08-16 11:04:38,983 basehttp 7 140682216847040 "GET /.well-known/appspecific/com.chrome.devtools.json HTTP/1.1" 404 3963
WARNING 2025-08-16 11:04:38,985 basehttp 7 140682225239744 "GET /static/default-category.png HTTP/1.1" 404 1874
WARNING 2025-08-16 11:04:38,996 log 7 140681846712000 Not Found: /media/banners/133886706141016313.jpg
WARNING 2025-08-16 11:04:38,997 basehttp 7 140681846712000 "GET /media/banners/133886706141016313.jpg HTTP/1.1" 404 4130
WARNING 2025-08-16 11:04:39,192 log 7 140681846712000 Not Found: /sw.js
WARNING 2025-08-16 11:04:39,193 basehttp 7 140681846712000 "GET /sw.js HTTP/1.1" 404 3834
INFO 2025-08-16 11:04:39,211 basehttp 7 140681846712000 "GET /static/favicon.ico HTTP/1.1" 200 155
INFO 2025-08-16 11:04:43,417 basehttp 7 140681846712000 "GET /accounts/register/ HTTP/1.1" 200 18180
WARNING 2025-08-16 11:04:43,499 basehttp 7 140682216847040 "GET /static/images/category-electronics.png HTTP/1.1" 404 1907
WARNING 2025-08-16 11:04:43,532 basehttp 7 140682200061632 "GET /static/images/category-clothing.png HTTP/1.1" 404 1898
WARNING 2025-08-16 11:04:43,538 basehttp 7 140682208454336 "GET /static/images/category-fashion.png HTTP/1.1" 404 1895
WARNING 2025-08-16 11:04:43,548 basehttp 7 140682225239744 "GET /static/images/category-home.png HTTP/1.1" 404 1886
WARNING 2025-08-16 11:04:43,549 basehttp 7 140682216847040 "GET /static/images/category-books.png HTTP/1.1" 404 1889
WARNING 2025-08-16 11:04:43,552 basehttp 7 140681855104704 "GET /static/images/category-sports.png HTTP/1.1" 404 1892
WARNING 2025-08-16 11:04:43,552 basehttp 7 140682251466432 "GET /static/images/products/macbook-air-m2.jpg HTTP/1.1" 404 1916
WARNING 2025-08-16 11:04:43,578 basehttp 7 140682208454336 "GET /static/images/products/adidas-ultraboost-22.jpg HTTP/1.1" 404 1934
WARNING 2025-08-16 11:04:43,578 basehttp 7 140682216847040 "GET /static/images/products/nike-air-max-270.jpg HTTP/1.1" 404 1922
WARNING 2025-08-16 11:04:43,578 basehttp 7 140682200061632 "GET /static/images/products/dell-xps-13.jpg HTTP/1.1" 404 1907
WARNING 2025-08-16 11:04:43,585 log 7 140681846712000 Not Found: /.well-known/appspecific/com.chrome.devtools.json
WARNING 2025-08-16 11:04:43,586 basehttp 7 140681846712000 "GET /.well-known/appspecific/com.chrome.devtools.json HTTP/1.1" 404 3963
INFO 2025-08-16 11:04:50,611 basehttp 7 140681846712000 "GET /accounts/register/ HTTP/1.1" 200 18180
WARNING 2025-08-16 11:04:50,659 basehttp 7 140682200061632 "GET /static/images/category-electronics.png HTTP/1.1" 404 1907
WARNING 2025-08-16 11:04:50,676 basehttp 7 140682216847040 "GET /static/images/category-clothing.png HTTP/1.1" 404 1898
WARNING 2025-08-16 11:04:50,685 basehttp 7 140682251466432 "GET /static/images/category-home.png HTTP/1.1" 404 1886
WARNING 2025-08-16 11:04:50,693 basehttp 7 140682208454336 "GET /static/images/category-sports.png HTTP/1.1" 404 1892
WARNING 2025-08-16 11:04:50,713 basehttp 7 140682200061632 "GET /static/images/category-fashion.png HTTP/1.1" 404 1895
WARNING 2025-08-16 11:04:50,719 basehttp 7 140682251466432 "GET /static/images/category-books.png HTTP/1.1" 404 1889
WARNING 2025-08-16 11:04:50,724 basehttp 7 140682208454336 "GET /static/images/products/adidas-ultraboost-22.jpg HTTP/1.1" 404 1934
WARNING 2025-08-16 11:04:50,735 basehttp 7 140682216847040 "GET /static/images/products/macbook-air-m2.jpg HTTP/1.1" 404 1916
WARNING 2025-08-16 11:04:50,738 basehttp 7 140682233632448 "GET /static/images/products/dell-xps-13.jpg HTTP/1.1" 404 1907
WARNING 2025-08-16 11:04:50,746 log 7 140681846712000 Not Found: /.well-known/appspecific/com.chrome.devtools.json
WARNING 2025-08-16 11:04:50,748 basehttp 7 140681846712000 "GET /.well-known/appspecific/com.chrome.devtools.json HTTP/1.1" 404 3963
WARNING 2025-08-16 11:04:50,748 basehttp 7 140682251466432 "GET /static/images/products/nike-air-max-270.jpg HTTP/1.1" 404 1922
INFO 2025-08-16 11:04:52,352 basehttp 7 140681846712000 "GET /static/favicon.ico HTTP/1.1" 200 155
WARNING 2025-08-16 11:04:52,408 log 7 140681846712000 Not Found: /.well-known/appspecific/com.chrome.devtools.json
WARNING 2025-08-16 11:04:52,409 basehttp 7 140681846712000 "GET /.well-known/appspecific/com.chrome.devtools.json HTTP/1.1" 404 3963
WARNING 2025-08-16 11:04:52,452 log 7 140681846712000 Not Found: /.well-known/appspecific/com.chrome.devtools.json
WARNING 2025-08-16 11:04:52,453 basehttp 7 140681846712000 "GET /.well-known/appspecific/com.chrome.devtools.json HTTP/1.1" 404 3963
INFO 2025-08-16 11:04:56,992 basehttp 7 140681846712000 "GET / HTTP/1.1" 200 82898
WARNING 2025-08-16 11:04:57,068 log 7 140681846712000 Not Found: /.well-known/appspecific/com.chrome.devtools.json
WARNING 2025-08-16 11:04:57,087 basehttp 7 140682251466432 "GET /static/images/category-electronics.png HTTP/1.1" 404 1907
WARNING 2025-08-16 11:04:57,088 basehttp 7 140682233632448 "GET /static/images/category-clothing.png HTTP/1.1" 404 1898
WARNING 2025-08-16 11:04:57,093 basehttp 7 140681846712000 "GET /.well-known/appspecific/com.chrome.devtools.json HTTP/1.1" 404 3963
WARNING 2025-08-16 11:04:57,094 basehttp 7 140682216847040 "GET /static/images/category-home.png HTTP/1.1" 404 1886
WARNING 2025-08-16 11:04:57,101 basehttp 7 140682225239744 "GET /static/images/category-fashion.png HTTP/1.1" 404 1895
WARNING 2025-08-16 11:04:57,103 basehttp 7 140682208454336 "GET /static/images/category-sports.png HTTP/1.1" 404 1892
WARNING 2025-08-16 11:04:57,110 basehttp 7 140682251466432 "GET /static/images/products/macbook-air-m2.jpg HTTP/1.1" 404 1916
WARNING 2025-08-16 11:04:57,128 basehttp 7 140682233632448 "GET /static/images/products/adidas-ultraboost-22.jpg HTTP/1.1" 404 1934
WARNING 2025-08-16 11:04:57,136 basehttp 7 140681846712000 "GET /static/images/category-books.png HTTP/1.1" 404 1889
WARNING 2025-08-16 11:04:57,138 basehttp 7 140682208454336 "GET /static/images/products/dell-xps-13.jpg HTTP/1.1" 404 1907
WARNING 2025-08-16 11:04:57,145 basehttp 7 140682251466432 "GET /static/images/products/nike-air-max-270.jpg HTTP/1.1" 404 1922
WARNING 2025-08-16 11:04:57,161 basehttp 7 140682225239744 "GET /static/default-category.png HTTP/1.1" 404 1874
INFO 2025-08-16 11:04:57,164 basehttp 7 140682233632448 "GET /static/js/riya-group-enhanced.js HTTP/1.1" 200 20663
WARNING 2025-08-16 11:04:57,179 log 7 140681846712000 Not Found: /media/banners/133886706141016313.jpg
WARNING 2025-08-16 11:04:57,180 basehttp 7 140681846712000 "GET /media/banners/133886706141016313.jpg HTTP/1.1" 404 4130
WARNING 2025-08-16 11:04:57,373 log 7 140681846712000 Not Found: /sw.js
WARNING 2025-08-16 11:04:57,374 basehttp 7 140681846712000 "GET /sw.js HTTP/1.1" 404 3834
INFO 2025-08-16 11:04:57,391 basehttp 7 140681846712000 "GET /static/favicon.ico HTTP/1.1" 200 155
INFO 2025-08-16 11:05:01,839 basehttp 7 140682225239744 "GET /health/ HTTP/1.1" 200 2
INFO 2025-08-16 11:05:31,894 basehttp 7 140682225239744 "GET /health/ HTTP/1.1" 200 2
INFO 2025-08-16 11:06:01,943 basehttp 7 140682225239744 "GET /health/ HTTP/1.1" 200 2
INFO 2025-08-16 11:06:22,864 basehttp 7 140681846712000 "GET /accounts/register/ HTTP/1.1" 200 18180
WARNING 2025-08-16 11:06:22,926 log 7 140681846712000 Not Found: /.well-known/appspecific/com.chrome.devtools.json
WARNING 2025-08-16 11:06:22,927 basehttp 7 140681846712000 "GET /.well-known/appspecific/com.chrome.devtools.json HTTP/1.1" 404 3963
WARNING 2025-08-16 11:06:22,934 basehttp 7 140682233632448 "GET /static/images/category-electronics.png HTTP/1.1" 404 1907
WARNING 2025-08-16 11:06:22,945 basehttp 7 140681846712000 "GET /static/images/category-clothing.png HTTP/1.1" 404 1898
WARNING 2025-08-16 11:06:22,982 basehttp 7 140682233632448 "GET /static/images/category-home.png HTTP/1.1" 404 1886
WARNING 2025-08-16 11:06:22,994 basehttp 7 140682225239744 "GET /static/images/category-sports.png HTTP/1.1" 404 1892
WARNING 2025-08-16 11:06:22,997 basehttp 7 140681846712000 "GET /static/images/category-books.png HTTP/1.1" 404 1889
WARNING 2025-08-16 11:06:22,997 basehttp 7 140682208454336 "GET /static/images/products/macbook-air-m2.jpg HTTP/1.1" 404 1916
WARNING 2025-08-16 11:06:22,998 basehttp 7 140682216847040 "GET /static/images/products/adidas-ultraboost-22.jpg HTTP/1.1" 404 1934
WARNING 2025-08-16 11:06:23,005 basehttp 7 140682251466432 "GET /static/images/category-fashion.png HTTP/1.1" 404 1895
WARNING 2025-08-16 11:06:23,016 basehttp 7 140682200061632 "GET /static/images/products/dell-xps-13.jpg HTTP/1.1" 404 1907
WARNING 2025-08-16 11:06:23,017 basehttp 7 140681846712000 "GET /static/images/products/nike-air-max-270.jpg HTTP/1.1" 404 1922
INFO 2025-08-16 11:06:31,998 basehttp 7 140681846712000 "GET /health/ HTTP/1.1" 200 2
INFO 2025-08-16 11:07:02,062 basehttp 7 140681846712000 "GET /health/ HTTP/1.1" 200 2
INFO 2025-08-16 11:07:32,122 basehttp 7 140681846712000 "GET /health/ HTTP/1.1" 200 2
INFO 2025-08-16 11:08:02,176 basehttp 7 140681846712000 "GET /health/ HTTP/1.1" 200 2
INFO 2025-08-16 11:08:32,212 basehttp 7 140681846712000 "GET /health/ HTTP/1.1" 200 2
INFO 2025-08-16 11:09:02,261 basehttp 7 140681846712000 "GET /health/ HTTP/1.1" 200 2
INFO 2025-08-16 11:09:32,350 basehttp 7 140681846712000 "GET /health/ HTTP/1.1" 200 2
INFO 2025-08-16 11:10:02,414 basehttp 7 140681846712000 "GET /health/ HTTP/1.1" 200 2
INFO 2025-08-16 11:10:32,494 basehttp 7 140681846712000 "GET /health/ HTTP/1.1" 200 2
INFO 2025-08-16 11:11:02,545 basehttp 7 140681846712000 "GET /health/ HTTP/1.1" 200 2
INFO 2025-08-16 11:11:32,592 basehttp 7 140681846712000 "GET /health/ HTTP/1.1" 200 2
INFO 2025-08-16 11:12:02,653 basehttp 7 140681846712000 "GET /health/ HTTP/1.1" 200 2
INFO 2025-08-16 11:12:32,707 basehttp 7 140681846712000 "GET /health/ HTTP/1.1" 200 2
INFO 2025-08-16 11:13:02,764 basehttp 7 140681846712000 "GET /health/ HTTP/1.1" 200 2
INFO 2025-08-16 11:13:32,827 basehttp 7 140681846712000 "GET /health/ HTTP/1.1" 200 2
INFO 2025-08-16 11:14:02,884 basehttp 7 140681846712000 "GET /health/ HTTP/1.1" 200 2
INFO 2025-08-16 11:14:32,940 basehttp 7 140681846712000 "GET /health/ HTTP/1.1" 200 2
INFO 2025-08-16 11:15:03,002 basehttp 7 140681846712000 "GET /health/ HTTP/1.1" 200 2
INFO 2025-08-16 11:15:33,078 basehttp 7 140681846712000 "GET /health/ HTTP/1.1" 200 2
INFO 2025-08-16 11:16:03,116 basehttp 7 140681846712000 "GET /health/ HTTP/1.1" 200 2
INFO 2025-08-16 11:16:33,167 basehttp 7 140681846712000 "GET /health/ HTTP/1.1" 200 2
INFO 2025-08-16 11:17:03,223 basehttp 7 140681846712000 "GET /health/ HTTP/1.1" 200 2
INFO 2025-08-16 11:17:33,266 basehttp 7 140681846712000 "GET /health/ HTTP/1.1" 200 2
INFO 2025-08-16 11:18:03,306 basehttp 7 140681846712000 "GET /health/ HTTP/1.1" 200 2
INFO 2025-08-16 11:18:33,346 basehttp 7 140681846712000 "GET /health/ HTTP/1.1" 200 2
INFO 2025-08-16 11:19:03,401 basehttp 7 140681846712000 "GET /health/ HTTP/1.1" 200 2
INFO 2025-08-16 11:19:33,468 basehttp 7 140681846712000 "GET /health/ HTTP/1.1" 200 2
INFO 2025-08-16 11:20:03,514 basehttp 7 140681846712000 "GET /health/ HTTP/1.1" 200 2
INFO 2025-08-16 11:20:33,579 basehttp 7 140681846712000 "GET /health/ HTTP/1.1" 200 2
INFO 2025-08-16 11:21:03,640 basehttp 7 140681846712000 "GET /health/ HTTP/1.1" 200 2
INFO 2025-08-16 11:21:33,719 basehttp 7 140681846712000 "GET /health/ HTTP/1.1" 200 2
INFO 2025-08-16 11:22:03,769 basehttp 7 140681846712000 "GET /health/ HTTP/1.1" 200 2
INFO 2025-08-16 11:22:33,822 basehttp 7 140681846712000 "GET /health/ HTTP/1.1" 200 2
INFO 2025-08-16 11:23:03,874 basehttp 7 140681846712000 "GET /health/ HTTP/1.1" 200 2
INFO 2025-08-16 11:23:33,931 basehttp 7 140681846712000 "GET /health/ HTTP/1.1" 200 2
INFO 2025-08-16 11:24:03,991 basehttp 7 140681846712000 "GET /health/ HTTP/1.1" 200 2
INFO 2025-08-16 11:24:34,061 basehttp 7 140681846712000 "GET /health/ HTTP/1.1" 200 2
INFO 2025-08-16 11:25:04,113 basehttp 7 140681846712000 "GET /health/ HTTP/1.1" 200 2
INFO 2025-08-16 11:25:34,160 basehttp 7 140681846712000 "GET /health/ HTTP/1.1" 200 2
INFO 2025-08-16 11:26:04,214 basehttp 7 140681846712000 "GET /health/ HTTP/1.1" 200 2
INFO 2025-08-16 11:26:34,260 basehttp 7 140681846712000 "GET /health/ HTTP/1.1" 200 2
INFO 2025-08-16 11:27:04,321 basehttp 7 140681846712000 "GET /health/ HTTP/1.1" 200 2
INFO 2025-08-16 11:27:34,385 basehttp 7 140681846712000 "GET /health/ HTTP/1.1" 200 2
INFO 2025-08-16 11:28:04,445 basehttp 7 140681846712000 "GET /health/ HTTP/1.1" 200 2
INFO 2025-08-16 11:28:34,509 basehttp 7 140681846712000 "GET /health/ HTTP/1.1" 200 2
INFO 2025-08-16 11:29:04,574 basehttp 7 140681846712000 "GET /health/ HTTP/1.1" 200 2
INFO 2025-08-16 11:29:34,633 basehttp 7 140681846712000 "GET /health/ HTTP/1.1" 200 2
INFO 2025-08-16 11:30:04,688 basehttp 7 140681846712000 "GET /health/ HTTP/1.1" 200 2
INFO 2025-08-16 11:30:34,739 basehttp 7 140681846712000 "GET /health/ HTTP/1.1" 200 2
INFO 2025-08-16 11:31:04,796 basehttp 7 140681846712000 "GET /health/ HTTP/1.1" 200 2
INFO 2025-08-16 11:31:34,856 basehttp 7 140681846712000 "GET /health/ HTTP/1.1" 200 2
INFO 2025-08-16 11:32:04,920 basehttp 7 140681846712000 "GET /health/ HTTP/1.1" 200 2
INFO 2025-08-16 11:32:19,933 basehttp 7 140682200061632 "GET / HTTP/1.1" 200 82898
WARNING 2025-08-16 11:32:20,024 basehttp 7 140681846712000 "GET /static/images/category-sports.png HTTP/1.1" 404 1892
WARNING 2025-08-16 11:32:20,025 basehttp 7 140682200061632 "GET /static/images/category-home.png HTTP/1.1" 404 1886
WARNING 2025-08-16 11:32:20,055 basehttp 7 140682251466432 "GET /static/images/category-fashion.png HTTP/1.1" 404 1895
WARNING 2025-08-16 11:32:20,075 basehttp 7 140682233632448 "GET /static/images/category-clothing.png HTTP/1.1" 404 1898
WARNING 2025-08-16 11:32:20,075 basehttp 7 140682225239744 "GET /static/images/category-books.png HTTP/1.1" 404 1889
WARNING 2025-08-16 11:32:20,076 basehttp 7 140682216847040 "GET /static/images/category-electronics.png HTTP/1.1" 404 1907
WARNING 2025-08-16 11:32:20,103 basehttp 7 140681846712000 "GET /static/images/products/macbook-air-m2.jpg HTTP/1.1" 404 1916
WARNING 2025-08-16 11:32:20,106 basehttp 7 140682208454336 "GET /static/images/products/adidas-ultraboost-22.jpg HTTP/1.1" 404 1934
WARNING 2025-08-16 11:32:20,108 basehttp 7 140681855104704 "GET /static/images/products/dell-xps-13.jpg HTTP/1.1" 404 1907
WARNING 2025-08-16 11:32:20,134 basehttp 7 140682225239744 "GET /static/images/products/nike-air-max-270.jpg HTTP/1.1" 404 1922
WARNING 2025-08-16 11:32:20,153 basehttp 7 140681846712000 "GET /static/default-category.png HTTP/1.1" 404 1874
WARNING 2025-08-16 11:32:20,172 log 7 140682233632448 Not Found: /media/banners/133886706141016313.jpg
WARNING 2025-08-16 11:32:20,174 basehttp 7 140682233632448 "GET /media/banners/133886706141016313.jpg HTTP/1.1" 404 4130
WARNING 2025-08-16 11:32:20,296 log 7 140682233632448 Not Found: /sw.js
WARNING 2025-08-16 11:32:20,298 basehttp 7 140682233632448 "GET /sw.js HTTP/1.1" 404 3834
INFO 2025-08-16 11:32:34,976 basehttp 7 140681846712000 "GET /health/ HTTP/1.1" 200 2
INFO 2025-08-16 11:32:46,746 basehttp 7 140682233632448 "GET /products/product/1/ HTTP/1.1" 302 0
INFO 2025-08-16 11:32:46,796 basehttp 7 140682233632448 "GET /products/ HTTP/1.1" 200 91706
WARNING 2025-08-16 11:32:46,840 basehttp 7 140682233632448 "GET /static/images/category-electronics.png HTTP/1.1" 404 1907
WARNING 2025-08-16 11:32:46,861 basehttp 7 140681846712000 "GET /static/images/category-fashion.png HTTP/1.1" 404 1895
WARNING 2025-08-16 11:32:46,872 basehttp 7 140682233632448 "GET /static/images/category-clothing.png HTTP/1.1" 404 1898
WARNING 2025-08-16 11:32:46,889 basehttp 7 140682225239744 "GET /static/images/category-home.png HTTP/1.1" 404 1886
WARNING 2025-08-16 11:32:46,891 basehttp 7 140681846712000 "GET /static/images/category-sports.png HTTP/1.1" 404 1892
WARNING 2025-08-16 11:32:46,906 basehttp 7 140681855104704 "GET /static/images/category-books.png HTTP/1.1" 404 1889
WARNING 2025-08-16 11:32:46,910 basehttp 7 140682208454336 "GET /static/images/products/macbook-air-m2.jpg HTTP/1.1" 404 1916
WARNING 2025-08-16 11:32:46,911 basehttp 7 140682233632448 "GET /static/images/products/dell-xps-13.jpg HTTP/1.1" 404 1907
WARNING 2025-08-16 11:32:46,920 basehttp 7 140682251466432 "GET /static/images/products/adidas-ultraboost-22.jpg HTTP/1.1" 404 1934
WARNING 2025-08-16 11:32:46,922 basehttp 7 140682225239744 "GET /static/images/products/nike-air-max-270.jpg HTTP/1.1" 404 1922
WARNING 2025-08-16 11:32:46,947 log 7 140681855104704 Not Found: /media/product_images/133941915096699689.jpg
WARNING 2025-08-16 11:32:46,948 basehttp 7 140681855104704 "GET /media/product_images/133941915096699689.jpg HTTP/1.1" 404 4158
WARNING 2025-08-16 11:32:46,991 log 7 140681855104704 Not Found: /sw.js
WARNING 2025-08-16 11:32:46,992 basehttp 7 140681855104704 "GET /sw.js HTTP/1.1" 404 3834
INFO 2025-08-16 11:32:49,574 basehttp 7 140681855104704 "GET /products/ HTTP/1.1" 200 91706
WARNING 2025-08-16 11:32:49,605 basehttp 7 140681855104704 "GET /static/images/category-electronics.png HTTP/1.1" 404 1907
WARNING 2025-08-16 11:32:49,619 basehttp 7 140681855104704 "GET /static/images/category-clothing.png HTTP/1.1" 404 1898
WARNING 2025-08-16 11:32:49,622 basehttp 7 140682225239744 "GET /static/images/category-books.png HTTP/1.1" 404 1889
WARNING 2025-08-16 11:32:49,641 basehttp 7 140682233632448 "GET /static/images/category-sports.png HTTP/1.1" 404 1892
WARNING 2025-08-16 11:32:49,646 basehttp 7 140682251466432 "GET /static/images/category-home.png HTTP/1.1" 404 1886
WARNING 2025-08-16 11:32:49,647 basehttp 7 140682225239744 "GET /static/images/category-fashion.png HTTP/1.1" 404 1895
WARNING 2025-08-16 11:32:49,662 basehttp 7 140682208454336 "GET /static/images/products/dell-xps-13.jpg HTTP/1.1" 404 1907
WARNING 2025-08-16 11:32:49,668 basehttp 7 140681855104704 "GET /static/images/products/macbook-air-m2.jpg HTTP/1.1" 404 1916
WARNING 2025-08-16 11:32:49,675 basehttp 7 140682233632448 "GET /static/images/products/adidas-ultraboost-22.jpg HTTP/1.1" 404 1934
WARNING 2025-08-16 11:32:49,678 basehttp 7 140682225239744 "GET /static/images/products/nike-air-max-270.jpg HTTP/1.1" 404 1922
WARNING 2025-08-16 11:32:49,699 log 7 140682208454336 Not Found: /media/product_images/133941915096699689.jpg
WARNING 2025-08-16 11:32:49,700 basehttp 7 140682208454336 "GET /media/product_images/133941915096699689.jpg HTTP/1.1" 404 4158
WARNING 2025-08-16 11:32:49,760 log 7 140682208454336 Not Found: /sw.js
WARNING 2025-08-16 11:32:49,761 basehttp 7 140682208454336 "GET /sw.js HTTP/1.1" 404 3834
INFO 2025-08-16 11:33:05,040 basehttp 7 140682225239744 "GET /health/ HTTP/1.1" 200 2
INFO 2025-08-16 11:33:06,909 basehttp 7 140682208454336 "POST /cart/add/4/ HTTP/1.1" 302 0
INFO 2025-08-16 11:33:06,935 basehttp 7 140682208454336 "GET /accounts/login/?next=/cart/add/4/ HTTP/1.1" 200 18209
INFO 2025-08-16 11:33:08,880 basehttp 7 140682208454336 "POST /cart/add/4/ HTTP/1.1" 302 0
INFO 2025-08-16 11:33:08,953 basehttp 7 140682208454336 "GET /accounts/login/?next=/cart/add/4/ HTTP/1.1" 200 18209
INFO 2025-08-16 11:33:09,780 basehttp 7 140682208454336 "GET /products/product/4/ HTTP/1.1" 302 0
INFO 2025-08-16 11:33:09,856 basehttp 7 140682208454336 "GET /products/ HTTP/1.1" 200 91706
WARNING 2025-08-16 11:33:09,899 basehttp 7 140682208454336 "GET /static/images/category-electronics.png HTTP/1.1" 404 1907
WARNING 2025-08-16 11:33:09,919 basehttp 7 140682225239744 "GET /static/images/category-clothing.png HTTP/1.1" 404 1898
WARNING 2025-08-16 11:33:09,925 basehttp 7 140682233632448 "GET /static/images/category-sports.png HTTP/1.1" 404 1892
WARNING 2025-08-16 11:33:09,946 basehttp 7 140682216847040 "GET /static/images/products/macbook-air-m2.jpg HTTP/1.1" 404 1916
WARNING 2025-08-16 11:33:09,946 basehttp 7 140681855104704 "GET /static/images/category-fashion.png HTTP/1.1" 404 1895
WARNING 2025-08-16 11:33:09,953 basehttp 7 140682208454336 "GET /static/images/category-home.png HTTP/1.1" 404 1886
WARNING 2025-08-16 11:33:09,953 basehttp 7 140682225239744 "GET /static/images/products/adidas-ultraboost-22.jpg HTTP/1.1" 404 1934
WARNING 2025-08-16 11:33:09,954 basehttp 7 140682251466432 "GET /static/images/category-books.png HTTP/1.1" 404 1889
WARNING 2025-08-16 11:33:09,974 basehttp 7 140682216847040 "GET /static/images/products/dell-xps-13.jpg HTTP/1.1" 404 1907
WARNING 2025-08-16 11:33:09,997 basehttp 7 140681855104704 "GET /static/images/products/nike-air-max-270.jpg HTTP/1.1" 404 1922
WARNING 2025-08-16 11:33:10,011 log 7 140682208454336 Not Found: /media/product_images/133941915096699689.jpg
WARNING 2025-08-16 11:33:10,012 basehttp 7 140682208454336 "GET /media/product_images/133941915096699689.jpg HTTP/1.1" 404 4158
WARNING 2025-08-16 11:33:10,042 log 7 140682208454336 Not Found: /sw.js
WARNING 2025-08-16 11:33:10,043 basehttp 7 140682208454336 "GET /sw.js HTTP/1.1" 404 3834
INFO 2025-08-16 11:33:38,648 autoreload 7 139926912662400 Watching for file changes with StatReloader
INFO 2025-08-16 11:33:41,477 basehttp 7 139926832150208 "GET /health/ HTTP/1.1" 200 2
INFO 2025-08-16 11:33:41,658 basehttp 7 139926832150208 "GET /products/ HTTP/1.1" 200 91706
WARNING 2025-08-16 11:33:41,690 basehttp 7 139926832150208 "GET /static/images/category-clothing.png HTTP/1.1" 404 1898
WARNING 2025-08-16 11:33:41,698 basehttp 7 139926823757504 "GET /static/images/category-books.png HTTP/1.1" 404 1889
WARNING 2025-08-16 11:33:41,723 basehttp 7 139926832150208 "GET /static/images/category-home.png HTTP/1.1" 404 1886
WARNING 2025-08-16 11:33:41,724 basehttp 7 139926611949248 "GET /static/images/category-electronics.png HTTP/1.1" 404 1907
WARNING 2025-08-16 11:33:41,725 basehttp 7 139926823757504 "GET /static/images/category-sports.png HTTP/1.1" 404 1892
WARNING 2025-08-16 11:33:41,737 basehttp 7 139926603556544 "GET /static/images/category-fashion.png HTTP/1.1" 404 1895
WARNING 2025-08-16 11:33:41,772 basehttp 7 139926595163840 "GET /static/images/products/macbook-air-m2.jpg HTTP/1.1" 404 1916
WARNING 2025-08-16 11:33:41,773 basehttp 7 139926832150208 "GET /static/images/products/adidas-ultraboost-22.jpg HTTP/1.1" 404 1934
WARNING 2025-08-16 11:33:41,774 basehttp 7 139926611949248 "GET /static/images/products/dell-xps-13.jpg HTTP/1.1" 404 1907
WARNING 2025-08-16 11:33:41,775 basehttp 7 139926823757504 "GET /static/images/products/nike-air-max-270.jpg HTTP/1.1" 404 1922
WARNING 2025-08-16 11:33:41,800 log 7 139926586771136 Not Found: /media/product_images/133941915096699689.jpg
WARNING 2025-08-16 11:33:41,802 basehttp 7 139926586771136 "GET /media/product_images/133941915096699689.jpg HTTP/1.1" 404 4158
WARNING 2025-08-16 11:33:41,838 log 7 139926586771136 Not Found: /sw.js
WARNING 2025-08-16 11:33:41,839 basehttp 7 139926586771136 "GET /sw.js HTTP/1.1" 404 3834
INFO 2025-08-16 11:34:11,537 basehttp 7 139926823757504 "GET /health/ HTTP/1.1" 200 2
INFO 2025-08-16 11:34:41,608 basehttp 7 139926823757504 "GET /health/ HTTP/1.1" 200 2
INFO 2025-08-16 11:35:11,672 basehttp 7 139926823757504 "GET /health/ HTTP/1.1" 200 2
INFO 2025-08-16 11:35:41,766 basehttp 7 139926823757504 "GET /health/ HTTP/1.1" 200 2
INFO 2025-08-16 11:36:11,819 basehttp 7 139926823757504 "GET /health/ HTTP/1.1" 200 2
INFO 2025-08-16 11:36:41,876 basehttp 7 139926586771136 "GET /health/ HTTP/1.1" 200 2
INFO 2025-08-16 11:37:11,958 basehttp 7 139926586771136 "GET /health/ HTTP/1.1" 200 2
INFO 2025-08-16 11:37:42,005 basehttp 7 139926586771136 "GET /health/ HTTP/1.1" 200 2
INFO 2025-08-16 11:37:42,575 basehttp 7 139926586771136 "GET /accounts/login/ HTTP/1.1" 200 18173
WARNING 2025-08-16 11:37:42,615 basehttp 7 139926586771136 "GET /static/images/category-electronics.png HTTP/1.1" 404 1907
WARNING 2025-08-16 11:37:42,638 basehttp 7 139926823757504 "GET /static/images/category-sports.png HTTP/1.1" 404 1892
WARNING 2025-08-16 11:37:42,638 basehttp 7 139926586771136 "GET /static/images/category-fashion.png HTTP/1.1" 404 1895
WARNING 2025-08-16 11:37:42,659 basehttp 7 139926611949248 "GET /static/images/category-clothing.png HTTP/1.1" 404 1898
WARNING 2025-08-16 11:37:42,667 basehttp 7 139926602507968 "GET /static/images/category-books.png HTTP/1.1" 404 1889
WARNING 2025-08-16 11:37:42,670 basehttp 7 139926832150208 "GET /static/images/category-home.png HTTP/1.1" 404 1886
WARNING 2025-08-16 11:37:42,675 basehttp 7 139926586771136 "GET /static/images/products/macbook-air-m2.jpg HTTP/1.1" 404 1916
WARNING 2025-08-16 11:37:42,686 basehttp 7 139926611949248 "GET /static/images/products/adidas-ultraboost-22.jpg HTTP/1.1" 404 1934
WARNING 2025-08-16 11:37:42,686 basehttp 7 139926578378432 "GET /static/images/products/nike-air-max-270.jpg HTTP/1.1" 404 1922
WARNING 2025-08-16 11:37:42,687 basehttp 7 139926823757504 "GET /static/images/products/dell-xps-13.jpg HTTP/1.1" 404 1907
INFO 2025-08-16 11:37:55,645 basehttp 7 139926823757504 "GET /accounts/login/ HTTP/1.1" 200 18173
WARNING 2025-08-16 11:37:55,682 basehttp 7 139926823757504 "GET /static/images/category-electronics.png HTTP/1.1" 404 1907
WARNING 2025-08-16 11:37:55,695 basehttp 7 139926578378432 "GET /static/images/category-clothing.png HTTP/1.1" 404 1898
WARNING 2025-08-16 11:37:55,709 basehttp 7 139926823757504 "GET /static/images/category-home.png HTTP/1.1" 404 1886
WARNING 2025-08-16 11:37:55,717 basehttp 7 139926611949248 "GET /static/images/category-sports.png HTTP/1.1" 404 1892
WARNING 2025-08-16 11:37:55,738 basehttp 7 139926611949248 "GET /static/images/products/adidas-ultraboost-22.jpg HTTP/1.1" 404 1934
WARNING 2025-08-16 11:37:55,740 basehttp 7 139926823757504 "GET /static/images/products/dell-xps-13.jpg HTTP/1.1" 404 1907
WARNING 2025-08-16 11:37:55,742 basehttp 7 139926602507968 "GET /static/images/products/macbook-air-m2.jpg HTTP/1.1" 404 1916
WARNING 2025-08-16 11:37:55,742 basehttp 7 139926586771136 "GET /static/images/category-fashion.png HTTP/1.1" 404 1895
WARNING 2025-08-16 11:37:55,747 basehttp 7 139926832150208 "GET /static/images/category-books.png HTTP/1.1" 404 1889
WARNING 2025-08-16 11:37:55,748 basehttp 7 139926578378432 "GET /static/images/products/nike-air-max-270.jpg HTTP/1.1" 404 1922
INFO 2025-08-16 11:38:05,047 basehttp 7 139926578378432 "GET / HTTP/1.1" 200 82898
WARNING 2025-08-16 11:38:05,117 basehttp 7 139926586771136 "GET /static/images/category-electronics.png HTTP/1.1" 404 1907
WARNING 2025-08-16 11:38:05,121 basehttp 7 139926578378432 "GET /static/images/category-sports.png HTTP/1.1" 404 1892
WARNING 2025-08-16 11:38:05,125 basehttp 7 139926602507968 "GET /static/images/category-clothing.png HTTP/1.1" 404 1898
WARNING 2025-08-16 11:38:05,126 basehttp 7 139926832150208 "GET /static/images/category-fashion.png HTTP/1.1" 404 1895
WARNING 2025-08-16 11:38:05,127 basehttp 7 139926823757504 "GET /static/images/category-home.png HTTP/1.1" 404 1886
WARNING 2025-08-16 11:38:05,127 basehttp 7 139926611949248 "GET /static/images/category-books.png HTTP/1.1" 404 1889
WARNING 2025-08-16 11:38:05,139 basehttp 7 139926823757504 "GET /static/images/products/macbook-air-m2.jpg HTTP/1.1" 404 1916
WARNING 2025-08-16 11:38:05,155 basehttp 7 139926611949248 "GET /static/images/products/nike-air-max-270.jpg HTTP/1.1" 404 1922
WARNING 2025-08-16 11:38:05,177 basehttp 7 139926823757504 "GET /static/images/products/dell-xps-13.jpg HTTP/1.1" 404 1907
WARNING 2025-08-16 11:38:05,178 basehttp 7 139926578378432 "GET /static/default-category.png HTTP/1.1" 404 1874
WARNING 2025-08-16 11:38:05,179 basehttp 7 139926832150208 "GET /static/images/products/adidas-ultraboost-22.jpg HTTP/1.1" 404 1934
WARNING 2025-08-16 11:38:05,198 log 7 139926602507968 Not Found: /media/banners/133886706141016313.jpg
WARNING 2025-08-16 11:38:05,200 basehttp 7 139926602507968 "GET /media/banners/133886706141016313.jpg HTTP/1.1" 404 4130
WARNING 2025-08-16 11:38:05,256 log 7 139926602507968 Not Found: /sw.js
WARNING 2025-08-16 11:38:05,257 basehttp 7 139926602507968 "GET /sw.js HTTP/1.1" 404 3834
WARNING 2025-08-16 11:38:06,264 basehttp 7 139926602507968 "GET /static/images/category-electronics.png HTTP/1.1" 404 1907
WARNING 2025-08-16 11:38:06,282 basehttp 7 139926578378432 "GET /static/images/category-sports.png HTTP/1.1" 404 1892
WARNING 2025-08-16 11:38:06,294 basehttp 7 139926823757504 "GET /static/images/category-fashion.png HTTP/1.1" 404 1895
WARNING 2025-08-16 11:38:06,300 basehttp 7 139926832150208 "GET /static/images/category-clothing.png HTTP/1.1" 404 1898
WARNING 2025-08-16 11:38:06,303 basehttp 7 139926611949248 "GET /static/images/category-books.png HTTP/1.1" 404 1889
WARNING 2025-08-16 11:38:06,303 basehttp 7 139926602507968 "GET /static/images/category-home.png HTTP/1.1" 404 1886
WARNING 2025-08-16 11:38:06,315 basehttp 7 139926578378432 "GET /static/images/products/macbook-air-m2.jpg HTTP/1.1" 404 1916
WARNING 2025-08-16 11:38:06,331 basehttp 7 139926594115264 "GET /static/images/products/adidas-ultraboost-22.jpg HTTP/1.1" 404 1934
WARNING 2025-08-16 11:38:06,338 basehttp 7 139926823757504 "GET /static/images/products/dell-xps-13.jpg HTTP/1.1" 404 1907
WARNING 2025-08-16 11:38:06,339 basehttp 7 139926832150208 "GET /static/images/products/nike-air-max-270.jpg HTTP/1.1" 404 1922
WARNING 2025-08-16 11:38:06,352 basehttp 7 139926602507968 "GET /static/default-category.png HTTP/1.1" 404 1874
WARNING 2025-08-16 11:38:06,365 log 7 139926611949248 Not Found: /media/banners/133886706141016313.jpg
WARNING 2025-08-16 11:38:06,366 basehttp 7 139926611949248 "GET /media/banners/133886706141016313.jpg HTTP/1.1" 404 4130
WARNING 2025-08-16 11:38:06,392 log 7 139926611949248 Not Found: /sw.js
WARNING 2025-08-16 11:38:06,393 basehttp 7 139926611949248 "GET /sw.js HTTP/1.1" 404 3834
WARNING 2025-08-16 11:38:07,117 basehttp 7 139926611949248 "GET /static/images/category-electronics.png HTTP/1.1" 404 1907
WARNING 2025-08-16 11:38:07,125 basehttp 7 139926602507968 "GET /static/images/category-home.png HTTP/1.1" 404 1886
WARNING 2025-08-16 11:38:07,138 basehttp 7 139926823757504 "GET /static/images/category-sports.png HTTP/1.1" 404 1892
WARNING 2025-08-16 11:38:07,139 basehttp 7 139926832150208 "GET /static/images/category-clothing.png HTTP/1.1" 404 1898
WARNING 2025-08-16 11:38:07,147 basehttp 7 139926611949248 "GET /static/images/category-books.png HTTP/1.1" 404 1889
WARNING 2025-08-16 11:38:07,160 basehttp 7 139926594115264 "GET /static/images/category-fashion.png HTTP/1.1" 404 1895
WARNING 2025-08-16 11:38:07,170 basehttp 7 139926602507968 "GET /static/images/products/adidas-ultraboost-22.jpg HTTP/1.1" 404 1934
WARNING 2025-08-16 11:38:07,171 basehttp 7 139926832150208 "GET /static/images/products/dell-xps-13.jpg HTTP/1.1" 404 1907
WARNING 2025-08-16 11:38:07,182 basehttp 7 139926823757504 "GET /static/images/products/macbook-air-m2.jpg HTTP/1.1" 404 1916
WARNING 2025-08-16 11:38:07,187 basehttp 7 139926611949248 "GET /static/images/products/nike-air-max-270.jpg HTTP/1.1" 404 1922
WARNING 2025-08-16 11:38:07,203 basehttp 7 139926594115264 "GET /static/default-category.png HTTP/1.1" 404 1874
WARNING 2025-08-16 11:38:07,216 log 7 139926602507968 Not Found: /media/banners/133886706141016313.jpg
WARNING 2025-08-16 11:38:07,218 basehttp 7 139926602507968 "GET /media/banners/133886706141016313.jpg HTTP/1.1" 404 4130
WARNING 2025-08-16 11:38:07,244 log 7 139926602507968 Not Found: /sw.js
WARNING 2025-08-16 11:38:07,246 basehttp 7 139926602507968 "GET /sw.js HTTP/1.1" 404 3834
INFO 2025-08-16 11:38:12,061 basehttp 7 139926611949248 "GET /health/ HTTP/1.1" 200 2
INFO 2025-08-16 11:38:12,640 basehttp 7 139926602507968 "GET /products/ HTTP/1.1" 200 91706
WARNING 2025-08-16 11:38:12,673 basehttp 7 139926602507968 "GET /static/images/category-electronics.png HTTP/1.1" 404 1907
WARNING 2025-08-16 11:38:12,683 basehttp 7 139926611949248 "GET /static/images/category-clothing.png HTTP/1.1" 404 1898
WARNING 2025-08-16 11:38:12,705 basehttp 7 139926832150208 "GET /static/images/category-books.png HTTP/1.1" 404 1889
WARNING 2025-08-16 11:38:12,706 basehttp 7 139926611949248 "GET /static/images/category-home.png HTTP/1.1" 404 1886
WARNING 2025-08-16 11:38:12,715 basehttp 7 139926594115264 "GET /static/images/category-fashion.png HTTP/1.1" 404 1895
WARNING 2025-08-16 11:38:12,716 basehttp 7 139926602507968 "GET /static/images/category-sports.png HTTP/1.1" 404 1892
WARNING 2025-08-16 11:38:12,737 basehttp 7 139926823757504 "GET /static/images/products/macbook-air-m2.jpg HTTP/1.1" 404 1916
WARNING 2025-08-16 11:38:12,752 basehttp 7 139926585722560 "GET /static/images/products/dell-xps-13.jpg HTTP/1.1" 404 1907
WARNING 2025-08-16 11:38:12,753 basehttp 7 139926832150208 "GET /static/images/products/adidas-ultraboost-22.jpg HTTP/1.1" 404 1934
WARNING 2025-08-16 11:38:12,755 basehttp 7 139926577329856 "GET /static/images/products/nike-air-max-270.jpg HTTP/1.1" 404 1922
WARNING 2025-08-16 11:38:12,768 log 7 139926602507968 Not Found: /media/product_images/133941915096699689.jpg
WARNING 2025-08-16 11:38:12,770 basehttp 7 139926602507968 "GET /media/product_images/133941915096699689.jpg HTTP/1.1" 404 4158
WARNING 2025-08-16 11:38:12,802 log 7 139926602507968 Not Found: /sw.js
WARNING 2025-08-16 11:38:12,803 basehttp 7 139926602507968 "GET /sw.js HTTP/1.1" 404 3834
INFO 2025-08-16 11:38:23,636 basehttp 7 139926602507968 "GET /products/ HTTP/1.1" 200 91706
WARNING 2025-08-16 11:38:23,669 basehttp 7 139926602507968 "GET /static/images/category-electronics.png HTTP/1.1" 404 1907
WARNING 2025-08-16 11:38:23,676 basehttp 7 139926577329856 "GET /static/images/category-clothing.png HTTP/1.1" 404 1898
WARNING 2025-08-16 11:38:23,688 basehttp 7 139926602507968 "GET /static/images/category-fashion.png HTTP/1.1" 404 1895
WARNING 2025-08-16 11:38:23,698 basehttp 7 139926577329856 "GET /static/images/category-sports.png HTTP/1.1" 404 1892
WARNING 2025-08-16 11:38:23,708 basehttp 7 139926832150208 "GET /static/images/category-home.png HTTP/1.1" 404 1886
WARNING 2025-08-16 11:38:23,710 basehttp 7 139926823757504 "GET /static/images/products/macbook-air-m2.jpg HTTP/1.1" 404 1916
WARNING 2025-08-16 11:38:23,712 basehttp 7 139926585722560 "GET /static/images/category-books.png HTTP/1.1" 404 1889
WARNING 2025-08-16 11:38:23,728 basehttp 7 139926602507968 "GET /static/images/products/adidas-ultraboost-22.jpg HTTP/1.1" 404 1934
WARNING 2025-08-16 11:38:23,729 basehttp 7 139926611949248 "GET /static/images/products/dell-xps-13.jpg HTTP/1.1" 404 1907
WARNING 2025-08-16 11:38:23,735 basehttp 7 139926832150208 "GET /static/images/products/nike-air-max-270.jpg HTTP/1.1" 404 1922
WARNING 2025-08-16 11:38:23,753 log 7 139926577329856 Not Found: /media/product_images/133941915096699689.jpg
WARNING 2025-08-16 11:38:23,754 basehttp 7 139926577329856 "GET /media/product_images/133941915096699689.jpg HTTP/1.1" 404 4158
WARNING 2025-08-16 11:38:23,790 log 7 139926577329856 Not Found: /sw.js
WARNING 2025-08-16 11:38:23,791 basehttp 7 139926577329856 "GET /sw.js HTTP/1.1" 404 3834
INFO 2025-08-16 11:38:27,086 basehttp 7 139926577329856 "GET /products/?featured=true HTTP/1.1" 200 91734
WARNING 2025-08-16 11:38:27,132 basehttp 7 139926577329856 "GET /static/images/category-electronics.png HTTP/1.1" 404 1907
WARNING 2025-08-16 11:38:27,152 basehttp 7 139926832150208 "GET /static/images/category-clothing.png HTTP/1.1" 404 1898
WARNING 2025-08-16 11:38:27,161 basehttp 7 139926577329856 "GET /static/images/category-home.png HTTP/1.1" 404 1886
WARNING 2025-08-16 11:38:27,174 basehttp 7 139926611949248 "GET /static/images/category-sports.png HTTP/1.1" 404 1892
WARNING 2025-08-16 11:38:27,176 basehttp 7 139926832150208 "GET /static/images/category-fashion.png HTTP/1.1" 404 1895
WARNING 2025-08-16 11:38:27,181 basehttp 7 139926602507968 "GET /static/images/category-books.png HTTP/1.1" 404 1889
WARNING 2025-08-16 11:38:27,188 basehttp 7 139926577329856 "GET /static/images/products/macbook-air-m2.jpg HTTP/1.1" 404 1916
WARNING 2025-08-16 11:38:27,201 basehttp 7 139926585722560 "GET /static/images/products/dell-xps-13.jpg HTTP/1.1" 404 1907
WARNING 2025-08-16 11:38:27,217 basehttp 7 139926611949248 "GET /static/images/products/adidas-ultraboost-22.jpg HTTP/1.1" 404 1934
WARNING 2025-08-16 11:38:27,218 basehttp 7 139926832150208 "GET /static/images/products/nike-air-max-270.jpg HTTP/1.1" 404 1922
WARNING 2025-08-16 11:38:27,231 log 7 139926823757504 Not Found: /media/product_images/133941915096699689.jpg
WARNING 2025-08-16 11:38:27,232 basehttp 7 139926823757504 "GET /media/product_images/133941915096699689.jpg HTTP/1.1" 404 4158
WARNING 2025-08-16 11:38:27,266 log 7 139926823757504 Not Found: /sw.js
WARNING 2025-08-16 11:38:27,267 basehttp 7 139926823757504 "GET /sw.js HTTP/1.1" 404 3834
INFO 2025-08-16 11:38:32,729 basehttp 7 139926823757504 "GET /products/?featured=true HTTP/1.1" 200 91734
WARNING 2025-08-16 11:38:32,771 basehttp 7 139926823757504 "GET /static/images/category-electronics.png HTTP/1.1" 404 1907
WARNING 2025-08-16 11:38:32,781 basehttp 7 139926611949248 "GET /static/images/category-clothing.png HTTP/1.1" 404 1898
WARNING 2025-08-16 11:38:32,783 basehttp 7 139926585722560 "GET /static/images/category-home.png HTTP/1.1" 404 1886
WARNING 2025-08-16 11:38:32,799 basehttp 7 139926577329856 "GET /static/images/category-sports.png HTTP/1.1" 404 1892
WARNING 2025-08-16 11:38:32,802 basehttp 7 139926832150208 "GET /static/images/category-books.png HTTP/1.1" 404 1889
WARNING 2025-08-16 11:38:32,807 basehttp 7 139926585722560 "GET /static/images/category-fashion.png HTTP/1.1" 404 1895
WARNING 2025-08-16 11:38:32,807 basehttp 7 139926823757504 "GET /static/images/products/macbook-air-m2.jpg HTTP/1.1" 404 1916
WARNING 2025-08-16 11:38:32,836 basehttp 7 139926585722560 "GET /static/images/products/nike-air-max-270.jpg HTTP/1.1" 404 1922
WARNING 2025-08-16 11:38:32,843 basehttp 7 139926832150208 "GET /static/images/products/dell-xps-13.jpg HTTP/1.1" 404 1907
WARNING 2025-08-16 11:38:32,844 basehttp 7 139926577329856 "GET /static/images/products/adidas-ultraboost-22.jpg HTTP/1.1" 404 1934
WARNING 2025-08-16 11:38:32,854 log 7 139926611949248 Not Found: /media/product_images/133941915096699689.jpg
WARNING 2025-08-16 11:38:32,856 basehttp 7 139926611949248 "GET /media/product_images/133941915096699689.jpg HTTP/1.1" 404 4158
WARNING 2025-08-16 11:38:32,885 log 7 139926611949248 Not Found: /sw.js
WARNING 2025-08-16 11:38:32,886 basehttp 7 139926611949248 "GET /sw.js HTTP/1.1" 404 3834
ERROR 2025-08-16 11:38:37,646 log 7 139926611949248 Internal Server Error: /products/category/sports/
Traceback (most recent call last):
  File "/usr/local/lib/python3.12/site-packages/django/core/handlers/exception.py", line 55, in inner
    response = get_response(request)
               ^^^^^^^^^^^^^^^^^^^^^
  File "/usr/local/lib/python3.12/site-packages/django/core/handlers/base.py", line 197, in _get_response
    response = wrapped_callback(request, *callback_args, **callback_kwargs)
               ^^^^^^^^^^^^^^^^^^^^^^^^^^^^^^^^^^^^^^^^^^^^^^^^^^^^^^^^^^^^
  File "/app/products/views.py", line 341, in category_detail
    return render(request, 'products/category_detail.html', context)
           ^^^^^^^^^^^^^^^^^^^^^^^^^^^^^^^^^^^^^^^^^^^^^^^^^^^^^^^^^
  File "/usr/local/lib/python3.12/site-packages/django/shortcuts.py", line 25, in render
    content = loader.render_to_string(template_name, context, request, using=using)
              ^^^^^^^^^^^^^^^^^^^^^^^^^^^^^^^^^^^^^^^^^^^^^^^^^^^^^^^^^^^^^^^^^^^^^
  File "/usr/local/lib/python3.12/site-packages/django/template/loader.py", line 61, in render_to_string
    template = get_template(template_name, using=using)
               ^^^^^^^^^^^^^^^^^^^^^^^^^^^^^^^^^^^^^^^^
  File "/usr/local/lib/python3.12/site-packages/django/template/loader.py", line 19, in get_template
    raise TemplateDoesNotExist(template_name, chain=chain)
django.template.exceptions.TemplateDoesNotExist: products/category_detail.html
ERROR 2025-08-16 11:38:37,651 basehttp 7 139926611949248 "GET /products/category/sports/ HTTP/1.1" 500 82466
INFO 2025-08-16 11:38:42,106 basehttp 7 139926832150208 "GET /health/ HTTP/1.1" 200 2
INFO 2025-08-16 11:39:12,168 basehttp 7 139926832150208 "GET /health/ HTTP/1.1" 200 2
INFO 2025-08-16 11:39:42,213 basehttp 7 139926832150208 "GET /health/ HTTP/1.1" 200 2
INFO 2025-08-16 11:40:12,259 basehttp 7 139926832150208 "GET /health/ HTTP/1.1" 200 2
INFO 2025-08-16 11:40:42,328 basehttp 7 139926832150208 "GET /health/ HTTP/1.1" 200 2
INFO 2025-08-16 11:41:12,386 basehttp 7 139926832150208 "GET /health/ HTTP/1.1" 200 2
INFO 2025-08-16 11:41:42,448 basehttp 7 139926832150208 "GET /health/ HTTP/1.1" 200 2
WARNING 2025-08-16 11:41:59,352 log 7 139926611949248 Not Found: /.well-known/appspecific/com.chrome.devtools.json
WARNING 2025-08-16 11:41:59,353 basehttp 7 139926611949248 "GET /.well-known/appspecific/com.chrome.devtools.json HTTP/1.1" 404 3963
INFO 2025-08-16 11:42:12,505 basehttp 7 139926577329856 "GET /health/ HTTP/1.1" 200 2
INFO 2025-08-16 11:42:13,645 basehttp 7 139926611949248 "GET /products/?featured=true HTTP/1.1" 200 91734
WARNING 2025-08-16 11:42:13,696 basehttp 7 139926611949248 "GET /static/images/category-electronics.png HTTP/1.1" 404 1907
WARNING 2025-08-16 11:42:13,709 basehttp 7 139926577329856 "GET /static/images/category-clothing.png HTTP/1.1" 404 1898
WARNING 2025-08-16 11:42:13,723 basehttp 7 139926585722560 "GET /static/images/category-sports.png HTTP/1.1" 404 1892
WARNING 2025-08-16 11:42:13,725 basehttp 7 139926832150208 "GET /static/images/category-home.png HTTP/1.1" 404 1886
WARNING 2025-08-16 11:42:13,728 basehttp 7 139926823757504 "GET /static/images/category-fashion.png HTTP/1.1" 404 1895
WARNING 2025-08-16 11:42:13,745 basehttp 7 139926602507968 "GET /static/images/category-books.png HTTP/1.1" 404 1889
WARNING 2025-08-16 11:42:13,750 basehttp 7 139926577329856 "GET /static/images/products/macbook-air-m2.jpg HTTP/1.1" 404 1916
WARNING 2025-08-16 11:42:13,765 basehttp 7 139926823757504 "GET /static/images/products/adidas-ultraboost-22.jpg HTTP/1.1" 404 1934
WARNING 2025-08-16 11:42:13,782 basehttp 7 139926832150208 "GET /static/images/products/dell-xps-13.jpg HTTP/1.1" 404 1907
WARNING 2025-08-16 11:42:13,784 basehttp 7 139926585722560 "GET /static/images/products/nike-air-max-270.jpg HTTP/1.1" 404 1922
INFO 2025-08-16 11:42:13,814 basehttp 7 139926577329856 "GET /static/js/riya-group-enhanced.js HTTP/1.1" 200 20663
WARNING 2025-08-16 11:42:13,817 log 7 139926611949248 Not Found: /.well-known/appspecific/com.chrome.devtools.json
WARNING 2025-08-16 11:42:13,818 basehttp 7 139926611949248 "GET /.well-known/appspecific/com.chrome.devtools.json HTTP/1.1" 404 3963
WARNING 2025-08-16 11:42:13,828 log 7 139926602507968 Not Found: /media/product_images/133941915096699689.jpg
WARNING 2025-08-16 11:42:13,830 basehttp 7 139926602507968 "GET /media/product_images/133941915096699689.jpg HTTP/1.1" 404 4158
WARNING 2025-08-16 11:42:14,025 log 7 139926602507968 Not Found: /sw.js
WARNING 2025-08-16 11:42:14,027 basehttp 7 139926602507968 "GET /sw.js HTTP/1.1" 404 3834
INFO 2025-08-16 11:42:14,059 basehttp 7 139926602507968 "GET /static/favicon.ico HTTP/1.1" 200 155
INFO 2025-08-16 11:42:16,463 basehttp 7 139926602507968 "GET /accounts/register/ HTTP/1.1" 200 18180
WARNING 2025-08-16 11:42:16,551 basehttp 7 139926577329856 "GET /static/images/category-clothing.png HTTP/1.1" 404 1898
WARNING 2025-08-16 11:42:16,553 basehttp 7 139926611949248 "GET /static/images/category-electronics.png HTTP/1.1" 404 1907
WARNING 2025-08-16 11:42:16,553 basehttp 7 139926585722560 "GET /static/images/category-home.png HTTP/1.1" 404 1886
WARNING 2025-08-16 11:42:16,581 basehttp 7 139926832150208 "GET /static/images/category-sports.png HTTP/1.1" 404 1892
WARNING 2025-08-16 11:42:16,596 basehttp 7 139926611949248 "GET /static/images/products/adidas-ultraboost-22.jpg HTTP/1.1" 404 1934
WARNING 2025-08-16 11:42:16,603 basehttp 7 139926823757504 "GET /static/images/category-fashion.png HTTP/1.1" 404 1895
WARNING 2025-08-16 11:42:16,605 basehttp 7 139926577329856 "GET /static/images/category-books.png HTTP/1.1" 404 1889
WARNING 2025-08-16 11:42:16,606 basehttp 7 139926594115264 "GET /static/images/products/macbook-air-m2.jpg HTTP/1.1" 404 1916
WARNING 2025-08-16 11:42:16,613 basehttp 7 139926585722560 "GET /static/images/products/dell-xps-13.jpg HTTP/1.1" 404 1907
WARNING 2025-08-16 11:42:16,616 basehttp 7 139926611949248 "GET /static/images/products/nike-air-max-270.jpg HTTP/1.1" 404 1922
WARNING 2025-08-16 11:42:16,630 log 7 139926602507968 Not Found: /.well-known/appspecific/com.chrome.devtools.json
WARNING 2025-08-16 11:42:16,631 basehttp 7 139926602507968 "GET /.well-known/appspecific/com.chrome.devtools.json HTTP/1.1" 404 3963
INFO 2025-08-16 11:42:42,572 basehttp 7 139926611949248 "GET /health/ HTTP/1.1" 200 2
INFO 2025-08-16 11:43:12,630 basehttp 7 139926611949248 "GET /health/ HTTP/1.1" 200 2
INFO 2025-08-16 11:43:42,690 basehttp 7 139926611949248 "GET /health/ HTTP/1.1" 200 2
INFO 2025-08-16 11:44:12,749 basehttp 7 139926611949248 "GET /health/ HTTP/1.1" 200 2
INFO 2025-08-16 11:44:42,818 basehttp 7 139926611949248 "GET /health/ HTTP/1.1" 200 2
INFO 2025-08-16 11:45:12,877 basehttp 7 139926611949248 "GET /health/ HTTP/1.1" 200 2
INFO 2025-08-16 11:45:42,927 basehttp 7 139926611949248 "GET /health/ HTTP/1.1" 200 2
INFO 2025-08-16 11:46:12,980 basehttp 7 139926611949248 "GET /health/ HTTP/1.1" 200 2
INFO 2025-08-16 11:46:43,059 basehttp 7 139926611949248 "GET /health/ HTTP/1.1" 200 2
INFO 2025-08-16 11:47:13,104 basehttp 7 139926611949248 "GET /health/ HTTP/1.1" 200 2
INFO 2025-08-16 11:47:43,172 basehttp 7 139926602507968 "GET /health/ HTTP/1.1" 200 2
INFO 2025-08-16 11:48:13,241 basehttp 7 139926602507968 "GET /health/ HTTP/1.1" 200 2
INFO 2025-08-16 11:48:43,291 basehttp 7 139926602507968 "GET /health/ HTTP/1.1" 200 2
INFO 2025-08-16 11:49:13,338 basehttp 7 139926602507968 "GET /health/ HTTP/1.1" 200 2
INFO 2025-08-16 11:49:43,416 basehttp 7 139926602507968 "GET /health/ HTTP/1.1" 200 2
INFO 2025-08-16 11:50:13,482 basehttp 7 139926602507968 "GET /health/ HTTP/1.1" 200 2
INFO 2025-08-16 11:50:43,549 basehttp 7 139926602507968 "GET /health/ HTTP/1.1" 200 2
INFO 2025-08-16 11:51:13,606 basehttp 7 139926602507968 "GET /health/ HTTP/1.1" 200 2
INFO 2025-08-16 11:51:43,667 basehttp 7 139926602507968 "GET /health/ HTTP/1.1" 200 2
INFO 2025-08-16 11:52:13,724 basehttp 7 139926602507968 "GET /health/ HTTP/1.1" 200 2
INFO 2025-08-16 11:52:43,767 basehttp 7 139926602507968 "GET /health/ HTTP/1.1" 200 2
INFO 2025-08-16 11:53:13,815 basehttp 7 139926602507968 "GET /health/ HTTP/1.1" 200 2
INFO 2025-08-16 11:53:43,874 basehttp 7 139926602507968 "GET /health/ HTTP/1.1" 200 2
INFO 2025-08-16 11:54:13,929 basehttp 7 139926602507968 "GET /health/ HTTP/1.1" 200 2
INFO 2025-08-16 11:54:44,002 basehttp 7 139926602507968 "GET /health/ HTTP/1.1" 200 2
INFO 2025-08-16 11:55:14,047 basehttp 7 139926602507968 "GET /health/ HTTP/1.1" 200 2
INFO 2025-08-16 11:55:44,111 basehttp 7 139926602507968 "GET /health/ HTTP/1.1" 200 2
INFO 2025-08-16 11:56:14,168 basehttp 7 139926602507968 "GET /health/ HTTP/1.1" 200 2
INFO 2025-08-16 11:56:44,233 basehttp 7 139926602507968 "GET /health/ HTTP/1.1" 200 2
INFO 2025-08-16 11:57:14,298 basehttp 7 139926602507968 "GET /health/ HTTP/1.1" 200 2
INFO 2025-08-16 11:57:44,361 basehttp 7 139926602507968 "GET /health/ HTTP/1.1" 200 2
INFO 2025-08-16 11:58:14,437 basehttp 7 139926602507968 "GET /health/ HTTP/1.1" 200 2
INFO 2025-08-16 11:58:44,494 basehttp 7 139926602507968 "GET /health/ HTTP/1.1" 200 2
INFO 2025-08-16 11:59:14,545 basehttp 7 139926602507968 "GET /health/ HTTP/1.1" 200 2
INFO 2025-08-16 11:59:44,589 basehttp 7 139926602507968 "GET /health/ HTTP/1.1" 200 2
INFO 2025-08-16 12:00:14,658 basehttp 7 139926602507968 "GET /health/ HTTP/1.1" 200 2
INFO 2025-08-16 12:00:44,723 basehttp 7 139926602507968 "GET /health/ HTTP/1.1" 200 2
INFO 2025-08-16 12:01:14,785 basehttp 7 139926602507968 "GET /health/ HTTP/1.1" 200 2
INFO 2025-08-16 12:01:44,842 basehttp 7 139926602507968 "GET /health/ HTTP/1.1" 200 2
INFO 2025-08-16 12:02:14,899 basehttp 7 139926602507968 "GET /health/ HTTP/1.1" 200 2
INFO 2025-08-16 12:02:44,952 basehttp 7 139926602507968 "GET /health/ HTTP/1.1" 200 2
INFO 2025-08-16 12:03:15,011 basehttp 7 139926602507968 "GET /health/ HTTP/1.1" 200 2
INFO 2025-08-16 12:03:45,076 basehttp 7 139926602507968 "GET /health/ HTTP/1.1" 200 2
INFO 2025-08-16 12:04:15,125 basehttp 7 139926602507968 "GET /health/ HTTP/1.1" 200 2
INFO 2025-08-16 12:04:45,185 basehttp 7 139926602507968 "GET /health/ HTTP/1.1" 200 2
WARNING 2025-08-16 12:05:01,574 basehttp 7 139926611949248 "GET /static/images/category-electronics.png HTTP/1.1" 404 1907
WARNING 2025-08-16 12:05:01,580 basehttp 7 139926602507968 "GET /static/images/category-clothing.png HTTP/1.1" 404 1898
WARNING 2025-08-16 12:05:01,586 basehttp 7 139926594115264 "GET /static/images/category-sports.png HTTP/1.1" 404 1892
WARNING 2025-08-16 12:05:01,588 basehttp 7 139926585722560 "GET /static/images/category-home.png HTTP/1.1" 404 1886
WARNING 2025-08-16 12:05:01,589 basehttp 7 139926832150208 "GET /static/images/category-fashion.png HTTP/1.1" 404 1895
WARNING 2025-08-16 12:05:01,592 basehttp 7 139926823757504 "GET /static/images/category-books.png HTTP/1.1" 404 1889
WARNING 2025-08-16 12:05:01,614 basehttp 7 139926611949248 "GET /static/images/products/macbook-air-m2.jpg HTTP/1.1" 404 1916
WARNING 2025-08-16 12:05:01,623 basehttp 7 139926602507968 "GET /static/images/products/dell-xps-13.jpg HTTP/1.1" 404 1907
WARNING 2025-08-16 12:05:01,628 basehttp 7 139926594115264 "GET /static/images/products/adidas-ultraboost-22.jpg HTTP/1.1" 404 1934
WARNING 2025-08-16 12:05:01,629 basehttp 7 139926585722560 "GET /static/images/products/nike-air-max-270.jpg HTTP/1.1" 404 1922
WARNING 2025-08-16 12:05:01,757 log 7 139926585722560 Not Found: /sw.js
WARNING 2025-08-16 12:05:01,758 basehttp 7 139926585722560 "GET /sw.js HTTP/1.1" 404 3834
INFO 2025-08-16 12:05:15,247 basehttp 7 139926594115264 "GET /health/ HTTP/1.1" 200 2
INFO 2025-08-16 12:05:45,301 basehttp 7 139926594115264 "GET /health/ HTTP/1.1" 200 2
INFO 2025-08-16 12:06:15,365 basehttp 7 139926594115264 "GET /health/ HTTP/1.1" 200 2
INFO 2025-08-16 12:06:37,823 basehttp 7 139926585722560 "GET /products/?featured=true HTTP/1.1" 200 91734
WARNING 2025-08-16 12:06:37,876 basehttp 7 139926585722560 "GET /static/images/category-electronics.png HTTP/1.1" 404 1907
WARNING 2025-08-16 12:06:37,882 basehttp 7 139926594115264 "GET /static/images/category-clothing.png HTTP/1.1" 404 1898
WARNING 2025-08-16 12:06:37,894 basehttp 7 139926602507968 "GET /static/images/category-home.png HTTP/1.1" 404 1886
WARNING 2025-08-16 12:06:37,923 basehttp 7 139926585722560 "GET /static/images/category-sports.png HTTP/1.1" 404 1892
WARNING 2025-08-16 12:06:37,931 basehttp 7 139926594115264 "GET /static/images/category-books.png HTTP/1.1" 404 1889
WARNING 2025-08-16 12:06:37,943 basehttp 7 139926602507968 "GET /static/images/products/macbook-air-m2.jpg HTTP/1.1" 404 1916
WARNING 2025-08-16 12:06:37,945 basehttp 7 139926823757504 "GET /static/images/category-fashion.png HTTP/1.1" 404 1895
WARNING 2025-08-16 12:06:37,988 basehttp 7 139926585722560 "GET /static/images/products/dell-xps-13.jpg HTTP/1.1" 404 1907
WARNING 2025-08-16 12:06:37,991 basehttp 7 139926832150208 "GET /static/images/products/adidas-ultraboost-22.jpg HTTP/1.1" 404 1934
WARNING 2025-08-16 12:06:37,996 basehttp 7 139926611949248 "GET /static/images/products/nike-air-max-270.jpg HTTP/1.1" 404 1922
WARNING 2025-08-16 12:06:38,020 log 7 139926594115264 Not Found: /media/product_images/133941915096699689.jpg
WARNING 2025-08-16 12:06:38,022 basehttp 7 139926594115264 "GET /media/product_images/133941915096699689.jpg HTTP/1.1" 404 4158
WARNING 2025-08-16 12:06:38,071 log 7 139926594115264 Not Found: /sw.js
WARNING 2025-08-16 12:06:38,073 basehttp 7 139926594115264 "GET /sw.js HTTP/1.1" 404 3834
INFO 2025-08-16 12:06:45,411 basehttp 7 139926611949248 "GET /health/ HTTP/1.1" 200 2
INFO 2025-08-16 12:07:06,476 autoreload 7 140041743256448 Watching for file changes with StatReloader
